{
  "filename": "tmp0poj4s9z.py",
  "language": "python",
  "classes": [
    {
      "name": "LLMIntegration",
      "line_start": 11,
      "methods": [
        {
          "name": "__init__",
          "calls": [
            "getenv"
          ],
          "line_start": 14,
          "parameters": []
        },
        {
          "name": "get_diagram_explanation",
          "calls": [
            "get",
            "time",
            "_make_api_call",
            "sum",
            "len"
          ],
          "line_start": 20,
          "parameters": [
            "code_structure",
            "graphviz_code"
          ]
        },
        {
          "name": "get_code_response",
          "calls": [
            "time",
            "_make_api_call",
            "len",
            "get"
          ],
          "line_start": 48,
          "parameters": [
            "question",
            "source_code",
            "code_structure"
          ]
        },
        {
          "name": "_make_api_call",
          "calls": [
            "raise_for_status",
            "json",
            "join",
            "time",
            "post",
            "split",
            "strip",
            "len"
          ],
          "line_start": 76,
          "parameters": [
            "prompt"
          ]
        }
      ],
      "attributes": [],
      "bases": []
    }
  ],
  "functions": [
    {
      "name": "get_detailed_diagram_explanation",
      "line_start": 128,
      "calls": [
        "get_diagram_explanation"
      ],
      "parameters": [
        "code_structure",
        "graphviz_code"
      ]
    },
    {
      "name": "get_code_analysis_response",
      "line_start": 135,
      "calls": [
        "get_code_response"
      ],
      "parameters": [
        "question",
        "source_code",
        "code_structure"
      ]
    },
    {
      "name": "is_api_available",
      "line_start": 142,
      "calls": [
        "bool"
      ],
      "parameters": []
    }
  ],
  "imports": [
    {
      "name": "os",
      "alias": null
    },
    {
      "name": "requests",
      "alias": null
    },
    {
      "name": "time",
      "alias": null
    },
    {
      "name": "dotenv.load_dotenv",
      "alias": null,
      "module": "dotenv"
    },
    {
      "name": "typing.Dict",
      "alias": null,
      "module": "typing"
    },
    {
      "name": "typing.Any",
      "alias": null,
      "module": "typing"
    }
  ],
  "global_variables": [
    "llm"
  ],
  "structure": [
    {
      "type": "class",
      "name": "LLMIntegration",
      "line": 11
    },
    {
      "type": "function",
      "name": "get_detailed_diagram_explanation",
      "line": 128
    },
    {
      "type": "function",
      "name": "get_code_analysis_response",
      "line": 135
    },
    {
      "type": "function",
      "name": "is_api_available",
      "line": 142
    }
  ],
  "basic_metrics": {
    "total_classes": 1,
    "total_functions": 3,
    "total_imports": 6,
    "total_methods": 4,
    "language": "python"
  },
  "import_analysis": {
    "standard_library": [
      "os",
      "requests",
      "typing.Dict",
      "typing.Any"
    ],
    "third_party": [
      "dotenv.load_dotenv"
    ],
    "internal": [
      "time"
    ],
    "total_count": 6
  },
  "class_hierarchy": {
    "root_classes": [
      "LLMIntegration"
    ],
    "inheritance_chains": [],
    "interfaces": [],
    "abstract_classes": []
  },
  "call_graph": {
    "nodes": {
      "class:LLMIntegration": {
        "type": "class",
        "name": "LLMIntegration",
        "methods": [
          "method:LLMIntegration.__init__",
          "method:LLMIntegration.get_diagram_explanation",
          "method:LLMIntegration.get_code_response",
          "method:LLMIntegration._make_api_call"
        ]
      },
      "method:LLMIntegration.__init__": {
        "type": "method",
        "class": "LLMIntegration",
        "name": "__init__",
        "calls": [
          "getenv"
        ]
      },
      "method:LLMIntegration.get_diagram_explanation": {
        "type": "method",
        "class": "LLMIntegration",
        "name": "get_diagram_explanation",
        "calls": [
          "get",
          "time",
          "_make_api_call",
          "sum",
          "len"
        ]
      },
      "method:LLMIntegration.get_code_response": {
        "type": "method",
        "class": "LLMIntegration",
        "name": "get_code_response",
        "calls": [
          "time",
          "_make_api_call",
          "len",
          "get"
        ]
      },
      "method:LLMIntegration._make_api_call": {
        "type": "method",
        "class": "LLMIntegration",
        "name": "_make_api_call",
        "calls": [
          "raise_for_status",
          "json",
          "join",
          "time",
          "post",
          "split",
          "strip",
          "len"
        ]
      },
      "function:get_detailed_diagram_explanation": {
        "type": "function",
        "name": "get_detailed_diagram_explanation",
        "calls": [
          "get_diagram_explanation"
        ]
      },
      "function:get_code_analysis_response": {
        "type": "function",
        "name": "get_code_analysis_response",
        "calls": [
          "get_code_response"
        ]
      },
      "function:is_api_available": {
        "type": "function",
        "name": "is_api_available",
        "calls": [
          "bool"
        ]
      }
    },
    "edges": [
      {
        "source": "method:LLMIntegration.get_diagram_explanation",
        "target": "method:LLMIntegration._make_api_call",
        "type": "calls"
      },
      {
        "source": "method:LLMIntegration.get_code_response",
        "target": "method:LLMIntegration._make_api_call",
        "type": "calls"
      },
      {
        "source": "function:get_detailed_diagram_explanation",
        "target": "method:LLMIntegration.get_diagram_explanation",
        "type": "calls"
      },
      {
        "source": "function:get_code_analysis_response",
        "target": "method:LLMIntegration.get_code_response",
        "type": "calls"
      }
    ],
    "entry_points": [],
    "external_calls": []
  },
  "relationships": {
    "inheritance": [],
    "composition": [],
    "association": [],
    "dependency": []
  },
  "complexity_analysis": {
    "class_metrics": {
      "LLMIntegration": {
        "method_count": 4,
        "attribute_count": 0,
        "field_count": 0,
        "complexity_score": 8
      }
    },
    "method_metrics": {},
    "overall_metrics": {
      "total_classes": 1,
      "total_methods": 4,
      "total_functions": 3,
      "average_methods_per_class": 4.0,
      "total_imports": 6
    }
  },
  "structure_summary": {
    "total_components": 4,
    "architecture_type": "Single-Class",
    "main_components": [
      "LLMIntegration"
    ],
    "complexity_level": "Simple"
  }
}