{
  "filename": "tmp0_taub0t.py",
  "language": "python",
  "classes": [
    {
      "name": "Config",
      "line_start": 26,
      "methods": [
        {
          "name": "__init__",
          "calls": [],
          "line_start": 31
        },
        {
          "name": "validate_config",
          "calls": [
            "ValueError"
          ],
          "line_start": 48
        }
      ],
      "attributes": []
    },
    {
      "name": "DocumentProcessor",
      "line_start": 167,
      "methods": [
        {
          "name": "__init__",
          "calls": [],
          "line_start": 173
        },
        {
          "name": "load_document",
          "calls": [
            "PyPDFLoader",
            "_clean_text",
            "read",
            "join",
            "open",
            "splitext",
            "Exception",
            "lower",
            "str",
            "load",
            "ValueError",
            "process"
          ],
          "line_start": 177
        },
        {
          "name": "_clean_text",
          "calls": [
            "strip",
            "sub"
          ],
          "line_start": 199
        },
        {
          "name": "chunk_document",
          "calls": [
            "split_text",
            "Document",
            "RecursiveCharacterTextSplitter",
            "strip",
            "ValueError"
          ],
          "line_start": 211
        }
      ],
      "attributes": []
    },
    {
      "name": "VectorStoreManager",
      "line_start": 234,
      "methods": [
        {
          "name": "__init__",
          "calls": [
            "str",
            "HuggingFaceEmbeddings",
            "RuntimeError"
          ],
          "line_start": 239
        },
        {
          "name": "create_vector_store",
          "calls": [
            "RuntimeError",
            "str",
            "from_documents",
            "ValueError",
            "len"
          ],
          "line_start": 250
        }
      ],
      "attributes": []
    },
    {
      "name": "PolicySummarizer",
      "line_start": 267,
      "methods": [
        {
          "name": "__init__",
          "calls": [
            "ChatGroq"
          ],
          "line_start": 273
        },
        {
          "name": "summarize_document",
          "calls": [
            "LLMChain",
            "PromptTemplate",
            "strip",
            "run",
            "str"
          ],
          "line_start": 280
        }
      ],
      "attributes": []
    },
    {
      "name": "PolicyQASystem",
      "line_start": 326,
      "methods": [
        {
          "name": "__init__",
          "calls": [
            "ChatGroq",
            "as_retriever",
            "ValueError",
            "_create_qa_chain"
          ],
          "line_start": 332
        },
        {
          "name": "_create_qa_chain",
          "calls": [
            "PromptTemplate",
            "from_chain_type",
            "strip"
          ],
          "line_start": 348
        },
        {
          "name": "ask_question",
          "calls": [
            "invoke",
            "str",
            "get",
            "strip"
          ],
          "line_start": 381
        }
      ],
      "attributes": []
    },
    {
      "name": "StudyFlashcardGenerator",
      "line_start": 400,
      "methods": [
        {
          "name": "__init__",
          "calls": [
            "PromptTemplate",
            "ChatGroq",
            "LLMChain",
            "strip"
          ],
          "line_start": 405
        },
        {
          "name": "generate_flashcards",
          "calls": [
            "run",
            "str",
            "strip"
          ],
          "line_start": 439
        }
      ],
      "attributes": []
    },
    {
      "name": "QuizGenerator",
      "line_start": 456,
      "methods": [
        {
          "name": "__init__",
          "calls": [
            "Groq"
          ],
          "line_start": 462
        },
        {
          "name": "_generate_quiz_prompt",
          "calls": [],
          "line_start": 467
        },
        {
          "name": "generate_quiz",
          "calls": [
            "create",
            "find",
            "append",
            "startswith",
            "error",
            "loads",
            "strip",
            "_generate_quiz_prompt",
            "enumerate",
            "isinstance",
            "str",
            "locals",
            "warning",
            "get",
            "rfind",
            "endswith",
            "code",
            "info"
          ],
          "line_start": 506
        }
      ],
      "attributes": []
    },
    {
      "name": "PolicyExplainerApp",
      "line_start": 817,
      "methods": [
        {
          "name": "__init__",
          "calls": [
            "DocumentProcessor",
            "VectorStoreManager",
            "setup_page",
            "initialize_session_state"
          ],
          "line_start": 824
        },
        {
          "name": "setup_page",
          "calls": [
            "set_page_config",
            "markdown"
          ],
          "line_start": 831
        },
        {
          "name": "initialize_session_state",
          "calls": [
            "items"
          ],
          "line_start": 841
        },
        {
          "name": "process_uploaded_document",
          "calls": [
            "NamedTemporaryFile",
            "chunk_document",
            "error",
            "exists",
            "splitext",
            "lower",
            "unlink",
            "summarize_document",
            "str",
            "load_document",
            "write",
            "PolicySummarizer",
            "spinner",
            "create_vector_store",
            "getvalue"
          ],
          "line_start": 862
        },
        {
          "name": "render_upload_section",
          "calls": [
            "button",
            "rerun",
            "file_uploader",
            "lower",
            "process_uploaded_document",
            "success",
            "header"
          ],
          "line_start": 900
        },
        {
          "name": "render_summary_and_questions",
          "calls": [
            "columns",
            "button",
            "generate_flashcards",
            "StudyFlashcardGenerator",
            "append",
            "markdown",
            "rerun",
            "error",
            "lower",
            "str",
            "success",
            "text_input",
            "PolicyQASystem",
            "spinner",
            "ask_question"
          ],
          "line_start": 917
        },
        {
          "name": "render_professional_tab",
          "calls": [
            "columns",
            "render_summary_and_questions",
            "button",
            "rerun",
            "markdown",
            "render_upload_section",
            "success",
            "header"
          ],
          "line_start": 1024
        },
        {
          "name": "render_fresher_tab",
          "calls": [
            "columns",
            "render_summary_and_questions",
            "button",
            "rerun",
            "markdown",
            "render_upload_section",
            "success",
            "header"
          ],
          "line_start": 1050
        },
        {
          "name": "run",
          "calls": [
            "markdown",
            "caption",
            "tabs",
            "render_professional_tab",
            "render_fresher_tab",
            "quick_notes_page",
            "quiz_page",
            "title"
          ],
          "line_start": 1078
        }
      ],
      "attributes": []
    }
  ],
  "functions": [],
  "imports": [
    "streamlit",
    "os",
    "tempfile",
    "json",
    "typing.List",
    "typing.Dict",
    "typing.Any",
    "langchain.text_splitter.RecursiveCharacterTextSplitter",
    "langchain.schema.Document",
    "langchain.chains.LLMChain",
    "langchain.chains.RetrievalQA",
    "langchain.prompts.PromptTemplate",
    "langchain_community.vectorstores.FAISS",
    "langchain_community.embeddings.HuggingFaceEmbeddings",
    "langchain_community.document_loaders.PyPDFLoader",
    "langchain_community.document_loaders.Docx2txtLoader",
    "langchain_community.document_loaders.TextLoader",
    "langchain_groq.ChatGroq",
    "groq.Groq",
    "docx2txt",
    "re"
  ],
  "global_variables": [],
  "structure": [
    {
      "type": "class",
      "name": "Config",
      "line": 26
    },
    {
      "type": "class",
      "name": "DocumentProcessor",
      "line": 167
    },
    {
      "type": "class",
      "name": "VectorStoreManager",
      "line": 234
    },
    {
      "type": "class",
      "name": "PolicySummarizer",
      "line": 267
    },
    {
      "type": "class",
      "name": "PolicyQASystem",
      "line": 326
    },
    {
      "type": "class",
      "name": "StudyFlashcardGenerator",
      "line": 400
    },
    {
      "type": "class",
      "name": "QuizGenerator",
      "line": 456
    },
    {
      "type": "class",
      "name": "PolicyExplainerApp",
      "line": 817
    }
  ]
}