{
  "filename": "tmp0ry5inia.py",
  "language": "python",
  "classes": [
    {
      "name": "LLMIntegration",
      "line_start": 11,
      "methods": [
        {
          "name": "__init__",
          "calls": [
            "getenv"
          ],
          "line_start": 14,
          "parameters": []
        },
        {
          "name": "get_diagram_explanation",
          "calls": [
            "get",
            "time",
            "_make_api_call",
            "sum",
            "len"
          ],
          "line_start": 20,
          "parameters": [
            "code_structure",
            "graphviz_code"
          ]
        },
        {
          "name": "get_code_response",
          "calls": [
            "time",
            "_make_api_call",
            "len",
            "get"
          ],
          "line_start": 48,
          "parameters": [
            "question",
            "source_code",
            "code_structure"
          ]
        },
        {
          "name": "_make_api_call",
          "calls": [
            "raise_for_status",
            "json",
            "join",
            "time",
            "post",
            "split",
            "strip",
            "len"
          ],
          "line_start": 76,
          "parameters": [
            "prompt"
          ]
        }
      ],
      "attributes": [],
      "bases": []
    }
  ],
  "functions": [
    {
      "name": "get_detailed_diagram_explanation",
      "line_start": 128,
      "calls": [
        "get_diagram_explanation"
      ],
      "parameters": [
        "code_structure",
        "graphviz_code"
      ]
    },
    {
      "name": "get_code_analysis_response",
      "line_start": 135,
      "calls": [
        "get_code_response"
      ],
      "parameters": [
        "question",
        "source_code",
        "code_structure"
      ]
    },
    {
      "name": "is_api_available",
      "line_start": 142,
      "calls": [
        "bool"
      ],
      "parameters": []
    }
  ],
  "imports": [
    {
      "name": "os",
      "alias": null
    },
    {
      "name": "requests",
      "alias": null
    },
    {
      "name": "time",
      "alias": null
    },
    {
      "name": "dotenv.load_dotenv",
      "alias": null,
      "module": "dotenv"
    },
    {
      "name": "typing.Dict",
      "alias": null,
      "module": "typing"
    },
    {
      "name": "typing.Any",
      "alias": null,
      "module": "typing"
    }
  ],
  "global_variables": [
    "llm"
  ],
  "structure": [
    {
      "type": "class",
      "name": "LLMIntegration",
      "line": 11
    },
    {
      "type": "function",
      "name": "get_detailed_diagram_explanation",
      "line": 128
    },
    {
      "type": "function",
      "name": "get_code_analysis_response",
      "line": 135
    },
    {
      "type": "function",
      "name": "is_api_available",
      "line": 142
    }
  ]
}