{
  "filename": "tmp0mshy_br.py",
  "language": "python",
  "classes": [],
  "functions": [],
  "imports": [
    {
      "name": "types",
      "alias": null
    }
  ],
  "global_variables": [
    "code_str",
    "compiled",
    "namespace",
    "add_func"
  ],
  "structure": [],
  "basic_metrics": {
    "total_classes": 0,
    "total_functions": 0,
    "total_imports": 1,
    "total_methods": 0,
    "language": "python"
  },
  "import_analysis": {
    "standard_library": [],
    "third_party": [],
    "internal": [
      "types"
    ],
    "total_count": 1
  },
  "class_hierarchy": {
    "root_classes": [],
    "inheritance_chains": [],
    "interfaces": [],
    "abstract_classes": []
  },
  "call_graph": {
    "nodes": {},
    "edges": [],
    "entry_points": [],
    "external_calls": []
  },
  "relationships": {
    "inheritance": [],
    "composition": [],
    "association": [],
    "dependency": []
  },
  "complexity_analysis": {
    "class_metrics": {},
    "method_metrics": {},
    "overall_metrics": {
      "total_classes": 0,
      "total_methods": 0,
      "total_functions": 0,
      "average_methods_per_class": 0,
      "total_imports": 1
    }
  },
  "structure_summary": {
    "total_components": 0,
    "architecture_type": "Script",
    "main_components": [],
    "complexity_level": "Very Simple"
  }
}