{
  "filename": "tmp27ljmtec.py",
  "language": "python",
  "classes": [
    {
      "name": "DiagramStyle",
      "line_start": 17,
      "methods": [
        {
          "name": "__post_init__",
          "calls": [],
          "line_start": 29,
          "parameters": []
        }
      ],
      "attributes": [],
      "bases": []
    },
    {
      "name": "DiagramConfig",
      "line_start": 49,
      "methods": [],
      "attributes": [],
      "bases": []
    },
    {
      "name": "DiagramGenerator",
      "line_start": 63,
      "methods": [
        {
          "name": "__init__",
          "calls": [
            "DiagramStyle",
            "DiagramConfig"
          ],
          "line_start": 68,
          "parameters": []
        },
        {
          "name": "generate_diagram",
          "calls": [
            "str",
            "_generate_fallback_diagram",
            "time",
            "_generate_diagram_cache_key",
            "_generate_with_llm_optimized",
            "print",
            "_generate_rule_based_optimized"
          ],
          "line_start": 76,
          "parameters": [
            "analysis_data",
            "output_format",
            "use_llm"
          ]
        },
        {
          "name": "_generate_diagram_cache_key",
          "calls": [
            "hash",
            "get",
            "str",
            "join"
          ],
          "line_start": 126,
          "parameters": [
            "analysis_data",
            "output_format",
            "use_llm"
          ]
        },
        {
          "name": "_generate_with_llm_optimized",
          "calls": [
            "_build_rule_based_diagram_optimized",
            "_validate_and_clean_graphviz_code",
            "generate_diagram_with_llm",
            "_render_diagram_optimized",
            "print"
          ],
          "line_start": 144,
          "parameters": [
            "analysis_data",
            "output_format",
            "cache_key"
          ]
        },
        {
          "name": "_generate_rule_based_optimized",
          "calls": [
            "_render_diagram_optimized",
            "_build_rule_based_diagram_optimized"
          ],
          "line_start": 171,
          "parameters": [
            "analysis_data",
            "output_format",
            "cache_key"
          ]
        },
        {
          "name": "_build_rule_based_diagram_optimized",
          "calls": [
            "join",
            "_create_nodes_optimized",
            "append",
            "_filter_important_relationships",
            "_create_module_subgraphs_optimized",
            "_create_edges_optimized",
            "_save_dot_source_optimized",
            "_build_node_set",
            "len",
            "extend",
            "get"
          ],
          "line_start": 182,
          "parameters": [
            "analysis_data"
          ]
        },
        {
          "name": "_build_node_set",
          "calls": [
            "keys",
            "get",
            "add",
            "set"
          ],
          "line_start": 229,
          "parameters": [
            "original_structure",
            "call_graph"
          ]
        },
        {
          "name": "_filter_important_relationships",
          "calls": [
            "sort",
            "append",
            "_calculate_relationship_score"
          ],
          "line_start": 250,
          "parameters": [
            "relationships"
          ]
        },
        {
          "name": "_calculate_relationship_score",
          "calls": [
            "get"
          ],
          "line_start": 262,
          "parameters": [
            "relationship"
          ]
        },
        {
          "name": "_create_nodes_optimized",
          "calls": [
            "_create_function_node_optimized",
            "len",
            "_create_call_graph_node_optimized",
            "add",
            "_should_include_class",
            "items",
            "_is_important_node",
            "extend",
            "_create_class_node_optimized",
            "_should_include_function",
            "get",
            "set"
          ],
          "line_start": 278,
          "parameters": [
            "original_structure",
            "call_graph",
            "node_set"
          ]
        },
        {
          "name": "_create_class_node_optimized",
          "calls": [
            "join",
            "append",
            "len",
            "_should_include_method",
            "get"
          ],
          "line_start": 321,
          "parameters": [
            "cls"
          ]
        },
        {
          "name": "_create_function_node_optimized",
          "calls": [
            "join",
            "get",
            "len"
          ],
          "line_start": 362,
          "parameters": [
            "func"
          ]
        },
        {
          "name": "_create_call_graph_node_optimized",
          "calls": [
            "join",
            "get",
            "split",
            "len"
          ],
          "line_start": 385,
          "parameters": [
            "node_name",
            "node_data"
          ]
        },
        {
          "name": "_create_edges_optimized",
          "calls": [
            "_get_edge_style_optimized",
            "append",
            "_build_edge_attributes",
            "join"
          ],
          "line_start": 408,
          "parameters": [
            "relationships",
            "node_set"
          ]
        },
        {
          "name": "_build_edge_attributes",
          "calls": [
            "get",
            "append",
            "max",
            "min"
          ],
          "line_start": 435,
          "parameters": [
            "rel",
            "edge_style"
          ]
        },
        {
          "name": "_create_module_subgraphs_optimized",
          "calls": [
            "defaultdict",
            "append",
            "_extract_module_name",
            "replace",
            "len",
            "dict",
            "items",
            "extend",
            "get"
          ],
          "line_start": 451,
          "parameters": [
            "original_structure"
          ]
        },
        {
          "name": "_get_edge_style_optimized",
          "calls": [
            "get"
          ],
          "line_start": 484,
          "parameters": [
            "relationship_type"
          ]
        },
        {
          "name": "_should_include_class",
          "calls": [
            "get"
          ],
          "line_start": 520,
          "parameters": [
            "cls"
          ]
        },
        {
          "name": "_should_include_function",
          "calls": [
            "get"
          ],
          "line_start": 526,
          "parameters": [
            "func"
          ]
        },
        {
          "name": "_should_include_method",
          "calls": [
            "get"
          ],
          "line_start": 532,
          "parameters": [
            "method"
          ]
        },
        {
          "name": "_is_important_node",
          "calls": [
            "get",
            "len"
          ],
          "line_start": 538,
          "parameters": [
            "node_name",
            "node_data"
          ]
        },
        {
          "name": "_extract_module_name",
          "calls": [
            "rsplit"
          ],
          "line_start": 550,
          "parameters": [
            "class_name"
          ]
        },
        {
          "name": "_validate_and_clean_graphviz_code",
          "calls": [
            "sub",
            "strip",
            "startswith"
          ],
          "line_start": 556,
          "parameters": [
            "dot_source"
          ]
        },
        {
          "name": "_render_diagram_optimized",
          "calls": [
            "mkdir",
            "render",
            "append",
            "RuntimeError",
            "_save_dot_source_optimized",
            "Source",
            "str",
            "Path",
            "exists"
          ],
          "line_start": 573,
          "parameters": [
            "dot_source",
            "analysis_data",
            "output_format",
            "cache_key"
          ]
        },
        {
          "name": "_save_dot_source_optimized",
          "calls": [
            "Path",
            "mkdir",
            "open",
            "write"
          ],
          "line_start": 624,
          "parameters": [
            "dot_source",
            "analysis_data",
            "base_name"
          ]
        },
        {
          "name": "_generate_fallback_diagram",
          "calls": [
            "_render_diagram_optimized"
          ],
          "line_start": 643,
          "parameters": [
            "analysis_data",
            "output_format",
            "error"
          ]
        },
        {
          "name": "set_style",
          "calls": [
            "DiagramStyle"
          ],
          "line_start": 670,
          "parameters": [
            "style_name"
          ]
        },
        {
          "name": "set_config",
          "calls": [
            "items",
            "hasattr",
            "setattr"
          ],
          "line_start": 674,
          "parameters": []
        },
        {
          "name": "clear_cache",
          "calls": [
            "clear"
          ],
          "line_start": 680,
          "parameters": []
        }
      ],
      "attributes": [],
      "bases": []
    }
  ],
  "functions": [
    {
      "name": "generate_diagram",
      "line_start": 744,
      "calls": [
        "DiagramGenerator",
        "generate_diagram",
        "set_style"
      ],
      "parameters": [
        "analysis_data",
        "output_format",
        "style",
        "use_llm"
      ]
    },
    {
      "name": "get_available_styles",
      "line_start": 761,
      "calls": [
        "list",
        "keys"
      ],
      "parameters": []
    }
  ],
  "imports": [
    {
      "name": "os",
      "alias": null
    },
    {
      "name": "re",
      "alias": null
    },
    {
      "name": "pathlib.Path",
      "alias": null,
      "module": "pathlib"
    },
    {
      "name": "typing.Dict",
      "alias": null,
      "module": "typing"
    },
    {
      "name": "typing.List",
      "alias": null,
      "module": "typing"
    },
    {
      "name": "typing.Any",
      "alias": null,
      "module": "typing"
    },
    {
      "name": "typing.Optional",
      "alias": null,
      "module": "typing"
    },
    {
      "name": "typing.Tuple",
      "alias": null,
      "module": "typing"
    },
    {
      "name": "dataclasses.dataclass",
      "alias": null,
      "module": "dataclasses"
    },
    {
      "name": "dataclasses.asdict",
      "alias": null,
      "module": "dataclasses"
    },
    {
      "name": "graphviz",
      "alias": null
    },
    {
      "name": "llm_integration.generate_diagram_with_llm",
      "alias": null,
      "module": "llm_integration"
    },
    {
      "name": "time",
      "alias": null
    }
  ],
  "global_variables": [
    "PREDEFINED_STYLES"
  ],
  "structure": [
    {
      "type": "class",
      "name": "DiagramStyle",
      "line": 17
    },
    {
      "type": "class",
      "name": "DiagramConfig",
      "line": 49
    },
    {
      "type": "class",
      "name": "DiagramGenerator",
      "line": 63
    },
    {
      "type": "function",
      "name": "generate_diagram",
      "line": 744
    },
    {
      "type": "function",
      "name": "get_available_styles",
      "line": 761
    }
  ],
  "basic_metrics": {
    "total_classes": 3,
    "total_functions": 2,
    "total_imports": 13,
    "total_methods": 30,
    "language": "python"
  },
  "import_analysis": {
    "standard_library": [
      "os",
      "re",
      "pathlib.Path",
      "typing.Dict",
      "typing.List",
      "typing.Any",
      "typing.Optional",
      "typing.Tuple"
    ],
    "third_party": [
      "dataclasses.dataclass",
      "dataclasses.asdict",
      "llm_integration.generate_diagram_with_llm"
    ],
    "internal": [
      "graphviz",
      "time"
    ],
    "total_count": 13
  },
  "class_hierarchy": {
    "root_classes": [
      "DiagramStyle",
      "DiagramConfig",
      "DiagramGenerator"
    ],
    "inheritance_chains": [],
    "interfaces": [],
    "abstract_classes": []
  },
  "call_graph": {
    "nodes": {
      "class:DiagramStyle": {
        "type": "class",
        "name": "DiagramStyle",
        "methods": [
          "method:DiagramStyle.__post_init__"
        ]
      },
      "method:DiagramStyle.__post_init__": {
        "type": "method",
        "class": "DiagramStyle",
        "name": "__post_init__",
        "calls": []
      },
      "class:DiagramConfig": {
        "type": "class",
        "name": "DiagramConfig",
        "methods": []
      },
      "class:DiagramGenerator": {
        "type": "class",
        "name": "DiagramGenerator",
        "methods": [
          "method:DiagramGenerator.__init__",
          "method:DiagramGenerator.generate_diagram",
          "method:DiagramGenerator._generate_diagram_cache_key",
          "method:DiagramGenerator._generate_with_llm_optimized",
          "method:DiagramGenerator._generate_rule_based_optimized",
          "method:DiagramGenerator._build_rule_based_diagram_optimized",
          "method:DiagramGenerator._build_node_set",
          "method:DiagramGenerator._filter_important_relationships",
          "method:DiagramGenerator._calculate_relationship_score",
          "method:DiagramGenerator._create_nodes_optimized",
          "method:DiagramGenerator._create_class_node_optimized",
          "method:DiagramGenerator._create_function_node_optimized",
          "method:DiagramGenerator._create_call_graph_node_optimized",
          "method:DiagramGenerator._create_edges_optimized",
          "method:DiagramGenerator._build_edge_attributes",
          "method:DiagramGenerator._create_module_subgraphs_optimized",
          "method:DiagramGenerator._get_edge_style_optimized",
          "method:DiagramGenerator._should_include_class",
          "method:DiagramGenerator._should_include_function",
          "method:DiagramGenerator._should_include_method",
          "method:DiagramGenerator._is_important_node",
          "method:DiagramGenerator._extract_module_name",
          "method:DiagramGenerator._validate_and_clean_graphviz_code",
          "method:DiagramGenerator._render_diagram_optimized",
          "method:DiagramGenerator._save_dot_source_optimized",
          "method:DiagramGenerator._generate_fallback_diagram",
          "method:DiagramGenerator.set_style",
          "method:DiagramGenerator.set_config",
          "method:DiagramGenerator.clear_cache"
        ]
      },
      "method:DiagramGenerator.__init__": {
        "type": "method",
        "class": "DiagramGenerator",
        "name": "__init__",
        "calls": [
          "DiagramStyle",
          "DiagramConfig"
        ]
      },
      "method:DiagramGenerator.generate_diagram": {
        "type": "method",
        "class": "DiagramGenerator",
        "name": "generate_diagram",
        "calls": [
          "str",
          "_generate_fallback_diagram",
          "time",
          "_generate_diagram_cache_key",
          "_generate_with_llm_optimized",
          "print",
          "_generate_rule_based_optimized"
        ]
      },
      "method:DiagramGenerator._generate_diagram_cache_key": {
        "type": "method",
        "class": "DiagramGenerator",
        "name": "_generate_diagram_cache_key",
        "calls": [
          "hash",
          "get",
          "str",
          "join"
        ]
      },
      "method:DiagramGenerator._generate_with_llm_optimized": {
        "type": "method",
        "class": "DiagramGenerator",
        "name": "_generate_with_llm_optimized",
        "calls": [
          "_build_rule_based_diagram_optimized",
          "_validate_and_clean_graphviz_code",
          "generate_diagram_with_llm",
          "_render_diagram_optimized",
          "print"
        ]
      },
      "method:DiagramGenerator._generate_rule_based_optimized": {
        "type": "method",
        "class": "DiagramGenerator",
        "name": "_generate_rule_based_optimized",
        "calls": [
          "_render_diagram_optimized",
          "_build_rule_based_diagram_optimized"
        ]
      },
      "method:DiagramGenerator._build_rule_based_diagram_optimized": {
        "type": "method",
        "class": "DiagramGenerator",
        "name": "_build_rule_based_diagram_optimized",
        "calls": [
          "join",
          "_create_nodes_optimized",
          "append",
          "_filter_important_relationships",
          "_create_module_subgraphs_optimized",
          "_create_edges_optimized",
          "_save_dot_source_optimized",
          "_build_node_set",
          "len",
          "extend",
          "get"
        ]
      },
      "method:DiagramGenerator._build_node_set": {
        "type": "method",
        "class": "DiagramGenerator",
        "name": "_build_node_set",
        "calls": [
          "keys",
          "get",
          "add",
          "set"
        ]
      },
      "method:DiagramGenerator._filter_important_relationships": {
        "type": "method",
        "class": "DiagramGenerator",
        "name": "_filter_important_relationships",
        "calls": [
          "sort",
          "append",
          "_calculate_relationship_score"
        ]
      },
      "method:DiagramGenerator._calculate_relationship_score": {
        "type": "method",
        "class": "DiagramGenerator",
        "name": "_calculate_relationship_score",
        "calls": [
          "get"
        ]
      },
      "method:DiagramGenerator._create_nodes_optimized": {
        "type": "method",
        "class": "DiagramGenerator",
        "name": "_create_nodes_optimized",
        "calls": [
          "_create_function_node_optimized",
          "len",
          "_create_call_graph_node_optimized",
          "add",
          "_should_include_class",
          "items",
          "_is_important_node",
          "extend",
          "_create_class_node_optimized",
          "_should_include_function",
          "get",
          "set"
        ]
      },
      "method:DiagramGenerator._create_class_node_optimized": {
        "type": "method",
        "class": "DiagramGenerator",
        "name": "_create_class_node_optimized",
        "calls": [
          "join",
          "append",
          "len",
          "_should_include_method",
          "get"
        ]
      },
      "method:DiagramGenerator._create_function_node_optimized": {
        "type": "method",
        "class": "DiagramGenerator",
        "name": "_create_function_node_optimized",
        "calls": [
          "join",
          "get",
          "len"
        ]
      },
      "method:DiagramGenerator._create_call_graph_node_optimized": {
        "type": "method",
        "class": "DiagramGenerator",
        "name": "_create_call_graph_node_optimized",
        "calls": [
          "join",
          "get",
          "split",
          "len"
        ]
      },
      "method:DiagramGenerator._create_edges_optimized": {
        "type": "method",
        "class": "DiagramGenerator",
        "name": "_create_edges_optimized",
        "calls": [
          "_get_edge_style_optimized",
          "append",
          "_build_edge_attributes",
          "join"
        ]
      },
      "method:DiagramGenerator._build_edge_attributes": {
        "type": "method",
        "class": "DiagramGenerator",
        "name": "_build_edge_attributes",
        "calls": [
          "get",
          "append",
          "max",
          "min"
        ]
      },
      "method:DiagramGenerator._create_module_subgraphs_optimized": {
        "type": "method",
        "class": "DiagramGenerator",
        "name": "_create_module_subgraphs_optimized",
        "calls": [
          "defaultdict",
          "append",
          "_extract_module_name",
          "replace",
          "len",
          "dict",
          "items",
          "extend",
          "get"
        ]
      },
      "method:DiagramGenerator._get_edge_style_optimized": {
        "type": "method",
        "class": "DiagramGenerator",
        "name": "_get_edge_style_optimized",
        "calls": [
          "get"
        ]
      },
      "method:DiagramGenerator._should_include_class": {
        "type": "method",
        "class": "DiagramGenerator",
        "name": "_should_include_class",
        "calls": [
          "get"
        ]
      },
      "method:DiagramGenerator._should_include_function": {
        "type": "method",
        "class": "DiagramGenerator",
        "name": "_should_include_function",
        "calls": [
          "get"
        ]
      },
      "method:DiagramGenerator._should_include_method": {
        "type": "method",
        "class": "DiagramGenerator",
        "name": "_should_include_method",
        "calls": [
          "get"
        ]
      },
      "method:DiagramGenerator._is_important_node": {
        "type": "method",
        "class": "DiagramGenerator",
        "name": "_is_important_node",
        "calls": [
          "get",
          "len"
        ]
      },
      "method:DiagramGenerator._extract_module_name": {
        "type": "method",
        "class": "DiagramGenerator",
        "name": "_extract_module_name",
        "calls": [
          "rsplit"
        ]
      },
      "method:DiagramGenerator._validate_and_clean_graphviz_code": {
        "type": "method",
        "class": "DiagramGenerator",
        "name": "_validate_and_clean_graphviz_code",
        "calls": [
          "sub",
          "strip",
          "startswith"
        ]
      },
      "method:DiagramGenerator._render_diagram_optimized": {
        "type": "method",
        "class": "DiagramGenerator",
        "name": "_render_diagram_optimized",
        "calls": [
          "mkdir",
          "render",
          "append",
          "RuntimeError",
          "_save_dot_source_optimized",
          "Source",
          "str",
          "Path",
          "exists"
        ]
      },
      "method:DiagramGenerator._save_dot_source_optimized": {
        "type": "method",
        "class": "DiagramGenerator",
        "name": "_save_dot_source_optimized",
        "calls": [
          "Path",
          "mkdir",
          "open",
          "write"
        ]
      },
      "method:DiagramGenerator._generate_fallback_diagram": {
        "type": "method",
        "class": "DiagramGenerator",
        "name": "_generate_fallback_diagram",
        "calls": [
          "_render_diagram_optimized"
        ]
      },
      "method:DiagramGenerator.set_style": {
        "type": "method",
        "class": "DiagramGenerator",
        "name": "set_style",
        "calls": [
          "DiagramStyle"
        ]
      },
      "method:DiagramGenerator.set_config": {
        "type": "method",
        "class": "DiagramGenerator",
        "name": "set_config",
        "calls": [
          "items",
          "hasattr",
          "setattr"
        ]
      },
      "method:DiagramGenerator.clear_cache": {
        "type": "method",
        "class": "DiagramGenerator",
        "name": "clear_cache",
        "calls": [
          "clear"
        ]
      },
      "function:generate_diagram": {
        "type": "function",
        "name": "generate_diagram",
        "calls": [
          "DiagramGenerator",
          "generate_diagram",
          "set_style"
        ]
      },
      "function:get_available_styles": {
        "type": "function",
        "name": "get_available_styles",
        "calls": [
          "list",
          "keys"
        ]
      }
    },
    "edges": [
      {
        "source": "method:DiagramGenerator.__init__",
        "target": "class:DiagramStyle",
        "type": "calls"
      },
      {
        "source": "method:DiagramGenerator.__init__",
        "target": "class:DiagramConfig",
        "type": "calls"
      },
      {
        "source": "method:DiagramGenerator.generate_diagram",
        "target": "method:DiagramGenerator._generate_fallback_diagram",
        "type": "calls"
      },
      {
        "source": "method:DiagramGenerator.generate_diagram",
        "target": "method:DiagramGenerator._generate_diagram_cache_key",
        "type": "calls"
      },
      {
        "source": "method:DiagramGenerator.generate_diagram",
        "target": "method:DiagramGenerator._generate_with_llm_optimized",
        "type": "calls"
      },
      {
        "source": "method:DiagramGenerator.generate_diagram",
        "target": "method:DiagramGenerator._generate_rule_based_optimized",
        "type": "calls"
      },
      {
        "source": "method:DiagramGenerator._generate_with_llm_optimized",
        "target": "method:DiagramGenerator._build_rule_based_diagram_optimized",
        "type": "calls"
      },
      {
        "source": "method:DiagramGenerator._generate_with_llm_optimized",
        "target": "method:DiagramGenerator._validate_and_clean_graphviz_code",
        "type": "calls"
      },
      {
        "source": "method:DiagramGenerator._generate_with_llm_optimized",
        "target": "method:DiagramGenerator._render_diagram_optimized",
        "type": "calls"
      },
      {
        "source": "method:DiagramGenerator._generate_rule_based_optimized",
        "target": "method:DiagramGenerator._render_diagram_optimized",
        "type": "calls"
      },
      {
        "source": "method:DiagramGenerator._generate_rule_based_optimized",
        "target": "method:DiagramGenerator._build_rule_based_diagram_optimized",
        "type": "calls"
      },
      {
        "source": "method:DiagramGenerator._build_rule_based_diagram_optimized",
        "target": "method:DiagramGenerator._create_nodes_optimized",
        "type": "calls"
      },
      {
        "source": "method:DiagramGenerator._build_rule_based_diagram_optimized",
        "target": "method:DiagramGenerator._filter_important_relationships",
        "type": "calls"
      },
      {
        "source": "method:DiagramGenerator._build_rule_based_diagram_optimized",
        "target": "method:DiagramGenerator._create_module_subgraphs_optimized",
        "type": "calls"
      },
      {
        "source": "method:DiagramGenerator._build_rule_based_diagram_optimized",
        "target": "method:DiagramGenerator._create_edges_optimized",
        "type": "calls"
      },
      {
        "source": "method:DiagramGenerator._build_rule_based_diagram_optimized",
        "target": "method:DiagramGenerator._save_dot_source_optimized",
        "type": "calls"
      },
      {
        "source": "method:DiagramGenerator._build_rule_based_diagram_optimized",
        "target": "method:DiagramGenerator._build_node_set",
        "type": "calls"
      },
      {
        "source": "method:DiagramGenerator._filter_important_relationships",
        "target": "method:DiagramGenerator._calculate_relationship_score",
        "type": "calls"
      },
      {
        "source": "method:DiagramGenerator._create_nodes_optimized",
        "target": "method:DiagramGenerator._create_function_node_optimized",
        "type": "calls"
      },
      {
        "source": "method:DiagramGenerator._create_nodes_optimized",
        "target": "method:DiagramGenerator._create_call_graph_node_optimized",
        "type": "calls"
      },
      {
        "source": "method:DiagramGenerator._create_nodes_optimized",
        "target": "method:DiagramGenerator._should_include_class",
        "type": "calls"
      },
      {
        "source": "method:DiagramGenerator._create_nodes_optimized",
        "target": "method:DiagramGenerator._is_important_node",
        "type": "calls"
      },
      {
        "source": "method:DiagramGenerator._create_nodes_optimized",
        "target": "method:DiagramGenerator._create_class_node_optimized",
        "type": "calls"
      },
      {
        "source": "method:DiagramGenerator._create_nodes_optimized",
        "target": "method:DiagramGenerator._should_include_function",
        "type": "calls"
      },
      {
        "source": "method:DiagramGenerator._create_class_node_optimized",
        "target": "method:DiagramGenerator._should_include_method",
        "type": "calls"
      },
      {
        "source": "method:DiagramGenerator._create_edges_optimized",
        "target": "method:DiagramGenerator._get_edge_style_optimized",
        "type": "calls"
      },
      {
        "source": "method:DiagramGenerator._create_edges_optimized",
        "target": "method:DiagramGenerator._build_edge_attributes",
        "type": "calls"
      },
      {
        "source": "method:DiagramGenerator._create_module_subgraphs_optimized",
        "target": "method:DiagramGenerator._extract_module_name",
        "type": "calls"
      },
      {
        "source": "method:DiagramGenerator._render_diagram_optimized",
        "target": "method:DiagramGenerator._save_dot_source_optimized",
        "type": "calls"
      },
      {
        "source": "method:DiagramGenerator._generate_fallback_diagram",
        "target": "method:DiagramGenerator._render_diagram_optimized",
        "type": "calls"
      },
      {
        "source": "method:DiagramGenerator.set_style",
        "target": "class:DiagramStyle",
        "type": "calls"
      },
      {
        "source": "function:generate_diagram",
        "target": "class:DiagramGenerator",
        "type": "calls"
      },
      {
        "source": "function:generate_diagram",
        "target": "method:DiagramGenerator.generate_diagram",
        "type": "calls"
      },
      {
        "source": "function:generate_diagram",
        "target": "method:DiagramGenerator.set_style",
        "type": "calls"
      }
    ],
    "entry_points": [],
    "external_calls": []
  },
  "relationships": {
    "inheritance": [],
    "composition": [],
    "association": [],
    "dependency": [
      {
        "source": "DiagramGenerator",
        "target": "DiagramStyle",
        "via_method": "__init__",
        "type": "method_call"
      },
      {
        "source": "DiagramGenerator",
        "target": "DiagramConfig",
        "via_method": "__init__",
        "type": "method_call"
      },
      {
        "source": "DiagramGenerator",
        "target": "DiagramStyle",
        "via_method": "set_style",
        "type": "method_call"
      }
    ]
  },
  "complexity_analysis": {
    "class_metrics": {
      "DiagramStyle": {
        "method_count": 1,
        "attribute_count": 0,
        "field_count": 0,
        "complexity_score": 2
      },
      "DiagramConfig": {
        "method_count": 0,
        "attribute_count": 0,
        "field_count": 0,
        "complexity_score": 0
      },
      "DiagramGenerator": {
        "method_count": 29,
        "attribute_count": 0,
        "field_count": 0,
        "complexity_score": 58
      }
    },
    "method_metrics": {},
    "overall_metrics": {
      "total_classes": 3,
      "total_methods": 30,
      "total_functions": 2,
      "average_methods_per_class": 10.0,
      "total_imports": 13
    }
  },
  "structure_summary": {
    "total_components": 5,
    "architecture_type": "Object-Oriented",
    "main_components": [
      "DiagramGenerator",
      "DiagramStyle",
      "DiagramConfig"
    ],
    "complexity_level": "Very Complex"
  }
}