{
  "filename": "tmp27ljmtec.py",
  "language": "python",
  "classes": [
    {
      "name": "DiagramStyle",
      "line_start": 17,
      "methods": [
        {
          "name": "__post_init__",
          "calls": [],
          "line_start": 29,
          "parameters": []
        }
      ],
      "attributes": [],
      "bases": []
    },
    {
      "name": "DiagramConfig",
      "line_start": 49,
      "methods": [],
      "attributes": [],
      "bases": []
    },
    {
      "name": "DiagramGenerator",
      "line_start": 63,
      "methods": [
        {
          "name": "__init__",
          "calls": [
            "DiagramStyle",
            "DiagramConfig"
          ],
          "line_start": 68,
          "parameters": []
        },
        {
          "name": "generate_diagram",
          "calls": [
            "str",
            "_generate_fallback_diagram",
            "time",
            "_generate_diagram_cache_key",
            "_generate_with_llm_optimized",
            "print",
            "_generate_rule_based_optimized"
          ],
          "line_start": 76,
          "parameters": [
            "analysis_data",
            "output_format",
            "use_llm"
          ]
        },
        {
          "name": "_generate_diagram_cache_key",
          "calls": [
            "hash",
            "get",
            "str",
            "join"
          ],
          "line_start": 126,
          "parameters": [
            "analysis_data",
            "output_format",
            "use_llm"
          ]
        },
        {
          "name": "_generate_with_llm_optimized",
          "calls": [
            "_build_rule_based_diagram_optimized",
            "_validate_and_clean_graphviz_code",
            "generate_diagram_with_llm",
            "_render_diagram_optimized",
            "print"
          ],
          "line_start": 144,
          "parameters": [
            "analysis_data",
            "output_format",
            "cache_key"
          ]
        },
        {
          "name": "_generate_rule_based_optimized",
          "calls": [
            "_render_diagram_optimized",
            "_build_rule_based_diagram_optimized"
          ],
          "line_start": 171,
          "parameters": [
            "analysis_data",
            "output_format",
            "cache_key"
          ]
        },
        {
          "name": "_build_rule_based_diagram_optimized",
          "calls": [
            "join",
            "_create_nodes_optimized",
            "append",
            "_filter_important_relationships",
            "_create_module_subgraphs_optimized",
            "_create_edges_optimized",
            "_save_dot_source_optimized",
            "_build_node_set",
            "len",
            "extend",
            "get"
          ],
          "line_start": 182,
          "parameters": [
            "analysis_data"
          ]
        },
        {
          "name": "_build_node_set",
          "calls": [
            "keys",
            "get",
            "add",
            "set"
          ],
          "line_start": 229,
          "parameters": [
            "original_structure",
            "call_graph"
          ]
        },
        {
          "name": "_filter_important_relationships",
          "calls": [
            "sort",
            "append",
            "_calculate_relationship_score"
          ],
          "line_start": 250,
          "parameters": [
            "relationships"
          ]
        },
        {
          "name": "_calculate_relationship_score",
          "calls": [
            "get"
          ],
          "line_start": 262,
          "parameters": [
            "relationship"
          ]
        },
        {
          "name": "_create_nodes_optimized",
          "calls": [
            "_create_function_node_optimized",
            "len",
            "_create_call_graph_node_optimized",
            "add",
            "_should_include_class",
            "items",
            "_is_important_node",
            "extend",
            "_create_class_node_optimized",
            "_should_include_function",
            "get",
            "set"
          ],
          "line_start": 278,
          "parameters": [
            "original_structure",
            "call_graph",
            "node_set"
          ]
        },
        {
          "name": "_create_class_node_optimized",
          "calls": [
            "join",
            "append",
            "len",
            "_should_include_method",
            "get"
          ],
          "line_start": 321,
          "parameters": [
            "cls"
          ]
        },
        {
          "name": "_create_function_node_optimized",
          "calls": [
            "join",
            "get",
            "len"
          ],
          "line_start": 362,
          "parameters": [
            "func"
          ]
        },
        {
          "name": "_create_call_graph_node_optimized",
          "calls": [
            "join",
            "get",
            "split",
            "len"
          ],
          "line_start": 385,
          "parameters": [
            "node_name",
            "node_data"
          ]
        },
        {
          "name": "_create_edges_optimized",
          "calls": [
            "_get_edge_style_optimized",
            "append",
            "_build_edge_attributes",
            "join"
          ],
          "line_start": 408,
          "parameters": [
            "relationships",
            "node_set"
          ]
        },
        {
          "name": "_build_edge_attributes",
          "calls": [
            "get",
            "append",
            "max",
            "min"
          ],
          "line_start": 435,
          "parameters": [
            "rel",
            "edge_style"
          ]
        },
        {
          "name": "_create_module_subgraphs_optimized",
          "calls": [
            "defaultdict",
            "append",
            "_extract_module_name",
            "replace",
            "len",
            "dict",
            "items",
            "extend",
            "get"
          ],
          "line_start": 451,
          "parameters": [
            "original_structure"
          ]
        },
        {
          "name": "_get_edge_style_optimized",
          "calls": [
            "get"
          ],
          "line_start": 484,
          "parameters": [
            "relationship_type"
          ]
        },
        {
          "name": "_should_include_class",
          "calls": [
            "get"
          ],
          "line_start": 520,
          "parameters": [
            "cls"
          ]
        },
        {
          "name": "_should_include_function",
          "calls": [
            "get"
          ],
          "line_start": 526,
          "parameters": [
            "func"
          ]
        },
        {
          "name": "_should_include_method",
          "calls": [
            "get"
          ],
          "line_start": 532,
          "parameters": [
            "method"
          ]
        },
        {
          "name": "_is_important_node",
          "calls": [
            "get",
            "len"
          ],
          "line_start": 538,
          "parameters": [
            "node_name",
            "node_data"
          ]
        },
        {
          "name": "_extract_module_name",
          "calls": [
            "rsplit"
          ],
          "line_start": 550,
          "parameters": [
            "class_name"
          ]
        },
        {
          "name": "_validate_and_clean_graphviz_code",
          "calls": [
            "sub",
            "strip",
            "startswith"
          ],
          "line_start": 556,
          "parameters": [
            "dot_source"
          ]
        },
        {
          "name": "_render_diagram_optimized",
          "calls": [
            "mkdir",
            "render",
            "append",
            "RuntimeError",
            "_save_dot_source_optimized",
            "Source",
            "str",
            "Path",
            "exists"
          ],
          "line_start": 573,
          "parameters": [
            "dot_source",
            "analysis_data",
            "output_format",
            "cache_key"
          ]
        },
        {
          "name": "_save_dot_source_optimized",
          "calls": [
            "Path",
            "mkdir",
            "open",
            "write"
          ],
          "line_start": 624,
          "parameters": [
            "dot_source",
            "analysis_data",
            "base_name"
          ]
        },
        {
          "name": "_generate_fallback_diagram",
          "calls": [
            "_render_diagram_optimized"
          ],
          "line_start": 643,
          "parameters": [
            "analysis_data",
            "output_format",
            "error"
          ]
        },
        {
          "name": "set_style",
          "calls": [
            "DiagramStyle"
          ],
          "line_start": 670,
          "parameters": [
            "style_name"
          ]
        },
        {
          "name": "set_config",
          "calls": [
            "items",
            "hasattr",
            "setattr"
          ],
          "line_start": 674,
          "parameters": []
        },
        {
          "name": "clear_cache",
          "calls": [
            "clear"
          ],
          "line_start": 680,
          "parameters": []
        }
      ],
      "attributes": [],
      "bases": []
    }
  ],
  "functions": [
    {
      "name": "generate_diagram",
      "line_start": 744,
      "calls": [
        "DiagramGenerator",
        "generate_diagram",
        "set_style"
      ],
      "parameters": [
        "analysis_data",
        "output_format",
        "style",
        "use_llm"
      ]
    },
    {
      "name": "get_available_styles",
      "line_start": 761,
      "calls": [
        "list",
        "keys"
      ],
      "parameters": []
    }
  ],
  "imports": [
    {
      "name": "os",
      "alias": null
    },
    {
      "name": "re",
      "alias": null
    },
    {
      "name": "pathlib.Path",
      "alias": null,
      "module": "pathlib"
    },
    {
      "name": "typing.Dict",
      "alias": null,
      "module": "typing"
    },
    {
      "name": "typing.List",
      "alias": null,
      "module": "typing"
    },
    {
      "name": "typing.Any",
      "alias": null,
      "module": "typing"
    },
    {
      "name": "typing.Optional",
      "alias": null,
      "module": "typing"
    },
    {
      "name": "typing.Tuple",
      "alias": null,
      "module": "typing"
    },
    {
      "name": "dataclasses.dataclass",
      "alias": null,
      "module": "dataclasses"
    },
    {
      "name": "dataclasses.asdict",
      "alias": null,
      "module": "dataclasses"
    },
    {
      "name": "graphviz",
      "alias": null
    },
    {
      "name": "llm_integration.generate_diagram_with_llm",
      "alias": null,
      "module": "llm_integration"
    },
    {
      "name": "time",
      "alias": null
    }
  ],
  "global_variables": [
    "PREDEFINED_STYLES"
  ],
  "structure": [
    {
      "type": "class",
      "name": "DiagramStyle",
      "line": 17
    },
    {
      "type": "class",
      "name": "DiagramConfig",
      "line": 49
    },
    {
      "type": "class",
      "name": "DiagramGenerator",
      "line": 63
    },
    {
      "type": "function",
      "name": "generate_diagram",
      "line": 744
    },
    {
      "type": "function",
      "name": "get_available_styles",
      "line": 761
    }
  ]
}