{
  "filename": "tmp3qshop_o.py",
  "language": "python",
  "classes": [],
  "functions": [
    {
      "name": "main",
      "line_start": 36,
      "calls": [
        "display_chat_interface",
        "process_uploaded_file",
        "display_analysis_results",
        "display_llm_explanation",
        "title",
        "file_uploader",
        "display_diagram",
        "markdown"
      ],
      "parameters": []
    },
    {
      "name": "process_uploaded_file",
      "line_start": 62,
      "calls": [
        "analyze_code",
        "str",
        "NamedTemporaryFile",
        "splitext",
        "success",
        "spinner",
        "error",
        "write",
        "getvalue",
        "parse_file",
        "unlink",
        "exists",
        "lower"
      ],
      "parameters": [
        "uploaded_file"
      ]
    },
    {
      "name": "display_analysis_results",
      "line_start": 93,
      "calls": [
        "get",
        "len",
        "columns",
        "subheader",
        "sum",
        "info",
        "metric"
      ],
      "parameters": []
    },
    {
      "name": "display_diagram",
      "line_start": 129,
      "calls": [
        "str",
        "download_button",
        "columns",
        "checkbox",
        "subheader",
        "generate_diagram",
        "code",
        "splitext",
        "create_simple_diagram",
        "spinner",
        "open",
        "error",
        "write",
        "create_error_diagram",
        "exists",
        "image"
      ],
      "parameters": []
    },
    {
      "name": "display_llm_explanation",
      "line_start": 201,
      "calls": [
        "button",
        "subheader",
        "get_llm_explanation",
        "spinner",
        "info"
      ],
      "parameters": []
    },
    {
      "name": "display_chat_interface",
      "line_start": 219,
      "calls": [
        "str",
        "edit_graphviz_with_llm",
        "rerun",
        "startswith",
        "Source",
        "chat_input",
        "subheader",
        "append",
        "splitext",
        "chat_message",
        "spinner",
        "enumerate",
        "write",
        "render"
      ],
      "parameters": []
    },
    {
      "name": "display_raw_data",
      "line_start": 284,
      "calls": [
        "expander",
        "checkbox",
        "json"
      ],
      "parameters": []
    }
  ],
  "imports": [
    {
      "name": "streamlit",
      "alias": "st"
    },
    {
      "name": "os",
      "alias": null
    },
    {
      "name": "tempfile",
      "alias": null
    },
    {
      "name": "graphviz",
      "alias": null
    },
    {
      "name": "parser_module.parse_file",
      "alias": null,
      "module": "parser_module"
    },
    {
      "name": "analyzer.analyze_code",
      "alias": null,
      "module": "analyzer"
    },
    {
      "name": "diagram_generator.generate_diagram",
      "alias": null,
      "module": "diagram_generator"
    },
    {
      "name": "diagram_generator.create_simple_diagram",
      "alias": null,
      "module": "diagram_generator"
    },
    {
      "name": "diagram_generator.create_error_diagram",
      "alias": null,
      "module": "diagram_generator"
    },
    {
      "name": "llm_integration.get_llm_explanation",
      "alias": null,
      "module": "llm_integration"
    },
    {
      "name": "llm_integration.edit_graphviz_with_llm",
      "alias": null,
      "module": "llm_integration"
    }
  ],
  "global_variables": [],
  "structure": [
    {
      "type": "function",
      "name": "main",
      "line": 36
    },
    {
      "type": "function",
      "name": "process_uploaded_file",
      "line": 62
    },
    {
      "type": "function",
      "name": "display_analysis_results",
      "line": 93
    },
    {
      "type": "function",
      "name": "display_diagram",
      "line": 129
    },
    {
      "type": "function",
      "name": "display_llm_explanation",
      "line": 201
    },
    {
      "type": "function",
      "name": "display_chat_interface",
      "line": 219
    },
    {
      "type": "function",
      "name": "display_raw_data",
      "line": 284
    }
  ]
}