{
  "filename": "tmp3j0mz7td.py",
  "language": "python",
  "classes": [],
  "functions": [
    {
      "name": "load_css",
      "line_start": 25,
      "calls": [
        "open",
        "read",
        "warning",
        "markdown"
      ],
      "parameters": []
    },
    {
      "name": "reset_button_states",
      "line_start": 46,
      "calls": [
        "time",
        "hasattr"
      ],
      "parameters": []
    },
    {
      "name": "initialize_session_state",
      "line_start": 56,
      "calls": [
        "items"
      ],
      "parameters": []
    },
    {
      "name": "main",
      "line_start": 83,
      "calls": [
        "code_queries_page",
        "radio",
        "initialize_session_state",
        "main_analysis_page",
        "display_page_header",
        "reset_button_states",
        "rerun",
        "markdown"
      ],
      "parameters": []
    },
    {
      "name": "display_page_header",
      "line_start": 112,
      "calls": [
        "markdown"
      ],
      "parameters": []
    },
    {
      "name": "main_analysis_page",
      "line_start": 125,
      "calls": [
        "display_analysis_results",
        "file_uploader",
        "display_diagram_section",
        "process_uploaded_file",
        "display_export_section",
        "display_diagram_explanation"
      ],
      "parameters": []
    },
    {
      "name": "code_queries_page",
      "line_start": 148,
      "calls": [
        "display_diagram_viewer_section",
        "is_api_available",
        "warning",
        "display_query_chat_interface",
        "error"
      ],
      "parameters": []
    },
    {
      "name": "display_diagram_viewer_section",
      "line_start": 167,
      "calls": [
        "button",
        "spinner",
        "info",
        "columns",
        "text_area",
        "regenerate_diagram_from_edited_code",
        "image",
        "time",
        "subheader",
        "exists",
        "markdown"
      ],
      "parameters": []
    },
    {
      "name": "display_analysis_results",
      "line_start": 232,
      "calls": [
        "enumerate",
        "columns",
        "info",
        "metric",
        "join",
        "get",
        "sum",
        "subheader",
        "len"
      ],
      "parameters": []
    },
    {
      "name": "display_diagram_section",
      "line_start": 271,
      "calls": [
        "subheader",
        "display_current_diagram",
        "checkbox",
        "generate_and_display_diagram"
      ],
      "parameters": []
    },
    {
      "name": "generate_and_display_diagram",
      "line_start": 289,
      "calls": [
        "spinner",
        "create_simple_diagram",
        "handle_diagram_error",
        "generate_diagram",
        "update_diagram_state"
      ],
      "parameters": [
        "use_simple"
      ]
    },
    {
      "name": "update_diagram_state",
      "line_start": 308,
      "calls": [],
      "parameters": [
        "dot_code",
        "diagram_path"
      ]
    },
    {
      "name": "handle_diagram_error",
      "line_start": 319,
      "calls": [
        "create_error_diagram",
        "str",
        "error"
      ],
      "parameters": [
        "error"
      ]
    },
    {
      "name": "display_current_diagram",
      "line_start": 329,
      "calls": [
        "info",
        "image",
        "caption",
        "get",
        "exists"
      ],
      "parameters": []
    },
    {
      "name": "display_diagram_explanation",
      "line_start": 339,
      "calls": [
        "spinner",
        "info",
        "warning",
        "subheader",
        "get_detailed_diagram_explanation"
      ],
      "parameters": []
    },
    {
      "name": "display_export_section",
      "line_start": 361,
      "calls": [
        "button",
        "time",
        "display_exported_files",
        "subheader",
        "export_all_four_formats_handler"
      ],
      "parameters": []
    },
    {
      "name": "export_all_four_formats_handler",
      "line_start": 383,
      "calls": [
        "spinner",
        "str",
        "display_export_results",
        "export_all_four_formats",
        "get_base_filename",
        "error"
      ],
      "parameters": []
    },
    {
      "name": "get_base_filename",
      "line_start": 403,
      "calls": [
        "splitext"
      ],
      "parameters": []
    },
    {
      "name": "display_export_results",
      "line_start": 410,
      "calls": [
        "warning",
        "success",
        "items",
        "basename",
        "upper",
        "len"
      ],
      "parameters": [
        "exported_files"
      ]
    },
    {
      "name": "display_exported_files",
      "line_start": 421,
      "calls": [
        "display_single_download_button",
        "enumerate",
        "columns",
        "items",
        "exists",
        "markdown"
      ],
      "parameters": []
    },
    {
      "name": "display_single_download_button",
      "line_start": 443,
      "calls": [
        "download_button",
        "str",
        "getsize",
        "open",
        "read",
        "caption",
        "upper",
        "get",
        "get_base_filename",
        "error"
      ],
      "parameters": [
        "format_name",
        "file_path",
        "format_configs"
      ]
    },
    {
      "name": "display_query_chat_interface",
      "line_start": 475,
      "calls": [
        "display_chat_history",
        "subheader",
        "display_quick_questions",
        "display_question_input"
      ],
      "parameters": []
    },
    {
      "name": "display_chat_history",
      "line_start": 489,
      "calls": [
        "enumerate",
        "markdown"
      ],
      "parameters": []
    },
    {
      "name": "display_quick_questions",
      "line_start": 503,
      "calls": [
        "button",
        "enumerate",
        "columns",
        "time",
        "get",
        "markdown",
        "process_question"
      ],
      "parameters": []
    },
    {
      "name": "display_question_input",
      "line_start": 531,
      "calls": [
        "form_submit_button",
        "form",
        "text_area",
        "time",
        "strip",
        "markdown",
        "process_question"
      ],
      "parameters": []
    },
    {
      "name": "process_question",
      "line_start": 548,
      "calls": [
        "time",
        "get_code_analysis_response",
        "append",
        "spinner"
      ],
      "parameters": [
        "question"
      ]
    },
    {
      "name": "process_uploaded_file",
      "line_start": 573,
      "calls": [
        "spinner",
        "parse_file",
        "lower",
        "unlink",
        "getvalue",
        "str",
        "success",
        "open",
        "read",
        "NamedTemporaryFile",
        "error",
        "update_session_after_processing",
        "write",
        "exists",
        "analyze_code",
        "splitext"
      ],
      "parameters": [
        "uploaded_file"
      ]
    },
    {
      "name": "update_session_after_processing",
      "line_start": 606,
      "calls": [
        "time"
      ],
      "parameters": [
        "analyzed_data",
        "uploaded_file"
      ]
    },
    {
      "name": "regenerate_diagram_from_edited_code",
      "line_start": 621,
      "calls": [
        "group",
        "replace",
        "str",
        "render",
        "search",
        "Source",
        "splitext"
      ],
      "parameters": []
    }
  ],
  "imports": [
    {
      "name": "streamlit",
      "alias": "st"
    },
    {
      "name": "os",
      "alias": null
    },
    {
      "name": "tempfile",
      "alias": null
    },
    {
      "name": "graphviz",
      "alias": null
    },
    {
      "name": "time",
      "alias": null
    },
    {
      "name": "re",
      "alias": null
    },
    {
      "name": "parser_module.parse_file",
      "alias": null,
      "module": "parser_module"
    },
    {
      "name": "analyzer.analyze_code",
      "alias": null,
      "module": "analyzer"
    },
    {
      "name": "diagram_generator.generate_diagram",
      "alias": null,
      "module": "diagram_generator"
    },
    {
      "name": "diagram_generator.create_simple_diagram",
      "alias": null,
      "module": "diagram_generator"
    },
    {
      "name": "diagram_generator.create_error_diagram",
      "alias": null,
      "module": "diagram_generator"
    },
    {
      "name": "llm_integration.get_detailed_diagram_explanation",
      "alias": null,
      "module": "llm_integration"
    },
    {
      "name": "llm_integration.get_code_analysis_response",
      "alias": null,
      "module": "llm_integration"
    },
    {
      "name": "llm_integration.is_api_available",
      "alias": null,
      "module": "llm_integration"
    },
    {
      "name": "exporter.export_all_four_formats",
      "alias": null,
      "module": "exporter"
    },
    {
      "name": "viewer.display_diagram_viewer",
      "alias": null,
      "module": "viewer"
    },
    {
      "name": "theme_config",
      "alias": "theme"
    }
  ],
  "global_variables": [],
  "structure": [
    {
      "type": "function",
      "name": "load_css",
      "line": 25
    },
    {
      "type": "function",
      "name": "reset_button_states",
      "line": 46
    },
    {
      "type": "function",
      "name": "initialize_session_state",
      "line": 56
    },
    {
      "type": "function",
      "name": "main",
      "line": 83
    },
    {
      "type": "function",
      "name": "display_page_header",
      "line": 112
    },
    {
      "type": "function",
      "name": "main_analysis_page",
      "line": 125
    },
    {
      "type": "function",
      "name": "code_queries_page",
      "line": 148
    },
    {
      "type": "function",
      "name": "display_diagram_viewer_section",
      "line": 167
    },
    {
      "type": "function",
      "name": "display_analysis_results",
      "line": 232
    },
    {
      "type": "function",
      "name": "display_diagram_section",
      "line": 271
    },
    {
      "type": "function",
      "name": "generate_and_display_diagram",
      "line": 289
    },
    {
      "type": "function",
      "name": "update_diagram_state",
      "line": 308
    },
    {
      "type": "function",
      "name": "handle_diagram_error",
      "line": 319
    },
    {
      "type": "function",
      "name": "display_current_diagram",
      "line": 329
    },
    {
      "type": "function",
      "name": "display_diagram_explanation",
      "line": 339
    },
    {
      "type": "function",
      "name": "display_export_section",
      "line": 361
    },
    {
      "type": "function",
      "name": "export_all_four_formats_handler",
      "line": 383
    },
    {
      "type": "function",
      "name": "get_base_filename",
      "line": 403
    },
    {
      "type": "function",
      "name": "display_export_results",
      "line": 410
    },
    {
      "type": "function",
      "name": "display_exported_files",
      "line": 421
    },
    {
      "type": "function",
      "name": "display_single_download_button",
      "line": 443
    },
    {
      "type": "function",
      "name": "display_query_chat_interface",
      "line": 475
    },
    {
      "type": "function",
      "name": "display_chat_history",
      "line": 489
    },
    {
      "type": "function",
      "name": "display_quick_questions",
      "line": 503
    },
    {
      "type": "function",
      "name": "display_question_input",
      "line": 531
    },
    {
      "type": "function",
      "name": "process_question",
      "line": 548
    },
    {
      "type": "function",
      "name": "process_uploaded_file",
      "line": 573
    },
    {
      "type": "function",
      "name": "update_session_after_processing",
      "line": 606
    },
    {
      "type": "function",
      "name": "regenerate_diagram_from_edited_code",
      "line": 621
    }
  ],
  "basic_metrics": {
    "total_classes": 0,
    "total_functions": 29,
    "total_imports": 17,
    "total_methods": 0,
    "language": "python"
  },
  "import_analysis": {
    "standard_library": [
      "os",
      "tempfile",
      "re"
    ],
    "third_party": [
      "parser_module.parse_file",
      "analyzer.analyze_code",
      "diagram_generator.generate_diagram",
      "diagram_generator.create_simple_diagram",
      "diagram_generator.create_error_diagram",
      "llm_integration.get_detailed_diagram_explanation",
      "llm_integration.get_code_analysis_response",
      "llm_integration.is_api_available",
      "exporter.export_all_four_formats",
      "viewer.display_diagram_viewer"
    ],
    "internal": [
      "streamlit",
      "graphviz",
      "time",
      "theme_config"
    ],
    "total_count": 17
  },
  "class_hierarchy": {
    "root_classes": [],
    "inheritance_chains": [],
    "interfaces": [],
    "abstract_classes": []
  },
  "call_graph": {
    "nodes": {
      "function:load_css": {
        "type": "function",
        "name": "load_css",
        "calls": [
          "open",
          "read",
          "warning",
          "markdown"
        ]
      },
      "function:reset_button_states": {
        "type": "function",
        "name": "reset_button_states",
        "calls": [
          "time",
          "hasattr"
        ]
      },
      "function:initialize_session_state": {
        "type": "function",
        "name": "initialize_session_state",
        "calls": [
          "items"
        ]
      },
      "function:main": {
        "type": "function",
        "name": "main",
        "calls": [
          "code_queries_page",
          "radio",
          "initialize_session_state",
          "main_analysis_page",
          "display_page_header",
          "reset_button_states",
          "rerun",
          "markdown"
        ]
      },
      "function:display_page_header": {
        "type": "function",
        "name": "display_page_header",
        "calls": [
          "markdown"
        ]
      },
      "function:main_analysis_page": {
        "type": "function",
        "name": "main_analysis_page",
        "calls": [
          "display_analysis_results",
          "file_uploader",
          "display_diagram_section",
          "process_uploaded_file",
          "display_export_section",
          "display_diagram_explanation"
        ]
      },
      "function:code_queries_page": {
        "type": "function",
        "name": "code_queries_page",
        "calls": [
          "display_diagram_viewer_section",
          "is_api_available",
          "warning",
          "display_query_chat_interface",
          "error"
        ]
      },
      "function:display_diagram_viewer_section": {
        "type": "function",
        "name": "display_diagram_viewer_section",
        "calls": [
          "button",
          "spinner",
          "info",
          "columns",
          "text_area",
          "regenerate_diagram_from_edited_code",
          "image",
          "time",
          "subheader",
          "exists",
          "markdown"
        ]
      },
      "function:display_analysis_results": {
        "type": "function",
        "name": "display_analysis_results",
        "calls": [
          "enumerate",
          "columns",
          "info",
          "metric",
          "join",
          "get",
          "sum",
          "subheader",
          "len"
        ]
      },
      "function:display_diagram_section": {
        "type": "function",
        "name": "display_diagram_section",
        "calls": [
          "subheader",
          "display_current_diagram",
          "checkbox",
          "generate_and_display_diagram"
        ]
      },
      "function:generate_and_display_diagram": {
        "type": "function",
        "name": "generate_and_display_diagram",
        "calls": [
          "spinner",
          "create_simple_diagram",
          "handle_diagram_error",
          "generate_diagram",
          "update_diagram_state"
        ]
      },
      "function:update_diagram_state": {
        "type": "function",
        "name": "update_diagram_state",
        "calls": []
      },
      "function:handle_diagram_error": {
        "type": "function",
        "name": "handle_diagram_error",
        "calls": [
          "create_error_diagram",
          "str",
          "error"
        ]
      },
      "function:display_current_diagram": {
        "type": "function",
        "name": "display_current_diagram",
        "calls": [
          "info",
          "image",
          "caption",
          "get",
          "exists"
        ]
      },
      "function:display_diagram_explanation": {
        "type": "function",
        "name": "display_diagram_explanation",
        "calls": [
          "spinner",
          "info",
          "warning",
          "subheader",
          "get_detailed_diagram_explanation"
        ]
      },
      "function:display_export_section": {
        "type": "function",
        "name": "display_export_section",
        "calls": [
          "button",
          "time",
          "display_exported_files",
          "subheader",
          "export_all_four_formats_handler"
        ]
      },
      "function:export_all_four_formats_handler": {
        "type": "function",
        "name": "export_all_four_formats_handler",
        "calls": [
          "spinner",
          "str",
          "display_export_results",
          "export_all_four_formats",
          "get_base_filename",
          "error"
        ]
      },
      "function:get_base_filename": {
        "type": "function",
        "name": "get_base_filename",
        "calls": [
          "splitext"
        ]
      },
      "function:display_export_results": {
        "type": "function",
        "name": "display_export_results",
        "calls": [
          "warning",
          "success",
          "items",
          "basename",
          "upper",
          "len"
        ]
      },
      "function:display_exported_files": {
        "type": "function",
        "name": "display_exported_files",
        "calls": [
          "display_single_download_button",
          "enumerate",
          "columns",
          "items",
          "exists",
          "markdown"
        ]
      },
      "function:display_single_download_button": {
        "type": "function",
        "name": "display_single_download_button",
        "calls": [
          "download_button",
          "str",
          "getsize",
          "open",
          "read",
          "caption",
          "upper",
          "get",
          "get_base_filename",
          "error"
        ]
      },
      "function:display_query_chat_interface": {
        "type": "function",
        "name": "display_query_chat_interface",
        "calls": [
          "display_chat_history",
          "subheader",
          "display_quick_questions",
          "display_question_input"
        ]
      },
      "function:display_chat_history": {
        "type": "function",
        "name": "display_chat_history",
        "calls": [
          "enumerate",
          "markdown"
        ]
      },
      "function:display_quick_questions": {
        "type": "function",
        "name": "display_quick_questions",
        "calls": [
          "button",
          "enumerate",
          "columns",
          "time",
          "get",
          "markdown",
          "process_question"
        ]
      },
      "function:display_question_input": {
        "type": "function",
        "name": "display_question_input",
        "calls": [
          "form_submit_button",
          "form",
          "text_area",
          "time",
          "strip",
          "markdown",
          "process_question"
        ]
      },
      "function:process_question": {
        "type": "function",
        "name": "process_question",
        "calls": [
          "time",
          "get_code_analysis_response",
          "append",
          "spinner"
        ]
      },
      "function:process_uploaded_file": {
        "type": "function",
        "name": "process_uploaded_file",
        "calls": [
          "spinner",
          "parse_file",
          "lower",
          "unlink",
          "getvalue",
          "str",
          "success",
          "open",
          "read",
          "NamedTemporaryFile",
          "error",
          "update_session_after_processing",
          "write",
          "exists",
          "analyze_code",
          "splitext"
        ]
      },
      "function:update_session_after_processing": {
        "type": "function",
        "name": "update_session_after_processing",
        "calls": [
          "time"
        ]
      },
      "function:regenerate_diagram_from_edited_code": {
        "type": "function",
        "name": "regenerate_diagram_from_edited_code",
        "calls": [
          "group",
          "replace",
          "str",
          "render",
          "search",
          "Source",
          "splitext"
        ]
      }
    },
    "edges": [
      {
        "source": "function:main",
        "target": "function:code_queries_page",
        "type": "calls"
      },
      {
        "source": "function:main",
        "target": "function:initialize_session_state",
        "type": "calls"
      },
      {
        "source": "function:main",
        "target": "function:main_analysis_page",
        "type": "calls"
      },
      {
        "source": "function:main",
        "target": "function:display_page_header",
        "type": "calls"
      },
      {
        "source": "function:main",
        "target": "function:reset_button_states",
        "type": "calls"
      },
      {
        "source": "function:main_analysis_page",
        "target": "function:display_analysis_results",
        "type": "calls"
      },
      {
        "source": "function:main_analysis_page",
        "target": "function:display_diagram_section",
        "type": "calls"
      },
      {
        "source": "function:main_analysis_page",
        "target": "function:process_uploaded_file",
        "type": "calls"
      },
      {
        "source": "function:main_analysis_page",
        "target": "function:display_export_section",
        "type": "calls"
      },
      {
        "source": "function:main_analysis_page",
        "target": "function:display_diagram_explanation",
        "type": "calls"
      },
      {
        "source": "function:code_queries_page",
        "target": "function:display_diagram_viewer_section",
        "type": "calls"
      },
      {
        "source": "function:code_queries_page",
        "target": "function:display_query_chat_interface",
        "type": "calls"
      },
      {
        "source": "function:display_diagram_viewer_section",
        "target": "function:regenerate_diagram_from_edited_code",
        "type": "calls"
      },
      {
        "source": "function:display_diagram_section",
        "target": "function:display_current_diagram",
        "type": "calls"
      },
      {
        "source": "function:display_diagram_section",
        "target": "function:generate_and_display_diagram",
        "type": "calls"
      },
      {
        "source": "function:generate_and_display_diagram",
        "target": "function:handle_diagram_error",
        "type": "calls"
      },
      {
        "source": "function:generate_and_display_diagram",
        "target": "function:update_diagram_state",
        "type": "calls"
      },
      {
        "source": "function:display_export_section",
        "target": "function:display_exported_files",
        "type": "calls"
      },
      {
        "source": "function:display_export_section",
        "target": "function:export_all_four_formats_handler",
        "type": "calls"
      },
      {
        "source": "function:export_all_four_formats_handler",
        "target": "function:display_export_results",
        "type": "calls"
      },
      {
        "source": "function:export_all_four_formats_handler",
        "target": "function:get_base_filename",
        "type": "calls"
      },
      {
        "source": "function:display_exported_files",
        "target": "function:display_single_download_button",
        "type": "calls"
      },
      {
        "source": "function:display_single_download_button",
        "target": "function:get_base_filename",
        "type": "calls"
      },
      {
        "source": "function:display_query_chat_interface",
        "target": "function:display_chat_history",
        "type": "calls"
      },
      {
        "source": "function:display_query_chat_interface",
        "target": "function:display_quick_questions",
        "type": "calls"
      },
      {
        "source": "function:display_query_chat_interface",
        "target": "function:display_question_input",
        "type": "calls"
      },
      {
        "source": "function:display_quick_questions",
        "target": "function:process_question",
        "type": "calls"
      },
      {
        "source": "function:display_question_input",
        "target": "function:process_question",
        "type": "calls"
      },
      {
        "source": "function:process_uploaded_file",
        "target": "function:update_session_after_processing",
        "type": "calls"
      }
    ],
    "entry_points": [],
    "external_calls": []
  },
  "relationships": {
    "inheritance": [],
    "composition": [],
    "association": [],
    "dependency": []
  },
  "complexity_analysis": {
    "class_metrics": {},
    "method_metrics": {},
    "overall_metrics": {
      "total_classes": 0,
      "total_methods": 0,
      "total_functions": 29,
      "average_methods_per_class": 0,
      "total_imports": 17
    }
  },
  "structure_summary": {
    "total_components": 29,
    "architecture_type": "Procedural",
    "main_components": [],
    "complexity_level": "Very Simple"
  }
}