{
  "filename": "tmp3j0mz7td.py",
  "language": "python",
  "classes": [],
  "functions": [
    {
      "name": "load_css",
      "line_start": 25,
      "calls": [
        "open",
        "read",
        "warning",
        "markdown"
      ],
      "parameters": []
    },
    {
      "name": "reset_button_states",
      "line_start": 46,
      "calls": [
        "time",
        "hasattr"
      ],
      "parameters": []
    },
    {
      "name": "initialize_session_state",
      "line_start": 56,
      "calls": [
        "items"
      ],
      "parameters": []
    },
    {
      "name": "main",
      "line_start": 83,
      "calls": [
        "code_queries_page",
        "radio",
        "initialize_session_state",
        "main_analysis_page",
        "display_page_header",
        "reset_button_states",
        "rerun",
        "markdown"
      ],
      "parameters": []
    },
    {
      "name": "display_page_header",
      "line_start": 112,
      "calls": [
        "markdown"
      ],
      "parameters": []
    },
    {
      "name": "main_analysis_page",
      "line_start": 125,
      "calls": [
        "display_analysis_results",
        "file_uploader",
        "display_diagram_section",
        "process_uploaded_file",
        "display_export_section",
        "display_diagram_explanation"
      ],
      "parameters": []
    },
    {
      "name": "code_queries_page",
      "line_start": 148,
      "calls": [
        "display_diagram_viewer_section",
        "is_api_available",
        "warning",
        "display_query_chat_interface",
        "error"
      ],
      "parameters": []
    },
    {
      "name": "display_diagram_viewer_section",
      "line_start": 167,
      "calls": [
        "button",
        "spinner",
        "info",
        "columns",
        "text_area",
        "regenerate_diagram_from_edited_code",
        "image",
        "time",
        "subheader",
        "exists",
        "markdown"
      ],
      "parameters": []
    },
    {
      "name": "display_analysis_results",
      "line_start": 232,
      "calls": [
        "enumerate",
        "columns",
        "info",
        "metric",
        "join",
        "get",
        "sum",
        "subheader",
        "len"
      ],
      "parameters": []
    },
    {
      "name": "display_diagram_section",
      "line_start": 271,
      "calls": [
        "subheader",
        "display_current_diagram",
        "checkbox",
        "generate_and_display_diagram"
      ],
      "parameters": []
    },
    {
      "name": "generate_and_display_diagram",
      "line_start": 289,
      "calls": [
        "spinner",
        "create_simple_diagram",
        "handle_diagram_error",
        "generate_diagram",
        "update_diagram_state"
      ],
      "parameters": [
        "use_simple"
      ]
    },
    {
      "name": "update_diagram_state",
      "line_start": 308,
      "calls": [],
      "parameters": [
        "dot_code",
        "diagram_path"
      ]
    },
    {
      "name": "handle_diagram_error",
      "line_start": 319,
      "calls": [
        "create_error_diagram",
        "str",
        "error"
      ],
      "parameters": [
        "error"
      ]
    },
    {
      "name": "display_current_diagram",
      "line_start": 329,
      "calls": [
        "info",
        "image",
        "caption",
        "get",
        "exists"
      ],
      "parameters": []
    },
    {
      "name": "display_diagram_explanation",
      "line_start": 339,
      "calls": [
        "spinner",
        "info",
        "warning",
        "subheader",
        "get_detailed_diagram_explanation"
      ],
      "parameters": []
    },
    {
      "name": "display_export_section",
      "line_start": 361,
      "calls": [
        "button",
        "time",
        "display_exported_files",
        "subheader",
        "export_all_four_formats_handler"
      ],
      "parameters": []
    },
    {
      "name": "export_all_four_formats_handler",
      "line_start": 383,
      "calls": [
        "spinner",
        "str",
        "display_export_results",
        "export_all_four_formats",
        "get_base_filename",
        "error"
      ],
      "parameters": []
    },
    {
      "name": "get_base_filename",
      "line_start": 403,
      "calls": [
        "splitext"
      ],
      "parameters": []
    },
    {
      "name": "display_export_results",
      "line_start": 410,
      "calls": [
        "warning",
        "success",
        "items",
        "basename",
        "upper",
        "len"
      ],
      "parameters": [
        "exported_files"
      ]
    },
    {
      "name": "display_exported_files",
      "line_start": 421,
      "calls": [
        "display_single_download_button",
        "enumerate",
        "columns",
        "items",
        "exists",
        "markdown"
      ],
      "parameters": []
    },
    {
      "name": "display_single_download_button",
      "line_start": 443,
      "calls": [
        "download_button",
        "str",
        "getsize",
        "open",
        "read",
        "caption",
        "upper",
        "get",
        "get_base_filename",
        "error"
      ],
      "parameters": [
        "format_name",
        "file_path",
        "format_configs"
      ]
    },
    {
      "name": "display_query_chat_interface",
      "line_start": 475,
      "calls": [
        "display_chat_history",
        "subheader",
        "display_quick_questions",
        "display_question_input"
      ],
      "parameters": []
    },
    {
      "name": "display_chat_history",
      "line_start": 489,
      "calls": [
        "enumerate",
        "markdown"
      ],
      "parameters": []
    },
    {
      "name": "display_quick_questions",
      "line_start": 503,
      "calls": [
        "button",
        "enumerate",
        "columns",
        "time",
        "get",
        "markdown",
        "process_question"
      ],
      "parameters": []
    },
    {
      "name": "display_question_input",
      "line_start": 531,
      "calls": [
        "form_submit_button",
        "form",
        "text_area",
        "time",
        "strip",
        "markdown",
        "process_question"
      ],
      "parameters": []
    },
    {
      "name": "process_question",
      "line_start": 548,
      "calls": [
        "time",
        "get_code_analysis_response",
        "append",
        "spinner"
      ],
      "parameters": [
        "question"
      ]
    },
    {
      "name": "process_uploaded_file",
      "line_start": 573,
      "calls": [
        "spinner",
        "parse_file",
        "lower",
        "unlink",
        "getvalue",
        "str",
        "success",
        "open",
        "read",
        "NamedTemporaryFile",
        "error",
        "update_session_after_processing",
        "write",
        "exists",
        "analyze_code",
        "splitext"
      ],
      "parameters": [
        "uploaded_file"
      ]
    },
    {
      "name": "update_session_after_processing",
      "line_start": 606,
      "calls": [
        "time"
      ],
      "parameters": [
        "analyzed_data",
        "uploaded_file"
      ]
    },
    {
      "name": "regenerate_diagram_from_edited_code",
      "line_start": 621,
      "calls": [
        "group",
        "replace",
        "str",
        "render",
        "search",
        "Source",
        "splitext"
      ],
      "parameters": []
    }
  ],
  "imports": [
    {
      "name": "streamlit",
      "alias": "st"
    },
    {
      "name": "os",
      "alias": null
    },
    {
      "name": "tempfile",
      "alias": null
    },
    {
      "name": "graphviz",
      "alias": null
    },
    {
      "name": "time",
      "alias": null
    },
    {
      "name": "re",
      "alias": null
    },
    {
      "name": "parser_module.parse_file",
      "alias": null,
      "module": "parser_module"
    },
    {
      "name": "analyzer.analyze_code",
      "alias": null,
      "module": "analyzer"
    },
    {
      "name": "diagram_generator.generate_diagram",
      "alias": null,
      "module": "diagram_generator"
    },
    {
      "name": "diagram_generator.create_simple_diagram",
      "alias": null,
      "module": "diagram_generator"
    },
    {
      "name": "diagram_generator.create_error_diagram",
      "alias": null,
      "module": "diagram_generator"
    },
    {
      "name": "llm_integration.get_detailed_diagram_explanation",
      "alias": null,
      "module": "llm_integration"
    },
    {
      "name": "llm_integration.get_code_analysis_response",
      "alias": null,
      "module": "llm_integration"
    },
    {
      "name": "llm_integration.is_api_available",
      "alias": null,
      "module": "llm_integration"
    },
    {
      "name": "exporter.export_all_four_formats",
      "alias": null,
      "module": "exporter"
    },
    {
      "name": "viewer.display_diagram_viewer",
      "alias": null,
      "module": "viewer"
    },
    {
      "name": "theme_config",
      "alias": "theme"
    }
  ],
  "global_variables": [],
  "structure": [
    {
      "type": "function",
      "name": "load_css",
      "line": 25
    },
    {
      "type": "function",
      "name": "reset_button_states",
      "line": 46
    },
    {
      "type": "function",
      "name": "initialize_session_state",
      "line": 56
    },
    {
      "type": "function",
      "name": "main",
      "line": 83
    },
    {
      "type": "function",
      "name": "display_page_header",
      "line": 112
    },
    {
      "type": "function",
      "name": "main_analysis_page",
      "line": 125
    },
    {
      "type": "function",
      "name": "code_queries_page",
      "line": 148
    },
    {
      "type": "function",
      "name": "display_diagram_viewer_section",
      "line": 167
    },
    {
      "type": "function",
      "name": "display_analysis_results",
      "line": 232
    },
    {
      "type": "function",
      "name": "display_diagram_section",
      "line": 271
    },
    {
      "type": "function",
      "name": "generate_and_display_diagram",
      "line": 289
    },
    {
      "type": "function",
      "name": "update_diagram_state",
      "line": 308
    },
    {
      "type": "function",
      "name": "handle_diagram_error",
      "line": 319
    },
    {
      "type": "function",
      "name": "display_current_diagram",
      "line": 329
    },
    {
      "type": "function",
      "name": "display_diagram_explanation",
      "line": 339
    },
    {
      "type": "function",
      "name": "display_export_section",
      "line": 361
    },
    {
      "type": "function",
      "name": "export_all_four_formats_handler",
      "line": 383
    },
    {
      "type": "function",
      "name": "get_base_filename",
      "line": 403
    },
    {
      "type": "function",
      "name": "display_export_results",
      "line": 410
    },
    {
      "type": "function",
      "name": "display_exported_files",
      "line": 421
    },
    {
      "type": "function",
      "name": "display_single_download_button",
      "line": 443
    },
    {
      "type": "function",
      "name": "display_query_chat_interface",
      "line": 475
    },
    {
      "type": "function",
      "name": "display_chat_history",
      "line": 489
    },
    {
      "type": "function",
      "name": "display_quick_questions",
      "line": 503
    },
    {
      "type": "function",
      "name": "display_question_input",
      "line": 531
    },
    {
      "type": "function",
      "name": "process_question",
      "line": 548
    },
    {
      "type": "function",
      "name": "process_uploaded_file",
      "line": 573
    },
    {
      "type": "function",
      "name": "update_session_after_processing",
      "line": 606
    },
    {
      "type": "function",
      "name": "regenerate_diagram_from_edited_code",
      "line": 621
    }
  ]
}