{
  "filename": "tmp3ytzfpaw.ipynb",
  "language": "jupyter",
  "classes": [],
  "functions": [
    {
      "name": "square",
      "line_start": 2,
      "calls": [
        "range"
      ],
      "parameters": [
        "n"
      ]
    },
    {
      "name": "my_generator",
      "line_start": 21,
      "calls": [],
      "parameters": []
    },
    {
      "name": "read_large_file",
      "line_start": 40,
      "calls": [
        "open"
      ],
      "parameters": [
        "file_path"
      ]
    }
  ],
  "imports": [],
  "global_variables": [
    "a",
    "gen",
    "file_path"
  ],
  "structure": [
    {
      "type": "function",
      "name": "square",
      "line": 2
    },
    {
      "type": "function",
      "name": "my_generator",
      "line": 21
    },
    {
      "type": "function",
      "name": "read_large_file",
      "line": 40
    }
  ],
  "code_cells": [
    {
      "cell_number": 2,
      "code": "def square(n):\n    for i in range(3):\n        yield i**2",
      "outputs": 0
    },
    {
      "cell_number": 3,
      "code": "square(3)",
      "outputs": 1
    },
    {
      "cell_number": 4,
      "code": "for i in square(3):\n    print(i)",
      "outputs": 1
    },
    {
      "cell_number": 5,
      "code": "a=square(3)\na",
      "outputs": 1
    },
    {
      "cell_number": 6,
      "code": "next(a)",
      "outputs": 1
    },
    {
      "cell_number": 7,
      "code": "def my_generator():\n    yield 1\n    yield 2\n    yield 3",
      "outputs": 0
    },
    {
      "cell_number": 8,
      "code": "gen=my_generator()\ngen",
      "outputs": 1
    },
    {
      "cell_number": 9,
      "code": "next(gen)",
      "outputs": 1
    },
    {
      "cell_number": 10,
      "code": "for val in gen:\n    print(val)",
      "outputs": 1
    },
    {
      "cell_number": 12,
      "code": "### Practical : Reading LArge Files\n\ndef read_large_file(file_path):\n    with open(file_path,'r') as file:\n        for line in file:\n            yield line",
      "outputs": 0
    },
    {
      "cell_number": 13,
      "code": "file_path='large_file.txt'\n\nfor line in read_large_file(file_path):\n    print(line.strip())",
      "outputs": 1
    },
    {
      "cell_number": 15,
      "code": "",
      "outputs": 0
    }
  ],
  "basic_metrics": {
    "total_classes": 0,
    "total_functions": 3,
    "total_imports": 0,
    "total_methods": 0,
    "language": "jupyter"
  },
  "import_analysis": {
    "standard_library": [],
    "third_party": [],
    "internal": [],
    "total_count": 0
  },
  "class_hierarchy": {
    "root_classes": [],
    "inheritance_chains": [],
    "interfaces": [],
    "abstract_classes": []
  },
  "call_graph": {
    "nodes": {
      "function:square": {
        "type": "function",
        "name": "square",
        "calls": [
          "range"
        ]
      },
      "function:my_generator": {
        "type": "function",
        "name": "my_generator",
        "calls": []
      },
      "function:read_large_file": {
        "type": "function",
        "name": "read_large_file",
        "calls": [
          "open"
        ]
      }
    },
    "edges": [],
    "entry_points": [],
    "external_calls": []
  },
  "relationships": {
    "inheritance": [],
    "composition": [],
    "association": [],
    "dependency": []
  },
  "complexity_analysis": {
    "class_metrics": {},
    "method_metrics": {},
    "overall_metrics": {
      "total_classes": 0,
      "total_methods": 0,
      "total_functions": 3,
      "average_methods_per_class": 0,
      "total_imports": 0
    }
  },
  "structure_summary": {
    "total_components": 3,
    "architecture_type": "Procedural",
    "main_components": [],
    "complexity_level": "Very Simple"
  }
}