{
  "filename": "tmp3qshop_o.py",
  "language": "python",
  "classes": [],
  "functions": [
    {
      "name": "main",
      "line_start": 36,
      "calls": [
        "display_chat_interface",
        "process_uploaded_file",
        "display_analysis_results",
        "display_llm_explanation",
        "title",
        "file_uploader",
        "display_diagram",
        "markdown"
      ],
      "parameters": []
    },
    {
      "name": "process_uploaded_file",
      "line_start": 62,
      "calls": [
        "analyze_code",
        "str",
        "NamedTemporaryFile",
        "splitext",
        "success",
        "spinner",
        "error",
        "write",
        "getvalue",
        "parse_file",
        "unlink",
        "exists",
        "lower"
      ],
      "parameters": [
        "uploaded_file"
      ]
    },
    {
      "name": "display_analysis_results",
      "line_start": 93,
      "calls": [
        "get",
        "len",
        "columns",
        "subheader",
        "sum",
        "info",
        "metric"
      ],
      "parameters": []
    },
    {
      "name": "display_diagram",
      "line_start": 129,
      "calls": [
        "str",
        "download_button",
        "columns",
        "checkbox",
        "subheader",
        "generate_diagram",
        "code",
        "splitext",
        "create_simple_diagram",
        "spinner",
        "open",
        "error",
        "write",
        "create_error_diagram",
        "exists",
        "image"
      ],
      "parameters": []
    },
    {
      "name": "display_llm_explanation",
      "line_start": 201,
      "calls": [
        "button",
        "subheader",
        "get_llm_explanation",
        "spinner",
        "info"
      ],
      "parameters": []
    },
    {
      "name": "display_chat_interface",
      "line_start": 219,
      "calls": [
        "str",
        "edit_graphviz_with_llm",
        "rerun",
        "startswith",
        "Source",
        "chat_input",
        "subheader",
        "append",
        "splitext",
        "chat_message",
        "spinner",
        "enumerate",
        "write",
        "render"
      ],
      "parameters": []
    },
    {
      "name": "display_raw_data",
      "line_start": 284,
      "calls": [
        "expander",
        "checkbox",
        "json"
      ],
      "parameters": []
    }
  ],
  "imports": [
    {
      "name": "streamlit",
      "alias": "st"
    },
    {
      "name": "os",
      "alias": null
    },
    {
      "name": "tempfile",
      "alias": null
    },
    {
      "name": "graphviz",
      "alias": null
    },
    {
      "name": "parser_module.parse_file",
      "alias": null,
      "module": "parser_module"
    },
    {
      "name": "analyzer.analyze_code",
      "alias": null,
      "module": "analyzer"
    },
    {
      "name": "diagram_generator.generate_diagram",
      "alias": null,
      "module": "diagram_generator"
    },
    {
      "name": "diagram_generator.create_simple_diagram",
      "alias": null,
      "module": "diagram_generator"
    },
    {
      "name": "diagram_generator.create_error_diagram",
      "alias": null,
      "module": "diagram_generator"
    },
    {
      "name": "llm_integration.get_llm_explanation",
      "alias": null,
      "module": "llm_integration"
    },
    {
      "name": "llm_integration.edit_graphviz_with_llm",
      "alias": null,
      "module": "llm_integration"
    }
  ],
  "global_variables": [],
  "structure": [
    {
      "type": "function",
      "name": "main",
      "line": 36
    },
    {
      "type": "function",
      "name": "process_uploaded_file",
      "line": 62
    },
    {
      "type": "function",
      "name": "display_analysis_results",
      "line": 93
    },
    {
      "type": "function",
      "name": "display_diagram",
      "line": 129
    },
    {
      "type": "function",
      "name": "display_llm_explanation",
      "line": 201
    },
    {
      "type": "function",
      "name": "display_chat_interface",
      "line": 219
    },
    {
      "type": "function",
      "name": "display_raw_data",
      "line": 284
    }
  ],
  "basic_metrics": {
    "total_classes": 0,
    "total_functions": 7,
    "total_imports": 11,
    "total_methods": 0,
    "language": "python"
  },
  "import_analysis": {
    "standard_library": [
      "os",
      "tempfile"
    ],
    "third_party": [
      "parser_module.parse_file",
      "analyzer.analyze_code",
      "diagram_generator.generate_diagram",
      "diagram_generator.create_simple_diagram",
      "diagram_generator.create_error_diagram",
      "llm_integration.get_llm_explanation",
      "llm_integration.edit_graphviz_with_llm"
    ],
    "internal": [
      "streamlit",
      "graphviz"
    ],
    "total_count": 11
  },
  "class_hierarchy": {
    "root_classes": [],
    "inheritance_chains": [],
    "interfaces": [],
    "abstract_classes": []
  },
  "call_graph": {
    "nodes": {
      "function:main": {
        "type": "function",
        "name": "main",
        "calls": [
          "display_chat_interface",
          "process_uploaded_file",
          "display_analysis_results",
          "display_llm_explanation",
          "title",
          "file_uploader",
          "display_diagram",
          "markdown"
        ]
      },
      "function:process_uploaded_file": {
        "type": "function",
        "name": "process_uploaded_file",
        "calls": [
          "analyze_code",
          "str",
          "NamedTemporaryFile",
          "splitext",
          "success",
          "spinner",
          "error",
          "write",
          "getvalue",
          "parse_file",
          "unlink",
          "exists",
          "lower"
        ]
      },
      "function:display_analysis_results": {
        "type": "function",
        "name": "display_analysis_results",
        "calls": [
          "get",
          "len",
          "columns",
          "subheader",
          "sum",
          "info",
          "metric"
        ]
      },
      "function:display_diagram": {
        "type": "function",
        "name": "display_diagram",
        "calls": [
          "str",
          "download_button",
          "columns",
          "checkbox",
          "subheader",
          "generate_diagram",
          "code",
          "splitext",
          "create_simple_diagram",
          "spinner",
          "open",
          "error",
          "write",
          "create_error_diagram",
          "exists",
          "image"
        ]
      },
      "function:display_llm_explanation": {
        "type": "function",
        "name": "display_llm_explanation",
        "calls": [
          "button",
          "subheader",
          "get_llm_explanation",
          "spinner",
          "info"
        ]
      },
      "function:display_chat_interface": {
        "type": "function",
        "name": "display_chat_interface",
        "calls": [
          "str",
          "edit_graphviz_with_llm",
          "rerun",
          "startswith",
          "Source",
          "chat_input",
          "subheader",
          "append",
          "splitext",
          "chat_message",
          "spinner",
          "enumerate",
          "write",
          "render"
        ]
      },
      "function:display_raw_data": {
        "type": "function",
        "name": "display_raw_data",
        "calls": [
          "expander",
          "checkbox",
          "json"
        ]
      }
    },
    "edges": [
      {
        "source": "function:main",
        "target": "function:display_chat_interface",
        "type": "calls"
      },
      {
        "source": "function:main",
        "target": "function:process_uploaded_file",
        "type": "calls"
      },
      {
        "source": "function:main",
        "target": "function:display_analysis_results",
        "type": "calls"
      },
      {
        "source": "function:main",
        "target": "function:display_llm_explanation",
        "type": "calls"
      },
      {
        "source": "function:main",
        "target": "function:display_diagram",
        "type": "calls"
      }
    ],
    "entry_points": [],
    "external_calls": []
  },
  "relationships": {
    "inheritance": [],
    "composition": [],
    "association": [],
    "dependency": []
  },
  "complexity_analysis": {
    "class_metrics": {},
    "method_metrics": {},
    "overall_metrics": {
      "total_classes": 0,
      "total_methods": 0,
      "total_functions": 7,
      "average_methods_per_class": 0,
      "total_imports": 11
    }
  },
  "structure_summary": {
    "total_components": 7,
    "architecture_type": "Procedural",
    "main_components": [],
    "complexity_level": "Very Simple"
  }
}