{
  "filename": "tmp3c82avhe.py",
  "language": "python",
  "classes": [
    {
      "name": "CodeElement",
      "line_start": 18,
      "methods": [],
      "attributes": [],
      "bases": []
    },
    {
      "name": "ClassElement",
      "line_start": 29,
      "methods": [
        {
          "name": "__post_init__",
          "calls": [],
          "line_start": 41,
          "parameters": []
        }
      ],
      "attributes": [],
      "bases": []
    },
    {
      "name": "MethodElement",
      "line_start": 51,
      "methods": [],
      "attributes": [],
      "bases": []
    },
    {
      "name": "CodeParser",
      "line_start": 65,
      "methods": [
        {
          "name": "__init__",
          "calls": [],
          "line_start": 73,
          "parameters": []
        },
        {
          "name": "parse_file",
          "calls": [
            "_create_base_structure",
            "ValueError",
            "FileNotFoundError",
            "keys",
            "exists",
            "list",
            "lower",
            "copy",
            "_parse_java_optimized",
            "_parse_jupyter_optimized",
            "Path",
            "str",
            "_parse_python_optimized",
            "resolve",
            "get"
          ],
          "line_start": 77,
          "parameters": [
            "file_path",
            "use_cache"
          ]
        },
        {
          "name": "_create_base_structure",
          "calls": [
            "stat",
            "Path"
          ],
          "line_start": 122,
          "parameters": [
            "file_path",
            "language"
          ]
        },
        {
          "name": "_parse_python_optimized",
          "calls": [
            "parse",
            "_parse_python_function_optimized",
            "_process_python_imports_batch",
            "len",
            "_save_intermediate_json",
            "count",
            "extend",
            "walk",
            "_parse_python_class_optimized",
            "append",
            "open",
            "isinstance",
            "time",
            "read",
            "_is_nested_in_class"
          ],
          "line_start": 145,
          "parameters": [
            "file_path"
          ]
        },
        {
          "name": "_parse_java_optimized",
          "calls": [
            "parse",
            "_parse_java_class_optimized",
            "len",
            "_save_intermediate_json",
            "count",
            "filter",
            "extend",
            "sum",
            "append",
            "open",
            "time",
            "read"
          ],
          "line_start": 208,
          "parameters": [
            "file_path"
          ]
        },
        {
          "name": "_parse_jupyter_optimized",
          "calls": [
            "open",
            "parse",
            "_create_base_structure",
            "_parse_python_function_optimized",
            "len",
            "_save_intermediate_json",
            "join",
            "count",
            "walk",
            "_parse_python_class_optimized",
            "append",
            "strip",
            "_extract_single_import",
            "isinstance",
            "time",
            "read",
            "_is_nested_in_class"
          ],
          "line_start": 248,
          "parameters": [
            "file_path"
          ]
        },
        {
          "name": "_process_python_imports_batch",
          "calls": [
            "_extract_single_import",
            "append"
          ],
          "line_start": 307,
          "parameters": [
            "import_nodes"
          ]
        },
        {
          "name": "_extract_single_import",
          "calls": [
            "isinstance"
          ],
          "line_start": 313,
          "parameters": [
            "node"
          ]
        },
        {
          "name": "_parse_python_class_optimized",
          "calls": [
            "_extract_calls_optimized",
            "add",
            "set",
            "getattr",
            "asdict",
            "list",
            "get_docstring",
            "isinstance",
            "append",
            "MethodElement",
            "startswith"
          ],
          "line_start": 330,
          "parameters": [
            "class_node",
            "source_code"
          ]
        },
        {
          "name": "_parse_python_function_optimized",
          "calls": [
            "_extract_calls_optimized",
            "getattr",
            "get_docstring",
            "isinstance",
            "startswith"
          ],
          "line_start": 379,
          "parameters": [
            "func_node",
            "source_code"
          ]
        },
        {
          "name": "_parse_java_class_optimized",
          "calls": [
            "append",
            "isinstance"
          ],
          "line_start": 399,
          "parameters": [
            "class_node"
          ]
        },
        {
          "name": "_extract_calls_optimized",
          "calls": [
            "add",
            "set",
            "list",
            "walk",
            "isinstance"
          ],
          "line_start": 427,
          "parameters": [
            "node"
          ]
        },
        {
          "name": "_is_nested_in_class",
          "calls": [
            "any",
            "walk",
            "isinstance"
          ],
          "line_start": 435,
          "parameters": [
            "node",
            "tree"
          ]
        },
        {
          "name": "_save_intermediate_json",
          "calls": [
            "dump",
            "mkdir",
            "Path",
            "open"
          ],
          "line_start": 445,
          "parameters": [
            "file_path",
            "custom_data"
          ]
        },
        {
          "name": "clear_cache",
          "calls": [
            "clear"
          ],
          "line_start": 461,
          "parameters": []
        },
        {
          "name": "get_supported_extensions",
          "calls": [
            "list",
            "keys"
          ],
          "line_start": 465,
          "parameters": []
        }
      ],
      "attributes": [
        "SUPPORTED_EXTENSIONS"
      ],
      "bases": []
    }
  ],
  "functions": [
    {
      "name": "parse_code_file",
      "line_start": 471,
      "calls": [
        "parse_file",
        "CodeParser"
      ],
      "parameters": [
        "file_path",
        "use_cache"
      ]
    }
  ],
  "imports": [
    {
      "name": "os",
      "alias": null
    },
    {
      "name": "json",
      "alias": null
    },
    {
      "name": "ast",
      "alias": null
    },
    {
      "name": "javalang",
      "alias": null
    },
    {
      "name": "nbformat",
      "alias": null
    },
    {
      "name": "pathlib.Path",
      "alias": null,
      "module": "pathlib"
    },
    {
      "name": "typing.Dict",
      "alias": null,
      "module": "typing"
    },
    {
      "name": "typing.List",
      "alias": null,
      "module": "typing"
    },
    {
      "name": "typing.Any",
      "alias": null,
      "module": "typing"
    },
    {
      "name": "typing.Optional",
      "alias": null,
      "module": "typing"
    },
    {
      "name": "typing.Set",
      "alias": null,
      "module": "typing"
    },
    {
      "name": "dataclasses.dataclass",
      "alias": null,
      "module": "dataclasses"
    },
    {
      "name": "dataclasses.asdict",
      "alias": null,
      "module": "dataclasses"
    },
    {
      "name": "concurrent.futures",
      "alias": null
    }
  ],
  "global_variables": [],
  "structure": [
    {
      "type": "class",
      "name": "CodeElement",
      "line": 18
    },
    {
      "type": "class",
      "name": "ClassElement",
      "line": 29
    },
    {
      "type": "class",
      "name": "MethodElement",
      "line": 51
    },
    {
      "type": "class",
      "name": "CodeParser",
      "line": 65
    },
    {
      "type": "function",
      "name": "parse_code_file",
      "line": 471
    }
  ],
  "basic_metrics": {
    "total_classes": 4,
    "total_functions": 1,
    "total_imports": 14,
    "total_methods": 17,
    "language": "python"
  },
  "import_analysis": {
    "standard_library": [
      "os",
      "json",
      "ast",
      "pathlib.Path",
      "typing.Dict",
      "typing.List",
      "typing.Any",
      "typing.Optional",
      "typing.Set"
    ],
    "third_party": [
      "dataclasses.dataclass",
      "dataclasses.asdict",
      "concurrent.futures"
    ],
    "internal": [
      "javalang",
      "nbformat"
    ],
    "total_count": 14
  },
  "class_hierarchy": {
    "root_classes": [
      "CodeElement",
      "ClassElement",
      "MethodElement",
      "CodeParser"
    ],
    "inheritance_chains": [],
    "interfaces": [],
    "abstract_classes": []
  },
  "call_graph": {
    "nodes": {
      "class:CodeElement": {
        "type": "class",
        "name": "CodeElement",
        "methods": []
      },
      "class:ClassElement": {
        "type": "class",
        "name": "ClassElement",
        "methods": [
          "method:ClassElement.__post_init__"
        ]
      },
      "method:ClassElement.__post_init__": {
        "type": "method",
        "class": "ClassElement",
        "name": "__post_init__",
        "calls": []
      },
      "class:MethodElement": {
        "type": "class",
        "name": "MethodElement",
        "methods": []
      },
      "class:CodeParser": {
        "type": "class",
        "name": "CodeParser",
        "methods": [
          "method:CodeParser.__init__",
          "method:CodeParser.parse_file",
          "method:CodeParser._create_base_structure",
          "method:CodeParser._parse_python_optimized",
          "method:CodeParser._parse_java_optimized",
          "method:CodeParser._parse_jupyter_optimized",
          "method:CodeParser._process_python_imports_batch",
          "method:CodeParser._extract_single_import",
          "method:CodeParser._parse_python_class_optimized",
          "method:CodeParser._parse_python_function_optimized",
          "method:CodeParser._parse_java_class_optimized",
          "method:CodeParser._extract_calls_optimized",
          "method:CodeParser._is_nested_in_class",
          "method:CodeParser._save_intermediate_json",
          "method:CodeParser.clear_cache",
          "method:CodeParser.get_supported_extensions"
        ]
      },
      "method:CodeParser.__init__": {
        "type": "method",
        "class": "CodeParser",
        "name": "__init__",
        "calls": []
      },
      "method:CodeParser.parse_file": {
        "type": "method",
        "class": "CodeParser",
        "name": "parse_file",
        "calls": [
          "_create_base_structure",
          "ValueError",
          "FileNotFoundError",
          "keys",
          "exists",
          "list",
          "lower",
          "copy",
          "_parse_java_optimized",
          "_parse_jupyter_optimized",
          "Path",
          "str",
          "_parse_python_optimized",
          "resolve",
          "get"
        ]
      },
      "method:CodeParser._create_base_structure": {
        "type": "method",
        "class": "CodeParser",
        "name": "_create_base_structure",
        "calls": [
          "stat",
          "Path"
        ]
      },
      "method:CodeParser._parse_python_optimized": {
        "type": "method",
        "class": "CodeParser",
        "name": "_parse_python_optimized",
        "calls": [
          "parse",
          "_parse_python_function_optimized",
          "_process_python_imports_batch",
          "len",
          "_save_intermediate_json",
          "count",
          "extend",
          "walk",
          "_parse_python_class_optimized",
          "append",
          "open",
          "isinstance",
          "time",
          "read",
          "_is_nested_in_class"
        ]
      },
      "method:CodeParser._parse_java_optimized": {
        "type": "method",
        "class": "CodeParser",
        "name": "_parse_java_optimized",
        "calls": [
          "parse",
          "_parse_java_class_optimized",
          "len",
          "_save_intermediate_json",
          "count",
          "filter",
          "extend",
          "sum",
          "append",
          "open",
          "time",
          "read"
        ]
      },
      "method:CodeParser._parse_jupyter_optimized": {
        "type": "method",
        "class": "CodeParser",
        "name": "_parse_jupyter_optimized",
        "calls": [
          "open",
          "parse",
          "_create_base_structure",
          "_parse_python_function_optimized",
          "len",
          "_save_intermediate_json",
          "join",
          "count",
          "walk",
          "_parse_python_class_optimized",
          "append",
          "strip",
          "_extract_single_import",
          "isinstance",
          "time",
          "read",
          "_is_nested_in_class"
        ]
      },
      "method:CodeParser._process_python_imports_batch": {
        "type": "method",
        "class": "CodeParser",
        "name": "_process_python_imports_batch",
        "calls": [
          "_extract_single_import",
          "append"
        ]
      },
      "method:CodeParser._extract_single_import": {
        "type": "method",
        "class": "CodeParser",
        "name": "_extract_single_import",
        "calls": [
          "isinstance"
        ]
      },
      "method:CodeParser._parse_python_class_optimized": {
        "type": "method",
        "class": "CodeParser",
        "name": "_parse_python_class_optimized",
        "calls": [
          "_extract_calls_optimized",
          "add",
          "set",
          "getattr",
          "asdict",
          "list",
          "get_docstring",
          "isinstance",
          "append",
          "MethodElement",
          "startswith"
        ]
      },
      "method:CodeParser._parse_python_function_optimized": {
        "type": "method",
        "class": "CodeParser",
        "name": "_parse_python_function_optimized",
        "calls": [
          "_extract_calls_optimized",
          "getattr",
          "get_docstring",
          "isinstance",
          "startswith"
        ]
      },
      "method:CodeParser._parse_java_class_optimized": {
        "type": "method",
        "class": "CodeParser",
        "name": "_parse_java_class_optimized",
        "calls": [
          "append",
          "isinstance"
        ]
      },
      "method:CodeParser._extract_calls_optimized": {
        "type": "method",
        "class": "CodeParser",
        "name": "_extract_calls_optimized",
        "calls": [
          "add",
          "set",
          "list",
          "walk",
          "isinstance"
        ]
      },
      "method:CodeParser._is_nested_in_class": {
        "type": "method",
        "class": "CodeParser",
        "name": "_is_nested_in_class",
        "calls": [
          "any",
          "walk",
          "isinstance"
        ]
      },
      "method:CodeParser._save_intermediate_json": {
        "type": "method",
        "class": "CodeParser",
        "name": "_save_intermediate_json",
        "calls": [
          "dump",
          "mkdir",
          "Path",
          "open"
        ]
      },
      "method:CodeParser.clear_cache": {
        "type": "method",
        "class": "CodeParser",
        "name": "clear_cache",
        "calls": [
          "clear"
        ]
      },
      "method:CodeParser.get_supported_extensions": {
        "type": "method",
        "class": "CodeParser",
        "name": "get_supported_extensions",
        "calls": [
          "list",
          "keys"
        ]
      },
      "function:parse_code_file": {
        "type": "function",
        "name": "parse_code_file",
        "calls": [
          "parse_file",
          "CodeParser"
        ]
      }
    },
    "edges": [
      {
        "source": "method:CodeParser.parse_file",
        "target": "method:CodeParser._create_base_structure",
        "type": "calls"
      },
      {
        "source": "method:CodeParser.parse_file",
        "target": "method:CodeParser._parse_java_optimized",
        "type": "calls"
      },
      {
        "source": "method:CodeParser.parse_file",
        "target": "method:CodeParser._parse_jupyter_optimized",
        "type": "calls"
      },
      {
        "source": "method:CodeParser.parse_file",
        "target": "method:CodeParser._parse_python_optimized",
        "type": "calls"
      },
      {
        "source": "method:CodeParser._parse_python_optimized",
        "target": "method:CodeParser._parse_python_function_optimized",
        "type": "calls"
      },
      {
        "source": "method:CodeParser._parse_python_optimized",
        "target": "method:CodeParser._process_python_imports_batch",
        "type": "calls"
      },
      {
        "source": "method:CodeParser._parse_python_optimized",
        "target": "method:CodeParser._save_intermediate_json",
        "type": "calls"
      },
      {
        "source": "method:CodeParser._parse_python_optimized",
        "target": "method:CodeParser._parse_python_class_optimized",
        "type": "calls"
      },
      {
        "source": "method:CodeParser._parse_python_optimized",
        "target": "method:CodeParser._is_nested_in_class",
        "type": "calls"
      },
      {
        "source": "method:CodeParser._parse_java_optimized",
        "target": "method:CodeParser._parse_java_class_optimized",
        "type": "calls"
      },
      {
        "source": "method:CodeParser._parse_java_optimized",
        "target": "method:CodeParser._save_intermediate_json",
        "type": "calls"
      },
      {
        "source": "method:CodeParser._parse_jupyter_optimized",
        "target": "method:CodeParser._create_base_structure",
        "type": "calls"
      },
      {
        "source": "method:CodeParser._parse_jupyter_optimized",
        "target": "method:CodeParser._parse_python_function_optimized",
        "type": "calls"
      },
      {
        "source": "method:CodeParser._parse_jupyter_optimized",
        "target": "method:CodeParser._save_intermediate_json",
        "type": "calls"
      },
      {
        "source": "method:CodeParser._parse_jupyter_optimized",
        "target": "method:CodeParser._parse_python_class_optimized",
        "type": "calls"
      },
      {
        "source": "method:CodeParser._parse_jupyter_optimized",
        "target": "method:CodeParser._extract_single_import",
        "type": "calls"
      },
      {
        "source": "method:CodeParser._parse_jupyter_optimized",
        "target": "method:CodeParser._is_nested_in_class",
        "type": "calls"
      },
      {
        "source": "method:CodeParser._process_python_imports_batch",
        "target": "method:CodeParser._extract_single_import",
        "type": "calls"
      },
      {
        "source": "method:CodeParser._parse_python_class_optimized",
        "target": "method:CodeParser._extract_calls_optimized",
        "type": "calls"
      },
      {
        "source": "method:CodeParser._parse_python_class_optimized",
        "target": "class:MethodElement",
        "type": "calls"
      },
      {
        "source": "method:CodeParser._parse_python_function_optimized",
        "target": "method:CodeParser._extract_calls_optimized",
        "type": "calls"
      },
      {
        "source": "function:parse_code_file",
        "target": "method:CodeParser.parse_file",
        "type": "calls"
      },
      {
        "source": "function:parse_code_file",
        "target": "class:CodeParser",
        "type": "calls"
      }
    ],
    "entry_points": [],
    "external_calls": []
  },
  "relationships": {
    "inheritance": [],
    "composition": [],
    "association": [],
    "dependency": [
      {
        "source": "CodeParser",
        "target": "MethodElement",
        "via_method": "_parse_python_class_optimized",
        "type": "method_call"
      }
    ]
  },
  "complexity_analysis": {
    "class_metrics": {
      "CodeElement": {
        "method_count": 0,
        "attribute_count": 0,
        "field_count": 0,
        "complexity_score": 0
      },
      "ClassElement": {
        "method_count": 1,
        "attribute_count": 0,
        "field_count": 0,
        "complexity_score": 2
      },
      "MethodElement": {
        "method_count": 0,
        "attribute_count": 0,
        "field_count": 0,
        "complexity_score": 0
      },
      "CodeParser": {
        "method_count": 16,
        "attribute_count": 1,
        "field_count": 0,
        "complexity_score": 32
      }
    },
    "method_metrics": {},
    "overall_metrics": {
      "total_classes": 4,
      "total_methods": 17,
      "total_functions": 1,
      "average_methods_per_class": 4.25,
      "total_imports": 14
    }
  },
  "structure_summary": {
    "total_components": 5,
    "architecture_type": "Object-Oriented",
    "main_components": [
      "CodeParser",
      "ClassElement",
      "CodeElement"
    ],
    "complexity_level": "Complex"
  }
}