{
  "filename": "tmp43uftywh.py",
  "language": "python",
  "classes": [
    {
      "name": "MultiLanguageParser",
      "line_start": 10,
      "methods": [
        {
          "name": "__init__",
          "calls": [],
          "line_start": 13,
          "parameters": []
        },
        {
          "name": "parse_file",
          "calls": [
            "lower",
            "ValueError",
            "_parse_java",
            "_parse_python",
            "_parse_jupyter",
            "exists",
            "FileNotFoundError",
            "splitext"
          ],
          "line_start": 16,
          "parameters": [
            "file_path"
          ]
        },
        {
          "name": "_parse_python",
          "calls": [
            "_extract_function_calls",
            "_extract_class_attributes",
            "parse",
            "isinstance",
            "open",
            "SyntaxError",
            "read",
            "basename",
            "append",
            "_get_base_name",
            "Exception"
          ],
          "line_start": 34,
          "parameters": [
            "file_path"
          ]
        },
        {
          "name": "_parse_java",
          "calls": [
            "filter",
            "str",
            "parse",
            "_serialize_java_parameter",
            "isinstance",
            "open",
            "SyntaxError",
            "read",
            "basename",
            "append",
            "hasattr",
            "list",
            "Exception"
          ],
          "line_start": 127,
          "parameters": [
            "file_path"
          ]
        },
        {
          "name": "_parse_jupyter",
          "calls": [
            "enumerate",
            "get",
            "unlink",
            "open",
            "read",
            "_parse_python",
            "NamedTemporaryFile",
            "basename",
            "append",
            "strip",
            "len",
            "write",
            "exists",
            "Exception"
          ],
          "line_start": 215,
          "parameters": [
            "file_path"
          ]
        },
        {
          "name": "_extract_class_attributes",
          "calls": [
            "isinstance",
            "append"
          ],
          "line_start": 286,
          "parameters": [
            "class_node"
          ]
        },
        {
          "name": "_extract_function_calls",
          "calls": [
            "isinstance",
            "append",
            "list",
            "walk",
            "set"
          ],
          "line_start": 296,
          "parameters": [
            "function_node"
          ]
        },
        {
          "name": "_get_base_name",
          "calls": [
            "isinstance",
            "str"
          ],
          "line_start": 307,
          "parameters": [
            "base_node"
          ]
        },
        {
          "name": "_serialize_java_parameter",
          "calls": [
            "str"
          ],
          "line_start": 316,
          "parameters": [
            "param"
          ]
        },
        {
          "name": "save_parsed_json",
          "calls": [
            "_make_json_serializable",
            "dump",
            "join",
            "makedirs",
            "open",
            "splitext"
          ],
          "line_start": 320,
          "parameters": [
            "parsed_data",
            "output_dir"
          ]
        },
        {
          "name": "_make_json_serializable",
          "calls": [
            "_make_json_serializable",
            "str",
            "type",
            "isinstance",
            "items"
          ],
          "line_start": 338,
          "parameters": [
            "data"
          ]
        }
      ],
      "attributes": [],
      "bases": []
    }
  ],
  "functions": [
    {
      "name": "parse_file",
      "line_start": 356,
      "calls": [
        "MultiLanguageParser",
        "parse_file",
        "print",
        "save_parsed_json"
      ],
      "parameters": [
        "file_path",
        "save_json"
      ]
    }
  ],
  "imports": [
    {
      "name": "os",
      "alias": null
    },
    {
      "name": "json",
      "alias": null
    },
    {
      "name": "ast",
      "alias": null
    },
    {
      "name": "javalang",
      "alias": null
    },
    {
      "name": "nbformat",
      "alias": null
    },
    {
      "name": "typing.Dict",
      "alias": null,
      "module": "typing"
    },
    {
      "name": "typing.List",
      "alias": null,
      "module": "typing"
    },
    {
      "name": "typing.Any",
      "alias": null,
      "module": "typing"
    },
    {
      "name": "typing.Union",
      "alias": null,
      "module": "typing"
    },
    {
      "name": "tempfile",
      "alias": null
    }
  ],
  "global_variables": [],
  "structure": [
    {
      "type": "class",
      "name": "MultiLanguageParser",
      "line": 10
    },
    {
      "type": "function",
      "name": "parse_file",
      "line": 356
    }
  ],
  "basic_metrics": {
    "total_classes": 1,
    "total_functions": 1,
    "total_imports": 10,
    "total_methods": 11,
    "language": "python"
  },
  "import_analysis": {
    "standard_library": [
      "os",
      "json",
      "ast",
      "typing.Dict",
      "typing.List",
      "typing.Any",
      "typing.Union",
      "tempfile"
    ],
    "third_party": [],
    "internal": [
      "javalang",
      "nbformat"
    ],
    "total_count": 10
  },
  "class_hierarchy": {
    "root_classes": [
      "MultiLanguageParser"
    ],
    "inheritance_chains": [],
    "interfaces": [],
    "abstract_classes": []
  },
  "call_graph": {
    "nodes": {
      "class:MultiLanguageParser": {
        "type": "class",
        "name": "MultiLanguageParser",
        "methods": [
          "method:MultiLanguageParser.__init__",
          "method:MultiLanguageParser.parse_file",
          "method:MultiLanguageParser._parse_python",
          "method:MultiLanguageParser._parse_java",
          "method:MultiLanguageParser._parse_jupyter",
          "method:MultiLanguageParser._extract_class_attributes",
          "method:MultiLanguageParser._extract_function_calls",
          "method:MultiLanguageParser._get_base_name",
          "method:MultiLanguageParser._serialize_java_parameter",
          "method:MultiLanguageParser.save_parsed_json",
          "method:MultiLanguageParser._make_json_serializable"
        ]
      },
      "method:MultiLanguageParser.__init__": {
        "type": "method",
        "class": "MultiLanguageParser",
        "name": "__init__",
        "calls": []
      },
      "method:MultiLanguageParser.parse_file": {
        "type": "method",
        "class": "MultiLanguageParser",
        "name": "parse_file",
        "calls": [
          "lower",
          "ValueError",
          "_parse_java",
          "_parse_python",
          "_parse_jupyter",
          "exists",
          "FileNotFoundError",
          "splitext"
        ]
      },
      "method:MultiLanguageParser._parse_python": {
        "type": "method",
        "class": "MultiLanguageParser",
        "name": "_parse_python",
        "calls": [
          "_extract_function_calls",
          "_extract_class_attributes",
          "parse",
          "isinstance",
          "open",
          "SyntaxError",
          "read",
          "basename",
          "append",
          "_get_base_name",
          "Exception"
        ]
      },
      "method:MultiLanguageParser._parse_java": {
        "type": "method",
        "class": "MultiLanguageParser",
        "name": "_parse_java",
        "calls": [
          "filter",
          "str",
          "parse",
          "_serialize_java_parameter",
          "isinstance",
          "open",
          "SyntaxError",
          "read",
          "basename",
          "append",
          "hasattr",
          "list",
          "Exception"
        ]
      },
      "method:MultiLanguageParser._parse_jupyter": {
        "type": "method",
        "class": "MultiLanguageParser",
        "name": "_parse_jupyter",
        "calls": [
          "enumerate",
          "get",
          "unlink",
          "open",
          "read",
          "_parse_python",
          "NamedTemporaryFile",
          "basename",
          "append",
          "strip",
          "len",
          "write",
          "exists",
          "Exception"
        ]
      },
      "method:MultiLanguageParser._extract_class_attributes": {
        "type": "method",
        "class": "MultiLanguageParser",
        "name": "_extract_class_attributes",
        "calls": [
          "isinstance",
          "append"
        ]
      },
      "method:MultiLanguageParser._extract_function_calls": {
        "type": "method",
        "class": "MultiLanguageParser",
        "name": "_extract_function_calls",
        "calls": [
          "isinstance",
          "append",
          "list",
          "walk",
          "set"
        ]
      },
      "method:MultiLanguageParser._get_base_name": {
        "type": "method",
        "class": "MultiLanguageParser",
        "name": "_get_base_name",
        "calls": [
          "isinstance",
          "str"
        ]
      },
      "method:MultiLanguageParser._serialize_java_parameter": {
        "type": "method",
        "class": "MultiLanguageParser",
        "name": "_serialize_java_parameter",
        "calls": [
          "str"
        ]
      },
      "method:MultiLanguageParser.save_parsed_json": {
        "type": "method",
        "class": "MultiLanguageParser",
        "name": "save_parsed_json",
        "calls": [
          "_make_json_serializable",
          "dump",
          "join",
          "makedirs",
          "open",
          "splitext"
        ]
      },
      "method:MultiLanguageParser._make_json_serializable": {
        "type": "method",
        "class": "MultiLanguageParser",
        "name": "_make_json_serializable",
        "calls": [
          "_make_json_serializable",
          "str",
          "type",
          "isinstance",
          "items"
        ]
      },
      "function:parse_file": {
        "type": "function",
        "name": "parse_file",
        "calls": [
          "MultiLanguageParser",
          "parse_file",
          "print",
          "save_parsed_json"
        ]
      }
    },
    "edges": [
      {
        "source": "method:MultiLanguageParser.parse_file",
        "target": "method:MultiLanguageParser._parse_java",
        "type": "calls"
      },
      {
        "source": "method:MultiLanguageParser.parse_file",
        "target": "method:MultiLanguageParser._parse_python",
        "type": "calls"
      },
      {
        "source": "method:MultiLanguageParser.parse_file",
        "target": "method:MultiLanguageParser._parse_jupyter",
        "type": "calls"
      },
      {
        "source": "method:MultiLanguageParser._parse_python",
        "target": "method:MultiLanguageParser._extract_function_calls",
        "type": "calls"
      },
      {
        "source": "method:MultiLanguageParser._parse_python",
        "target": "method:MultiLanguageParser._extract_class_attributes",
        "type": "calls"
      },
      {
        "source": "method:MultiLanguageParser._parse_python",
        "target": "method:MultiLanguageParser._get_base_name",
        "type": "calls"
      },
      {
        "source": "method:MultiLanguageParser._parse_java",
        "target": "method:MultiLanguageParser._serialize_java_parameter",
        "type": "calls"
      },
      {
        "source": "method:MultiLanguageParser._parse_jupyter",
        "target": "method:MultiLanguageParser._parse_python",
        "type": "calls"
      },
      {
        "source": "method:MultiLanguageParser.save_parsed_json",
        "target": "method:MultiLanguageParser._make_json_serializable",
        "type": "calls"
      },
      {
        "source": "function:parse_file",
        "target": "class:MultiLanguageParser",
        "type": "calls"
      },
      {
        "source": "function:parse_file",
        "target": "method:MultiLanguageParser.parse_file",
        "type": "calls"
      },
      {
        "source": "function:parse_file",
        "target": "method:MultiLanguageParser.save_parsed_json",
        "type": "calls"
      }
    ],
    "entry_points": [],
    "external_calls": []
  },
  "relationships": {
    "inheritance": [],
    "composition": [],
    "association": [],
    "dependency": []
  },
  "complexity_analysis": {
    "class_metrics": {
      "MultiLanguageParser": {
        "method_count": 11,
        "attribute_count": 0,
        "field_count": 0,
        "complexity_score": 22
      }
    },
    "method_metrics": {},
    "overall_metrics": {
      "total_classes": 1,
      "total_methods": 11,
      "total_functions": 1,
      "average_methods_per_class": 11.0,
      "total_imports": 10
    }
  },
  "structure_summary": {
    "total_components": 2,
    "architecture_type": "Single-Class",
    "main_components": [
      "MultiLanguageParser"
    ],
    "complexity_level": "Moderate"
  }
}