{
  "filename": "tmp4bzoxqld.ipynb",
  "language": "jupyter",
  "classes": [],
  "functions": [],
  "imports": [],
  "global_variables": [],
  "structure": [],
  "code_cells": [
    {
      "cell_number": 3,
      "code": "lst=[]\nprint(type(lst))",
      "outputs": [
        {
          "name": "stdout",
          "output_type": "stream",
          "text": "<class 'list'>\n"
        }
      ]
    },
    {
      "cell_number": 4,
      "code": "names=[\"Krish\",\"Jack\",\"Jacob\",1,2,3,4,5]\nprint(names)",
      "outputs": [
        {
          "name": "stdout",
          "output_type": "stream",
          "text": "['Krish', 'Jack', 'Jacob', 1, 2, 3, 4, 5]\n"
        }
      ]
    },
    {
      "cell_number": 5,
      "code": "mixed_list=[1,\"Hello\",3.14,True]\nprint(mixed_list)",
      "outputs": [
        {
          "name": "stdout",
          "output_type": "stream",
          "text": "[1, 'Hello', 3.14, True]\n"
        }
      ]
    },
    {
      "cell_number": 6,
      "code": "### Accessing List Elements\n\nfruits=[\"apple\",\"banana\",\"cherry\",\"kiwi\",\"gauva\"]",
      "outputs": []
    },
    {
      "cell_number": 7,
      "code": "print(fruits[0])\nprint(fruits[2])\nprint(fruits[4])\nprint(fruits[-1])",
      "outputs": [
        {
          "name": "stdout",
          "output_type": "stream",
          "text": "apple\ncherry\ngauva\ngauva\n"
        }
      ]
    },
    {
      "cell_number": 8,
      "code": "print(fruits[1:])\nprint(fruits[1:3])",
      "outputs": [
        {
          "name": "stdout",
          "output_type": "stream",
          "text": "['banana', 'cherry', 'kiwi', 'gauva']\n['banana', 'cherry']\n"
        }
      ]
    },
    {
      "cell_number": 9,
      "code": "## Modifying The List elements\nfruits",
      "outputs": [
        {
          "data": {
            "text/plain": "['apple', 'banana', 'cherry', 'kiwi', 'gauva']"
          },
          "execution_count": 17,
          "metadata": {},
          "output_type": "execute_result"
        }
      ]
    },
    {
      "cell_number": 10,
      "code": "fruits[1]=\"watermelon\"\nprint(fruits)",
      "outputs": [
        {
          "name": "stdout",
          "output_type": "stream",
          "text": "['apple', 'watermelon', 'cherry', 'kiwi', 'gauva']\n"
        }
      ]
    },
    {
      "cell_number": 11,
      "code": "fruits[1:]=\"watermelon\"",
      "outputs": []
    },
    {
      "cell_number": 12,
      "code": "fruits",
      "outputs": [
        {
          "data": {
            "text/plain": "['apple', 'w', 'a', 't', 'e', 'r', 'm', 'e', 'l', 'o', 'n']"
          },
          "execution_count": 22,
          "metadata": {},
          "output_type": "execute_result"
        }
      ]
    },
    {
      "cell_number": 13,
      "code": "fruits=[\"apple\",\"banana\",\"cherry\",\"kiwi\",\"gauva\"]",
      "outputs": []
    },
    {
      "cell_number": 14,
      "code": "## List Methods\n\nfruits.append(\"orange\") ## Add an item to the end\nprint(fruits)",
      "outputs": [
        {
          "name": "stdout",
          "output_type": "stream",
          "text": "['apple', 'banana', 'cherry', 'kiwi', 'gauva', 'orange']\n"
        }
      ]
    },
    {
      "cell_number": 15,
      "code": "fruits.insert(1,\"watermelon\")\nprint(fruits)",
      "outputs": [
        {
          "name": "stdout",
          "output_type": "stream",
          "text": "['apple', 'watermelon', 'banana', 'banana', 'cherry', 'kiwi', 'gauva', 'orange']\n"
        }
      ]
    },
    {
      "cell_number": 16,
      "code": "fruits.remove(\"banana\") ## Removing the first occurance of an item\nprint(fruits)",
      "outputs": [
        {
          "name": "stdout",
          "output_type": "stream",
          "text": "['apple', 'watermelon', 'banana', 'cherry', 'kiwi', 'gauva', 'orange']\n"
        }
      ]
    },
    {
      "cell_number": 17,
      "code": "## Remove and return the last element\npopped_fruits=fruits.pop()\nprint(popped_fruits)\nprint(fruits)",
      "outputs": [
        {
          "name": "stdout",
          "output_type": "stream",
          "text": "orange\n['apple', 'watermelon', 'banana', 'cherry', 'kiwi', 'gauva']\n"
        }
      ]
    },
    {
      "cell_number": 18,
      "code": "index=fruits.index(\"cherry\")\nprint(index)",
      "outputs": [
        {
          "name": "stdout",
          "output_type": "stream",
          "text": "3\n"
        }
      ]
    },
    {
      "cell_number": 19,
      "code": "fruits.insert(2,\"banana\")\nprint(fruits.count(\"banana\"))",
      "outputs": [
        {
          "name": "stdout",
          "output_type": "stream",
          "text": "2\n"
        }
      ]
    },
    {
      "cell_number": 20,
      "code": "fruits",
      "outputs": [
        {
          "data": {
            "text/plain": "['apple', 'watermelon', 'banana', 'banana', 'cherry', 'kiwi', 'gauva']"
          },
          "execution_count": 31,
          "metadata": {},
          "output_type": "execute_result"
        }
      ]
    },
    {
      "cell_number": 21,
      "code": "fruits.sort() ## SSorts the list in ascending order",
      "outputs": []
    },
    {
      "cell_number": 22,
      "code": "fruits",
      "outputs": [
        {
          "data": {
            "text/plain": "['apple', 'banana', 'banana', 'cherry', 'gauva', 'kiwi', 'watermelon']"
          },
          "execution_count": 33,
          "metadata": {},
          "output_type": "execute_result"
        }
      ]
    },
    {
      "cell_number": 23,
      "code": "fruits.reverse() ## REverse the list",
      "outputs": []
    },
    {
      "cell_number": 24,
      "code": "fruits",
      "outputs": [
        {
          "data": {
            "text/plain": "['watermelon', 'kiwi', 'gauva', 'cherry', 'banana', 'banana', 'apple']"
          },
          "execution_count": 35,
          "metadata": {},
          "output_type": "execute_result"
        }
      ]
    },
    {
      "cell_number": 25,
      "code": "fruits.clear() ## Remove all items from the list\n\nprint(fruits)",
      "outputs": [
        {
          "name": "stdout",
          "output_type": "stream",
          "text": "[]\n"
        }
      ]
    },
    {
      "cell_number": 26,
      "code": "## Slicing List\nnumbers = [1, 2, 3, 4, 5, 6, 7, 8, 9, 10]\nprint(numbers[2:5])\nprint(numbers[:5])\nprint(numbers[5:])\nprint(numbers[::2])\nprint(numbers[::-1])",
      "outputs": [
        {
          "name": "stdout",
          "output_type": "stream",
          "text": "[3, 4, 5]\n[1, 2, 3, 4, 5]\n[6, 7, 8, 9, 10]\n[1, 3, 5, 7, 9]\n[10, 9, 8, 7, 6, 5, 4, 3, 2, 1]\n"
        }
      ]
    },
    {
      "cell_number": 27,
      "code": "numbers[::3]",
      "outputs": [
        {
          "data": {
            "text/plain": "[1, 4, 7, 10]"
          },
          "execution_count": 41,
          "metadata": {},
          "output_type": "execute_result"
        }
      ]
    },
    {
      "cell_number": 28,
      "code": "numbers[::-2]",
      "outputs": [
        {
          "data": {
            "text/plain": "[10, 8, 6, 4, 2]"
          },
          "execution_count": 42,
          "metadata": {},
          "output_type": "execute_result"
        }
      ]
    },
    {
      "cell_number": 29,
      "code": "### Iterating Over List\n\nfor number in numbers:\n    print(number)",
      "outputs": [
        {
          "name": "stdout",
          "output_type": "stream",
          "text": "1\n2\n3\n4\n5\n6\n7\n8\n9\n10\n"
        }
      ]
    },
    {
      "cell_number": 30,
      "code": "## Iterating with index\nfor index,number in enumerate(numbers):\n    print(index,number)",
      "outputs": [
        {
          "name": "stdout",
          "output_type": "stream",
          "text": "0 1\n1 2\n2 3\n3 4\n4 5\n5 6\n6 7\n7 8\n8 9\n9 10\n"
        }
      ]
    },
    {
      "cell_number": 31,
      "code": "## List comprehension\nlst=[]\nfor x in range(10):\n    lst.append(x**2)\n\nprint(lst)\n",
      "outputs": [
        {
          "name": "stdout",
          "output_type": "stream",
          "text": "[0, 1, 4, 9, 16, 25, 36, 49, 64, 81]\n"
        }
      ]
    },
    {
      "cell_number": 32,
      "code": "[x**2 for x in range(10)]",
      "outputs": [
        {
          "data": {
            "text/plain": "[0, 1, 4, 9, 16, 25, 36, 49, 64, 81]"
          },
          "execution_count": 48,
          "metadata": {},
          "output_type": "execute_result"
        }
      ]
    },
    {
      "cell_number": 34,
      "code": "### Basic List Comphrension\n\nsqaure=[num**2 for num in range(10)]\nprint(sqaure)",
      "outputs": [
        {
          "name": "stdout",
          "output_type": "stream",
          "text": "[0, 1, 4, 9, 16, 25, 36, 49, 64, 81]\n"
        }
      ]
    },
    {
      "cell_number": 35,
      "code": "### List Comprehension with Condition\nlst=[]\nfor i in range(10):\n    if i%2==0:\n        lst.append(i)\n\nprint(lst)\n        ",
      "outputs": [
        {
          "name": "stdout",
          "output_type": "stream",
          "text": "[0, 2, 4, 6, 8]\n"
        }
      ]
    },
    {
      "cell_number": 36,
      "code": "even_numbers=[num for num in range(10) if num%2==0]\nprint(even_numbers)",
      "outputs": [
        {
          "name": "stdout",
          "output_type": "stream",
          "text": "[0, 2, 4, 6, 8]\n"
        }
      ]
    },
    {
      "cell_number": 37,
      "code": "## Nested List Comphrension\n\nlst1=[1,2,3,4]\nlst2=['a','b','c','d']\n\npair=[[i,j] for i in lst1 for j in lst2]\n\nprint(pair)\n",
      "outputs": [
        {
          "name": "stdout",
          "output_type": "stream",
          "text": "[[1, 'a'], [1, 'b'], [1, 'c'], [1, 'd'], [2, 'a'], [2, 'b'], [2, 'c'], [2, 'd'], [3, 'a'], [3, 'b'], [3, 'c'], [3, 'd'], [4, 'a'], [4, 'b'], [4, 'c'], [4, 'd']]\n"
        }
      ]
    },
    {
      "cell_number": 38,
      "code": "## List Comprehension with function calls\nwords = [\"hello\", \"world\", \"python\", \"list\", \"comprehension\"]\nlengths = [len(word) for word in words]\nprint(lengths)  # Output: [5, 5, 6, 4, 13]\n\n",
      "outputs": [
        {
          "name": "stdout",
          "output_type": "stream",
          "text": "[5, 5, 6, 4, 13]\n"
        }
      ]
    },
    {
      "cell_number": 40,
      "code": "",
      "outputs": []
    }
  ]
}