{
  "filename": "tmp5ggk57c0.py",
  "language": "python",
  "classes": [
    {
      "name": "ExportConfig",
      "line_start": 20,
      "methods": [
        {
          "name": "__post_init__",
          "calls": [],
          "line_start": 32,
          "parameters": []
        }
      ],
      "attributes": [],
      "bases": []
    },
    {
      "name": "ExportResult",
      "line_start": 38,
      "methods": [],
      "attributes": [],
      "bases": []
    },
    {
      "name": "DiagramMetadata",
      "line_start": 49,
      "methods": [],
      "attributes": [],
      "bases": []
    },
    {
      "name": "DiagramExporter",
      "line_start": 62,
      "methods": [
        {
          "name": "__init__",
          "calls": [
            "ExportConfig"
          ],
          "line_start": 67,
          "parameters": []
        },
        {
          "name": "export_diagram",
          "calls": [
            "_create_export_directory_optimized",
            "str",
            "extend",
            "_generate_metadata_optimized",
            "ExportResult",
            "_export_parallel_optimized",
            "len",
            "_export_additional_files_optimized",
            "_export_sequential_optimized",
            "time",
            "_generate_export_cache_key",
            "_copy_to_assets_optimized"
          ],
          "line_start": 73,
          "parameters": [
            "dot_source",
            "analysis_data",
            "base_name",
            "output_formats"
          ]
        },
        {
          "name": "export_to_markdown",
          "calls": [
            "_create_export_directory_optimized",
            "open",
            "str",
            "ExportResult",
            "_export_single_format_optimized",
            "_generate_markdown_content_optimized",
            "write",
            "time",
            "_copy_to_assets_optimized"
          ],
          "line_start": 147,
          "parameters": [
            "dot_source",
            "analysis_data",
            "base_name",
            "explanation"
          ]
        },
        {
          "name": "batch_export",
          "calls": [
            "time",
            "_batch_export_parallel",
            "_batch_export_sequential"
          ],
          "line_start": 198,
          "parameters": [
            "diagrams",
            "output_format"
          ]
        },
        {
          "name": "_batch_export_parallel",
          "calls": [
            "result",
            "ThreadPoolExecutor",
            "str",
            "extend",
            "as_completed",
            "_create_batch_result",
            "submit",
            "append"
          ],
          "line_start": 213,
          "parameters": [
            "diagrams",
            "output_format",
            "start_time"
          ]
        },
        {
          "name": "_batch_export_sequential",
          "calls": [
            "_create_batch_result",
            "export_diagram",
            "extend",
            "append"
          ],
          "line_start": 249,
          "parameters": [
            "diagrams",
            "output_format",
            "start_time"
          ]
        },
        {
          "name": "_create_batch_result",
          "calls": [
            "time",
            "join",
            "ExportResult"
          ],
          "line_start": 268,
          "parameters": [
            "files",
            "errors",
            "start_time"
          ]
        },
        {
          "name": "_generate_export_cache_key",
          "calls": [
            "sorted",
            "str",
            "hash",
            "get",
            "join"
          ],
          "line_start": 284,
          "parameters": [
            "dot_source",
            "analysis_data",
            "base_name",
            "output_formats"
          ]
        },
        {
          "name": "_create_export_directory_optimized",
          "calls": [
            "strftime",
            "mkdir",
            "now",
            "Path"
          ],
          "line_start": 304,
          "parameters": [
            "base_name"
          ]
        },
        {
          "name": "_export_parallel_optimized",
          "calls": [
            "ThreadPoolExecutor",
            "result",
            "extend",
            "min",
            "len",
            "as_completed",
            "print",
            "submit"
          ],
          "line_start": 311,
          "parameters": [
            "dot_source",
            "base_name",
            "export_dir"
          ]
        },
        {
          "name": "_export_sequential_optimized",
          "calls": [
            "_export_single_format_optimized",
            "extend",
            "print"
          ],
          "line_start": 343,
          "parameters": [
            "dot_source",
            "base_name",
            "export_dir"
          ]
        },
        {
          "name": "_export_single_format_optimized",
          "calls": [
            "str",
            "hash",
            "ValueError",
            "Source",
            "_optimize_svg_optimized",
            "RuntimeError",
            "render",
            "exists",
            "Path"
          ],
          "line_start": 361,
          "parameters": [
            "dot_source",
            "base_name",
            "format_type",
            "export_dir"
          ]
        },
        {
          "name": "_export_additional_files_optimized",
          "calls": [
            "_export_readme_optimized",
            "_export_dot_source_optimized",
            "_export_metadata_optimized",
            "print",
            "append"
          ],
          "line_start": 415,
          "parameters": [
            "dot_source",
            "analysis_data",
            "export_dir",
            "base_name"
          ]
        },
        {
          "name": "_export_dot_source_optimized",
          "calls": [
            "open",
            "str",
            "write"
          ],
          "line_start": 453,
          "parameters": [
            "dot_source",
            "base_name",
            "export_dir"
          ]
        },
        {
          "name": "_export_metadata_optimized",
          "calls": [
            "dump",
            "open",
            "str"
          ],
          "line_start": 464,
          "parameters": [
            "export_dir"
          ]
        },
        {
          "name": "_export_readme_optimized",
          "calls": [
            "open",
            "_generate_readme_content_optimized",
            "write",
            "str"
          ],
          "line_start": 476,
          "parameters": [
            "analysis_data",
            "export_dir"
          ]
        },
        {
          "name": "_generate_readme_content_optimized",
          "calls": [
            "strftime",
            "now",
            "get"
          ],
          "line_start": 488,
          "parameters": [
            "analysis_data"
          ]
        },
        {
          "name": "_generate_markdown_content_optimized",
          "calls": [
            "now",
            "open",
            "extend",
            "get",
            "read",
            "len",
            "replace",
            "Path",
            "strftime",
            "exists",
            "join",
            "append"
          ],
          "line_start": 527,
          "parameters": [
            "analysis_data",
            "base_name",
            "explanation",
            "svg_path"
          ]
        },
        {
          "name": "_generate_metadata_optimized",
          "calls": [
            "DiagramMetadata",
            "now",
            "isoformat",
            "get"
          ],
          "line_start": 607,
          "parameters": [
            "analysis_data",
            "base_name",
            "output_formats"
          ]
        },
        {
          "name": "_optimize_svg_optimized",
          "calls": [
            "sub",
            "open",
            "read",
            "write"
          ],
          "line_start": 624,
          "parameters": [
            "svg_path"
          ]
        },
        {
          "name": "_copy_to_assets_optimized",
          "calls": [
            "exists",
            "mkdir",
            "Path",
            "copy2"
          ],
          "line_start": 648,
          "parameters": [
            "exported_files",
            "base_name"
          ]
        },
        {
          "name": "get_supported_formats",
          "calls": [],
          "line_start": 663,
          "parameters": []
        },
        {
          "name": "set_config",
          "calls": [
            "hasattr",
            "items",
            "setattr"
          ],
          "line_start": 667,
          "parameters": []
        },
        {
          "name": "clear_cache",
          "calls": [
            "clear"
          ],
          "line_start": 673,
          "parameters": []
        }
      ],
      "attributes": [],
      "bases": []
    }
  ],
  "functions": [
    {
      "name": "export_diagram",
      "line_start": 680,
      "calls": [
        "DiagramExporter",
        "export_diagram",
        "set_config"
      ],
      "parameters": [
        "dot_source",
        "analysis_data",
        "base_name",
        "output_formats"
      ]
    },
    {
      "name": "export_to_markdown",
      "line_start": 696,
      "calls": [
        "DiagramExporter",
        "export_to_markdown"
      ],
      "parameters": [
        "dot_source",
        "analysis_data",
        "base_name",
        "explanation"
      ]
    },
    {
      "name": "get_available_formats",
      "line_start": 711,
      "calls": [],
      "parameters": []
    }
  ],
  "imports": [
    {
      "name": "os",
      "alias": null
    },
    {
      "name": "shutil",
      "alias": null
    },
    {
      "name": "json",
      "alias": null
    },
    {
      "name": "pathlib.Path",
      "alias": null,
      "module": "pathlib"
    },
    {
      "name": "typing.Dict",
      "alias": null,
      "module": "typing"
    },
    {
      "name": "typing.List",
      "alias": null,
      "module": "typing"
    },
    {
      "name": "typing.Any",
      "alias": null,
      "module": "typing"
    },
    {
      "name": "typing.Optional",
      "alias": null,
      "module": "typing"
    },
    {
      "name": "typing.Tuple",
      "alias": null,
      "module": "typing"
    },
    {
      "name": "dataclasses.dataclass",
      "alias": null,
      "module": "dataclasses"
    },
    {
      "name": "graphviz",
      "alias": null
    },
    {
      "name": "datetime.datetime",
      "alias": null,
      "module": "datetime"
    },
    {
      "name": "time",
      "alias": null
    },
    {
      "name": "concurrent.futures",
      "alias": null
    },
    {
      "name": "regex",
      "alias": "re"
    }
  ],
  "global_variables": [],
  "structure": [
    {
      "type": "class",
      "name": "ExportConfig",
      "line": 20
    },
    {
      "type": "class",
      "name": "ExportResult",
      "line": 38
    },
    {
      "type": "class",
      "name": "DiagramMetadata",
      "line": 49
    },
    {
      "type": "class",
      "name": "DiagramExporter",
      "line": 62
    },
    {
      "type": "function",
      "name": "export_diagram",
      "line": 680
    },
    {
      "type": "function",
      "name": "export_to_markdown",
      "line": 696
    },
    {
      "type": "function",
      "name": "get_available_formats",
      "line": 711
    }
  ],
  "basic_metrics": {
    "total_classes": 4,
    "total_functions": 3,
    "total_imports": 15,
    "total_methods": 25,
    "language": "python"
  },
  "import_analysis": {
    "standard_library": [
      "os",
      "json",
      "pathlib.Path",
      "typing.Dict",
      "typing.List",
      "typing.Any",
      "typing.Optional",
      "typing.Tuple",
      "datetime.datetime",
      "regex"
    ],
    "third_party": [
      "dataclasses.dataclass",
      "concurrent.futures"
    ],
    "internal": [
      "shutil",
      "graphviz",
      "time"
    ],
    "total_count": 15
  },
  "class_hierarchy": {
    "root_classes": [
      "ExportConfig",
      "ExportResult",
      "DiagramMetadata",
      "DiagramExporter"
    ],
    "inheritance_chains": [],
    "interfaces": [],
    "abstract_classes": []
  },
  "call_graph": {
    "nodes": {
      "class:ExportConfig": {
        "type": "class",
        "name": "ExportConfig",
        "methods": [
          "method:ExportConfig.__post_init__"
        ]
      },
      "method:ExportConfig.__post_init__": {
        "type": "method",
        "class": "ExportConfig",
        "name": "__post_init__",
        "calls": []
      },
      "class:ExportResult": {
        "type": "class",
        "name": "ExportResult",
        "methods": []
      },
      "class:DiagramMetadata": {
        "type": "class",
        "name": "DiagramMetadata",
        "methods": []
      },
      "class:DiagramExporter": {
        "type": "class",
        "name": "DiagramExporter",
        "methods": [
          "method:DiagramExporter.__init__",
          "method:DiagramExporter.export_diagram",
          "method:DiagramExporter.export_to_markdown",
          "method:DiagramExporter.batch_export",
          "method:DiagramExporter._batch_export_parallel",
          "method:DiagramExporter._batch_export_sequential",
          "method:DiagramExporter._create_batch_result",
          "method:DiagramExporter._generate_export_cache_key",
          "method:DiagramExporter._create_export_directory_optimized",
          "method:DiagramExporter._export_parallel_optimized",
          "method:DiagramExporter._export_sequential_optimized",
          "method:DiagramExporter._export_single_format_optimized",
          "method:DiagramExporter._export_additional_files_optimized",
          "method:DiagramExporter._export_dot_source_optimized",
          "method:DiagramExporter._export_metadata_optimized",
          "method:DiagramExporter._export_readme_optimized",
          "method:DiagramExporter._generate_readme_content_optimized",
          "method:DiagramExporter._generate_markdown_content_optimized",
          "method:DiagramExporter._generate_metadata_optimized",
          "method:DiagramExporter._optimize_svg_optimized",
          "method:DiagramExporter._copy_to_assets_optimized",
          "method:DiagramExporter.get_supported_formats",
          "method:DiagramExporter.set_config",
          "method:DiagramExporter.clear_cache"
        ]
      },
      "method:DiagramExporter.__init__": {
        "type": "method",
        "class": "DiagramExporter",
        "name": "__init__",
        "calls": [
          "ExportConfig"
        ]
      },
      "method:DiagramExporter.export_diagram": {
        "type": "method",
        "class": "DiagramExporter",
        "name": "export_diagram",
        "calls": [
          "_create_export_directory_optimized",
          "str",
          "extend",
          "_generate_metadata_optimized",
          "ExportResult",
          "_export_parallel_optimized",
          "len",
          "_export_additional_files_optimized",
          "_export_sequential_optimized",
          "time",
          "_generate_export_cache_key",
          "_copy_to_assets_optimized"
        ]
      },
      "method:DiagramExporter.export_to_markdown": {
        "type": "method",
        "class": "DiagramExporter",
        "name": "export_to_markdown",
        "calls": [
          "_create_export_directory_optimized",
          "open",
          "str",
          "ExportResult",
          "_export_single_format_optimized",
          "_generate_markdown_content_optimized",
          "write",
          "time",
          "_copy_to_assets_optimized"
        ]
      },
      "method:DiagramExporter.batch_export": {
        "type": "method",
        "class": "DiagramExporter",
        "name": "batch_export",
        "calls": [
          "time",
          "_batch_export_parallel",
          "_batch_export_sequential"
        ]
      },
      "method:DiagramExporter._batch_export_parallel": {
        "type": "method",
        "class": "DiagramExporter",
        "name": "_batch_export_parallel",
        "calls": [
          "result",
          "ThreadPoolExecutor",
          "str",
          "extend",
          "as_completed",
          "_create_batch_result",
          "submit",
          "append"
        ]
      },
      "method:DiagramExporter._batch_export_sequential": {
        "type": "method",
        "class": "DiagramExporter",
        "name": "_batch_export_sequential",
        "calls": [
          "_create_batch_result",
          "export_diagram",
          "extend",
          "append"
        ]
      },
      "method:DiagramExporter._create_batch_result": {
        "type": "method",
        "class": "DiagramExporter",
        "name": "_create_batch_result",
        "calls": [
          "time",
          "join",
          "ExportResult"
        ]
      },
      "method:DiagramExporter._generate_export_cache_key": {
        "type": "method",
        "class": "DiagramExporter",
        "name": "_generate_export_cache_key",
        "calls": [
          "sorted",
          "str",
          "hash",
          "get",
          "join"
        ]
      },
      "method:DiagramExporter._create_export_directory_optimized": {
        "type": "method",
        "class": "DiagramExporter",
        "name": "_create_export_directory_optimized",
        "calls": [
          "strftime",
          "mkdir",
          "now",
          "Path"
        ]
      },
      "method:DiagramExporter._export_parallel_optimized": {
        "type": "method",
        "class": "DiagramExporter",
        "name": "_export_parallel_optimized",
        "calls": [
          "ThreadPoolExecutor",
          "result",
          "extend",
          "min",
          "len",
          "as_completed",
          "print",
          "submit"
        ]
      },
      "method:DiagramExporter._export_sequential_optimized": {
        "type": "method",
        "class": "DiagramExporter",
        "name": "_export_sequential_optimized",
        "calls": [
          "_export_single_format_optimized",
          "extend",
          "print"
        ]
      },
      "method:DiagramExporter._export_single_format_optimized": {
        "type": "method",
        "class": "DiagramExporter",
        "name": "_export_single_format_optimized",
        "calls": [
          "str",
          "hash",
          "ValueError",
          "Source",
          "_optimize_svg_optimized",
          "RuntimeError",
          "render",
          "exists",
          "Path"
        ]
      },
      "method:DiagramExporter._export_additional_files_optimized": {
        "type": "method",
        "class": "DiagramExporter",
        "name": "_export_additional_files_optimized",
        "calls": [
          "_export_readme_optimized",
          "_export_dot_source_optimized",
          "_export_metadata_optimized",
          "print",
          "append"
        ]
      },
      "method:DiagramExporter._export_dot_source_optimized": {
        "type": "method",
        "class": "DiagramExporter",
        "name": "_export_dot_source_optimized",
        "calls": [
          "open",
          "str",
          "write"
        ]
      },
      "method:DiagramExporter._export_metadata_optimized": {
        "type": "method",
        "class": "DiagramExporter",
        "name": "_export_metadata_optimized",
        "calls": [
          "dump",
          "open",
          "str"
        ]
      },
      "method:DiagramExporter._export_readme_optimized": {
        "type": "method",
        "class": "DiagramExporter",
        "name": "_export_readme_optimized",
        "calls": [
          "open",
          "_generate_readme_content_optimized",
          "write",
          "str"
        ]
      },
      "method:DiagramExporter._generate_readme_content_optimized": {
        "type": "method",
        "class": "DiagramExporter",
        "name": "_generate_readme_content_optimized",
        "calls": [
          "strftime",
          "now",
          "get"
        ]
      },
      "method:DiagramExporter._generate_markdown_content_optimized": {
        "type": "method",
        "class": "DiagramExporter",
        "name": "_generate_markdown_content_optimized",
        "calls": [
          "now",
          "open",
          "extend",
          "get",
          "read",
          "len",
          "replace",
          "Path",
          "strftime",
          "exists",
          "join",
          "append"
        ]
      },
      "method:DiagramExporter._generate_metadata_optimized": {
        "type": "method",
        "class": "DiagramExporter",
        "name": "_generate_metadata_optimized",
        "calls": [
          "DiagramMetadata",
          "now",
          "isoformat",
          "get"
        ]
      },
      "method:DiagramExporter._optimize_svg_optimized": {
        "type": "method",
        "class": "DiagramExporter",
        "name": "_optimize_svg_optimized",
        "calls": [
          "sub",
          "open",
          "read",
          "write"
        ]
      },
      "method:DiagramExporter._copy_to_assets_optimized": {
        "type": "method",
        "class": "DiagramExporter",
        "name": "_copy_to_assets_optimized",
        "calls": [
          "exists",
          "mkdir",
          "Path",
          "copy2"
        ]
      },
      "method:DiagramExporter.get_supported_formats": {
        "type": "method",
        "class": "DiagramExporter",
        "name": "get_supported_formats",
        "calls": []
      },
      "method:DiagramExporter.set_config": {
        "type": "method",
        "class": "DiagramExporter",
        "name": "set_config",
        "calls": [
          "hasattr",
          "items",
          "setattr"
        ]
      },
      "method:DiagramExporter.clear_cache": {
        "type": "method",
        "class": "DiagramExporter",
        "name": "clear_cache",
        "calls": [
          "clear"
        ]
      },
      "function:export_diagram": {
        "type": "function",
        "name": "export_diagram",
        "calls": [
          "DiagramExporter",
          "export_diagram",
          "set_config"
        ]
      },
      "function:export_to_markdown": {
        "type": "function",
        "name": "export_to_markdown",
        "calls": [
          "DiagramExporter",
          "export_to_markdown"
        ]
      },
      "function:get_available_formats": {
        "type": "function",
        "name": "get_available_formats",
        "calls": []
      }
    },
    "edges": [
      {
        "source": "method:DiagramExporter.__init__",
        "target": "class:ExportConfig",
        "type": "calls"
      },
      {
        "source": "method:DiagramExporter.export_diagram",
        "target": "method:DiagramExporter._create_export_directory_optimized",
        "type": "calls"
      },
      {
        "source": "method:DiagramExporter.export_diagram",
        "target": "method:DiagramExporter._generate_metadata_optimized",
        "type": "calls"
      },
      {
        "source": "method:DiagramExporter.export_diagram",
        "target": "class:ExportResult",
        "type": "calls"
      },
      {
        "source": "method:DiagramExporter.export_diagram",
        "target": "method:DiagramExporter._export_parallel_optimized",
        "type": "calls"
      },
      {
        "source": "method:DiagramExporter.export_diagram",
        "target": "method:DiagramExporter._export_additional_files_optimized",
        "type": "calls"
      },
      {
        "source": "method:DiagramExporter.export_diagram",
        "target": "method:DiagramExporter._export_sequential_optimized",
        "type": "calls"
      },
      {
        "source": "method:DiagramExporter.export_diagram",
        "target": "method:DiagramExporter._generate_export_cache_key",
        "type": "calls"
      },
      {
        "source": "method:DiagramExporter.export_diagram",
        "target": "method:DiagramExporter._copy_to_assets_optimized",
        "type": "calls"
      },
      {
        "source": "method:DiagramExporter.export_to_markdown",
        "target": "method:DiagramExporter._create_export_directory_optimized",
        "type": "calls"
      },
      {
        "source": "method:DiagramExporter.export_to_markdown",
        "target": "class:ExportResult",
        "type": "calls"
      },
      {
        "source": "method:DiagramExporter.export_to_markdown",
        "target": "method:DiagramExporter._export_single_format_optimized",
        "type": "calls"
      },
      {
        "source": "method:DiagramExporter.export_to_markdown",
        "target": "method:DiagramExporter._generate_markdown_content_optimized",
        "type": "calls"
      },
      {
        "source": "method:DiagramExporter.export_to_markdown",
        "target": "method:DiagramExporter._copy_to_assets_optimized",
        "type": "calls"
      },
      {
        "source": "method:DiagramExporter.batch_export",
        "target": "method:DiagramExporter._batch_export_parallel",
        "type": "calls"
      },
      {
        "source": "method:DiagramExporter.batch_export",
        "target": "method:DiagramExporter._batch_export_sequential",
        "type": "calls"
      },
      {
        "source": "method:DiagramExporter._batch_export_parallel",
        "target": "method:DiagramExporter._create_batch_result",
        "type": "calls"
      },
      {
        "source": "method:DiagramExporter._batch_export_sequential",
        "target": "method:DiagramExporter._create_batch_result",
        "type": "calls"
      },
      {
        "source": "method:DiagramExporter._batch_export_sequential",
        "target": "method:DiagramExporter.export_diagram",
        "type": "calls"
      },
      {
        "source": "method:DiagramExporter._create_batch_result",
        "target": "class:ExportResult",
        "type": "calls"
      },
      {
        "source": "method:DiagramExporter._export_sequential_optimized",
        "target": "method:DiagramExporter._export_single_format_optimized",
        "type": "calls"
      },
      {
        "source": "method:DiagramExporter._export_single_format_optimized",
        "target": "method:DiagramExporter._optimize_svg_optimized",
        "type": "calls"
      },
      {
        "source": "method:DiagramExporter._export_additional_files_optimized",
        "target": "method:DiagramExporter._export_readme_optimized",
        "type": "calls"
      },
      {
        "source": "method:DiagramExporter._export_additional_files_optimized",
        "target": "method:DiagramExporter._export_dot_source_optimized",
        "type": "calls"
      },
      {
        "source": "method:DiagramExporter._export_additional_files_optimized",
        "target": "method:DiagramExporter._export_metadata_optimized",
        "type": "calls"
      },
      {
        "source": "method:DiagramExporter._export_readme_optimized",
        "target": "method:DiagramExporter._generate_readme_content_optimized",
        "type": "calls"
      },
      {
        "source": "method:DiagramExporter._generate_metadata_optimized",
        "target": "class:DiagramMetadata",
        "type": "calls"
      },
      {
        "source": "function:export_diagram",
        "target": "class:DiagramExporter",
        "type": "calls"
      },
      {
        "source": "function:export_diagram",
        "target": "method:DiagramExporter.export_diagram",
        "type": "calls"
      },
      {
        "source": "function:export_diagram",
        "target": "method:DiagramExporter.set_config",
        "type": "calls"
      },
      {
        "source": "function:export_to_markdown",
        "target": "class:DiagramExporter",
        "type": "calls"
      },
      {
        "source": "function:export_to_markdown",
        "target": "method:DiagramExporter.export_to_markdown",
        "type": "calls"
      }
    ],
    "entry_points": [],
    "external_calls": []
  },
  "relationships": {
    "inheritance": [],
    "composition": [],
    "association": [],
    "dependency": [
      {
        "source": "DiagramExporter",
        "target": "ExportConfig",
        "via_method": "__init__",
        "type": "method_call"
      },
      {
        "source": "DiagramExporter",
        "target": "ExportResult",
        "via_method": "export_diagram",
        "type": "method_call"
      },
      {
        "source": "DiagramExporter",
        "target": "ExportResult",
        "via_method": "export_to_markdown",
        "type": "method_call"
      },
      {
        "source": "DiagramExporter",
        "target": "ExportResult",
        "via_method": "_create_batch_result",
        "type": "method_call"
      },
      {
        "source": "DiagramExporter",
        "target": "DiagramMetadata",
        "via_method": "_generate_metadata_optimized",
        "type": "method_call"
      }
    ]
  },
  "complexity_analysis": {
    "class_metrics": {
      "ExportConfig": {
        "method_count": 1,
        "attribute_count": 0,
        "field_count": 0,
        "complexity_score": 2
      },
      "ExportResult": {
        "method_count": 0,
        "attribute_count": 0,
        "field_count": 0,
        "complexity_score": 0
      },
      "DiagramMetadata": {
        "method_count": 0,
        "attribute_count": 0,
        "field_count": 0,
        "complexity_score": 0
      },
      "DiagramExporter": {
        "method_count": 24,
        "attribute_count": 0,
        "field_count": 0,
        "complexity_score": 48
      }
    },
    "method_metrics": {},
    "overall_metrics": {
      "total_classes": 4,
      "total_methods": 25,
      "total_functions": 3,
      "average_methods_per_class": 6.25,
      "total_imports": 15
    }
  },
  "structure_summary": {
    "total_components": 7,
    "architecture_type": "Object-Oriented",
    "main_components": [
      "DiagramExporter",
      "ExportConfig",
      "ExportResult"
    ],
    "complexity_level": "Complex"
  }
}