{
  "filename": "tmp6l9vbjbu.ipynb",
  "language": "jupyter",
  "classes": [],
  "functions": [],
  "imports": [],
  "global_variables": [],
  "structure": [],
  "code_cells": [
    {
      "cell_number": 2,
      "code": "import numpy as np\nimport sys\nimport matplotlib.pyplot as plt\nimport seaborn as sns\nimport pandas as pd\n\n%matplotlib inline",
      "outputs": 0
    },
    {
      "cell_number": 3,
      "code": "from sklearn.datasets import fetch_california_housing\ncalifornia = fetch_california_housing()",
      "outputs": 0
    },
    {
      "cell_number": 4,
      "code": "california.keys()",
      "outputs": 0
    },
    {
      "cell_number": 5,
      "code": "print(california['data'])\nprint(california['target'])\nprint(california['frame'])\nprint(california['target_names'])\nprint(california['feature_names'])\nprint(california['DESCR'])\n",
      "outputs": 0
    },
    {
      "cell_number": 6,
      "code": "X = pd.DataFrame(data=california['data'], columns=california['feature_names'])",
      "outputs": 0
    },
    {
      "cell_number": 7,
      "code": "y = pd.DataFrame(data=california['target'], columns=california['target_names'])",
      "outputs": 0
    },
    {
      "cell_number": 8,
      "code": "# Merge the dataframes\ndf = X.assign(MedHouseVal = y)",
      "outputs": 0
    },
    {
      "cell_number": 9,
      "code": "df.head()",
      "outputs": 0
    },
    {
      "cell_number": 10,
      "code": "df.info()",
      "outputs": 0
    },
    {
      "cell_number": 11,
      "code": "df.describe()",
      "outputs": 0
    },
    {
      "cell_number": 12,
      "code": "print(df.columns)\nprint(X.columns)\nprint(y.columns)\n",
      "outputs": 0
    },
    {
      "cell_number": 13,
      "code": "sns.pairplot(df)",
      "outputs": 0
    },
    {
      "cell_number": 14,
      "code": "sns.histplot(df['MedHouseVal'])",
      "outputs": 0
    },
    {
      "cell_number": 15,
      "code": "sns.heatmap(df.corr(numeric_only=True), annot=True)",
      "outputs": 0
    },
    {
      "cell_number": 16,
      "code": "df.columns",
      "outputs": 0
    },
    {
      "cell_number": 17,
      "code": "from sklearn.model_selection import train_test_split\n# X1 = df[['MedInc', 'HouseAge', 'AveRooms', 'AveBedrms', 'Population', 'AveOccup','Latitude', 'Longitude']]\n# y1 = df[['MedHouseVal']]\nX_train, X_test, y_train, y_test = train_test_split(X, y, test_size=, random_state=101)\nprint(X_train.head())",
      "outputs": 0
    },
    {
      "cell_number": 18,
      "code": "from sklearn.linear_model import LinearRegression\nlm2 = LinearRegression()\nlm2.fit(X_train, y_train)",
      "outputs": 0
    },
    {
      "cell_number": 19,
      "code": "print(lm2.intercept_)\nprint(lm2.coef_)\nlm2.coef_.shape",
      "outputs": 0
    },
    {
      "cell_number": 20,
      "code": "X.columns",
      "outputs": 0
    },
    {
      "cell_number": 21,
      "code": "lm2_coef = lm2.coef_.reshape(8,)",
      "outputs": 0
    },
    {
      "cell_number": 22,
      "code": "cdf = pd.DataFrame(data=lm2_coef, index=X.columns, columns=['Coeff'])",
      "outputs": 0
    },
    {
      "cell_number": 23,
      "code": "print(cdf)",
      "outputs": 0
    },
    {
      "cell_number": 24,
      "code": "predictions = lm2.predict(X_test)\nprint('=====Predicted Median House Price==========')\nprint(predictions)\nprint('=====Actual Median House Price==========')\nprint(y_test)\n",
      "outputs": 0
    },
    {
      "cell_number": 25,
      "code": "plt.scatter(y_test, predictions)",
      "outputs": 0
    },
    {
      "cell_number": 26,
      "code": "sns.histplot((y_test-predictions))",
      "outputs": 0
    },
    {
      "cell_number": 27,
      "code": "from sklearn import metrics\nprint(f'MAE: {metrics.mean_absolute_error(y_test, predictions):.3f}')\nprint(f'MSE: {metrics.mean_squared_error(y_test, predictions):.3f}')\nprint(f'RMSE: {np.sqrt(metrics.mean_squared_error(y_test, predictions)):.3f}')",
      "outputs": 0
    },
    {
      "cell_number": 28,
      "code": "import statsmodels.api as sm",
      "outputs": 0
    },
    {
      "cell_number": 29,
      "code": "est = sm.OLS(y_train, X_train)\nest2 = est.fit()\nprint(\"summary()\\n\",est2.summary())\nprint(\"pvalues\\n\",est2.pvalues)\nprint(\"tvalues\\n\",est2.tvalues)\nprint(\"rsquared\\n\",est2.rsquared)\nprint(\"rsquared_adj\\n\",est2.rsquared_adj)",
      "outputs": 0
    },
    {
      "cell_number": 31,
      "code": "from sklearn.linear_model import Lasso\nlm_lasso = Lasso(alpha=0.3)\nlm_lasso.fit(X_train, y_train)",
      "outputs": 0
    },
    {
      "cell_number": 32,
      "code": "# ?Lasso",
      "outputs": 0
    },
    {
      "cell_number": 33,
      "code": "print(lm_lasso.intercept_)\nprint(lm_lasso.coef_)\nlm_lasso.coef_.shape",
      "outputs": 0
    },
    {
      "cell_number": 34,
      "code": "# X.columns",
      "outputs": 0
    },
    {
      "cell_number": 35,
      "code": "lm_lasso_coef = lm_lasso.coef_.reshape(8,)",
      "outputs": 0
    },
    {
      "cell_number": 36,
      "code": "cdf = pd.DataFrame(data=lm_lasso_coef, index=X.columns, columns=['Coeff'])",
      "outputs": 0
    },
    {
      "cell_number": 37,
      "code": "print(cdf)",
      "outputs": 0
    },
    {
      "cell_number": 39,
      "code": "from sklearn.linear_model import Ridge\nlm_ridge = Ridge(alpha=0.3)\nlm_ridge.fit(X_train, y_train)",
      "outputs": 0
    },
    {
      "cell_number": 40,
      "code": "?Ridge",
      "outputs": 0
    },
    {
      "cell_number": 41,
      "code": "print(lm_ridge.intercept_)\nprint(lm_ridge.coef_)\nlm_ridge.coef_.shape",
      "outputs": 0
    },
    {
      "cell_number": 42,
      "code": "# X.columns",
      "outputs": 0
    },
    {
      "cell_number": 43,
      "code": "lm_ridge_coef = lm_ridge.coef_.reshape(8,)",
      "outputs": 0
    },
    {
      "cell_number": 44,
      "code": "cdf = pd.DataFrame(data=lm_ridge_coef, index=X.columns, columns=['Coeff'])",
      "outputs": 0
    },
    {
      "cell_number": 45,
      "code": "print(cdf)",
      "outputs": 0
    },
    {
      "cell_number": 47,
      "code": "from sklearn.linear_model import ElasticNet\nlm_elastic = ElasticNet(alpha=0.3, l1_ratio=0.5)\nlm_elastic.fit(X_train, y_train)",
      "outputs": 0
    },
    {
      "cell_number": 48,
      "code": "?ElasticNet",
      "outputs": 0
    },
    {
      "cell_number": 49,
      "code": "print(lm_elastic.intercept_)\nprint(lm_elastic.coef_)\nlm_elastic.coef_.shape",
      "outputs": 0
    },
    {
      "cell_number": 50,
      "code": "# X.columns",
      "outputs": 0
    },
    {
      "cell_number": 51,
      "code": "lm_elastic_coef = lm_elastic.coef_.reshape(8,)",
      "outputs": 0
    },
    {
      "cell_number": 52,
      "code": "cdf = pd.DataFrame(data=lm_elastic_coef, index=X.columns, columns=['Coeff'])",
      "outputs": 0
    },
    {
      "cell_number": 53,
      "code": "print(cdf)",
      "outputs": 0
    }
  ],
  "note": "Code cells contain syntax errors or non-Python code"
}