{
  "filename": "tmp6p5ehlsm.java",
  "language": "java",
  "classes": [
    {
      "name": "EmailNotifier",
      "methods": [
        {
          "name": "send",
          "return_type": "void",
          "parameters": [
            {
              "type": "ReferenceType(arguments=None, dimensions=[], name=String, sub_type=None)",
              "name": "recipient"
            },
            {
              "type": "ReferenceType(arguments=None, dimensions=[], name=String, sub_type=None)",
              "name": "message"
            }
          ],
          "modifiers": [
            "public"
          ]
        }
      ],
      "fields": [],
      "extends": null,
      "implements": [
        "Notifier"
      ]
    },
    {
      "name": "SMSNotifier",
      "methods": [
        {
          "name": "send",
          "return_type": "void",
          "parameters": [
            {
              "type": "ReferenceType(arguments=None, dimensions=[], name=String, sub_type=None)",
              "name": "recipient"
            },
            {
              "type": "ReferenceType(arguments=None, dimensions=[], name=String, sub_type=None)",
              "name": "message"
            }
          ],
          "modifiers": [
            "public"
          ]
        }
      ],
      "fields": [],
      "extends": null,
      "implements": [
        "Notifier"
      ]
    },
    {
      "name": "UserRepository",
      "methods": [
        {
          "name": "save",
          "return_type": "void",
          "parameters": [
            {
              "type": "ReferenceType(arguments=None, dimensions=[], name=String, sub_type=None)",
              "name": "username"
            }
          ],
          "modifiers": [
            "abstract",
            "public"
          ]
        },
        {
          "name": "exists",
          "return_type": "BasicType(dimensions=[], name=boolean)",
          "parameters": [
            {
              "type": "ReferenceType(arguments=None, dimensions=[], name=String, sub_type=None)",
              "name": "username"
            }
          ],
          "modifiers": [
            "public"
          ]
        }
      ],
      "fields": [
        {
          "name": "users",
          "type": "ReferenceType(arguments=[TypeArgument(pattern_type=None, type=ReferenceType(arguments=None, dimensions=[], name=String, sub_type=None))], dimensions=[], name=List, sub_type=None)",
          "modifiers": [
            "protected"
          ]
        }
      ],
      "extends": null,
      "implements": []
    },
    {
      "name": "InMemoryUserRepository",
      "methods": [
        {
          "name": "save",
          "return_type": "void",
          "parameters": [
            {
              "type": "ReferenceType(arguments=None, dimensions=[], name=String, sub_type=None)",
              "name": "username"
            }
          ],
          "modifiers": [
            "public"
          ]
        }
      ],
      "fields": [],
      "extends": "UserRepository",
      "implements": []
    },
    {
      "name": "RegistrationService",
      "methods": [
        {
          "name": "register",
          "return_type": "void",
          "parameters": [
            {
              "type": "ReferenceType(arguments=None, dimensions=[], name=String, sub_type=None)",
              "name": "username"
            },
            {
              "type": "ReferenceType(arguments=None, dimensions=[], name=String, sub_type=None)",
              "name": "contact"
            }
          ],
          "modifiers": [
            "public"
          ]
        },
        {
          "name": "bulkRegister",
          "return_type": "void",
          "parameters": [
            {
              "type": "ReferenceType(arguments=[TypeArgument(pattern_type=None, type=ReferenceType(arguments=None, dimensions=[], name=String, sub_type=None))], dimensions=[], name=List, sub_type=None)",
              "name": "users"
            },
            {
              "type": "ReferenceType(arguments=None, dimensions=[], name=String, sub_type=None)",
              "name": "contactDomain"
            }
          ],
          "modifiers": [
            "public"
          ]
        }
      ],
      "fields": [
        {
          "name": "repo",
          "type": "ReferenceType(arguments=None, dimensions=[], name=UserRepository, sub_type=None)",
          "modifiers": [
            "final",
            "private"
          ]
        },
        {
          "name": "notifier",
          "type": "ReferenceType(arguments=None, dimensions=[], name=Notifier, sub_type=None)",
          "modifiers": [
            "final",
            "private"
          ]
        }
      ],
      "extends": null,
      "implements": []
    },
    {
      "name": "AdminService",
      "methods": [
        {
          "name": "deactivateUser",
          "return_type": "void",
          "parameters": [
            {
              "type": "ReferenceType(arguments=None, dimensions=[], name=String, sub_type=None)",
              "name": "username"
            }
          ],
          "modifiers": [
            "public"
          ]
        }
      ],
      "fields": [],
      "extends": "RegistrationService",
      "implements": []
    },
    {
      "name": "MainApp",
      "methods": [
        {
          "name": "main",
          "return_type": "void",
          "parameters": [
            {
              "type": "ReferenceType(arguments=None, dimensions=[None], name=String, sub_type=None)",
              "name": "args"
            }
          ],
          "modifiers": [
            "static",
            "public"
          ]
        }
      ],
      "fields": [],
      "extends": null,
      "implements": []
    }
  ],
  "methods": [],
  "imports": [
    {
      "path": "java.util",
      "static": false
    }
  ],
  "structure": [
    {
      "type": "method",
      "class": "EmailNotifier",
      "name": "send"
    },
    {
      "type": "class",
      "name": "EmailNotifier"
    },
    {
      "type": "method",
      "class": "SMSNotifier",
      "name": "send"
    },
    {
      "type": "class",
      "name": "SMSNotifier"
    },
    {
      "type": "method",
      "class": "UserRepository",
      "name": "save"
    },
    {
      "type": "method",
      "class": "UserRepository",
      "name": "exists"
    },
    {
      "type": "class",
      "name": "UserRepository"
    },
    {
      "type": "method",
      "class": "InMemoryUserRepository",
      "name": "save"
    },
    {
      "type": "class",
      "name": "InMemoryUserRepository"
    },
    {
      "type": "method",
      "class": "RegistrationService",
      "name": "register"
    },
    {
      "type": "method",
      "class": "RegistrationService",
      "name": "bulkRegister"
    },
    {
      "type": "class",
      "name": "RegistrationService"
    },
    {
      "type": "method",
      "class": "AdminService",
      "name": "deactivateUser"
    },
    {
      "type": "class",
      "name": "AdminService"
    },
    {
      "type": "method",
      "class": "MainApp",
      "name": "main"
    },
    {
      "type": "class",
      "name": "MainApp"
    }
  ],
  "basic_metrics": {
    "total_classes": 7,
    "total_functions": 0,
    "total_imports": 1,
    "total_methods": 9,
    "language": "java"
  },
  "import_analysis": {
    "standard_library": [],
    "third_party": [],
    "internal": [
      ""
    ],
    "total_count": 1
  },
  "class_hierarchy": {
    "root_classes": [
      "EmailNotifier",
      "SMSNotifier",
      "UserRepository",
      "RegistrationService",
      "MainApp"
    ],
    "inheritance_chains": [
      [
        "InMemoryUserRepository",
        "UserRepository"
      ],
      [
        "AdminService",
        "RegistrationService"
      ]
    ],
    "interfaces": [],
    "abstract_classes": []
  },
  "call_graph": {
    "nodes": {
      "class:EmailNotifier": {
        "type": "class",
        "name": "EmailNotifier",
        "methods": [
          "method:EmailNotifier.send"
        ]
      },
      "method:EmailNotifier.send": {
        "type": "method",
        "class": "EmailNotifier",
        "name": "send",
        "calls": []
      },
      "class:SMSNotifier": {
        "type": "class",
        "name": "SMSNotifier",
        "methods": [
          "method:SMSNotifier.send"
        ]
      },
      "method:SMSNotifier.send": {
        "type": "method",
        "class": "SMSNotifier",
        "name": "send",
        "calls": []
      },
      "class:UserRepository": {
        "type": "class",
        "name": "UserRepository",
        "methods": [
          "method:UserRepository.save",
          "method:UserRepository.exists"
        ]
      },
      "method:UserRepository.save": {
        "type": "method",
        "class": "UserRepository",
        "name": "save",
        "calls": []
      },
      "method:UserRepository.exists": {
        "type": "method",
        "class": "UserRepository",
        "name": "exists",
        "calls": []
      },
      "class:InMemoryUserRepository": {
        "type": "class",
        "name": "InMemoryUserRepository",
        "methods": [
          "method:InMemoryUserRepository.save"
        ]
      },
      "method:InMemoryUserRepository.save": {
        "type": "method",
        "class": "InMemoryUserRepository",
        "name": "save",
        "calls": []
      },
      "class:RegistrationService": {
        "type": "class",
        "name": "RegistrationService",
        "methods": [
          "method:RegistrationService.register",
          "method:RegistrationService.bulkRegister"
        ]
      },
      "method:RegistrationService.register": {
        "type": "method",
        "class": "RegistrationService",
        "name": "register",
        "calls": []
      },
      "method:RegistrationService.bulkRegister": {
        "type": "method",
        "class": "RegistrationService",
        "name": "bulkRegister",
        "calls": []
      },
      "class:AdminService": {
        "type": "class",
        "name": "AdminService",
        "methods": [
          "method:AdminService.deactivateUser"
        ]
      },
      "method:AdminService.deactivateUser": {
        "type": "method",
        "class": "AdminService",
        "name": "deactivateUser",
        "calls": []
      },
      "class:MainApp": {
        "type": "class",
        "name": "MainApp",
        "methods": [
          "method:MainApp.main"
        ]
      },
      "method:MainApp.main": {
        "type": "method",
        "class": "MainApp",
        "name": "main",
        "calls": []
      }
    },
    "edges": [],
    "entry_points": [],
    "external_calls": []
  },
  "relationships": {
    "inheritance": [
      {
        "child": "InMemoryUserRepository",
        "parent": "UserRepository",
        "type": "extends"
      },
      {
        "child": "AdminService",
        "parent": "RegistrationService",
        "type": "extends"
      }
    ],
    "composition": [],
    "association": [],
    "dependency": []
  },
  "complexity_analysis": {
    "class_metrics": {
      "EmailNotifier": {
        "method_count": 1,
        "attribute_count": 0,
        "field_count": 0,
        "complexity_score": 2
      },
      "SMSNotifier": {
        "method_count": 1,
        "attribute_count": 0,
        "field_count": 0,
        "complexity_score": 2
      },
      "UserRepository": {
        "method_count": 2,
        "attribute_count": 0,
        "field_count": 1,
        "complexity_score": 4
      },
      "InMemoryUserRepository": {
        "method_count": 1,
        "attribute_count": 0,
        "field_count": 0,
        "complexity_score": 2
      },
      "RegistrationService": {
        "method_count": 2,
        "attribute_count": 0,
        "field_count": 2,
        "complexity_score": 4
      },
      "AdminService": {
        "method_count": 1,
        "attribute_count": 0,
        "field_count": 0,
        "complexity_score": 2
      },
      "MainApp": {
        "method_count": 1,
        "attribute_count": 0,
        "field_count": 0,
        "complexity_score": 2
      }
    },
    "method_metrics": {},
    "overall_metrics": {
      "total_classes": 7,
      "total_methods": 9,
      "total_functions": 0,
      "average_methods_per_class": 1.2857142857142858,
      "total_imports": 1
    }
  },
  "structure_summary": {
    "total_components": 7,
    "architecture_type": "Object-Oriented",
    "main_components": [
      "UserRepository",
      "RegistrationService",
      "EmailNotifier"
    ],
    "complexity_level": "Moderate"
  }
}