{
  "filename": "tmp7bfsha85.py",
  "language": "python",
  "classes": [
    {
      "name": "Config",
      "line_start": 26,
      "methods": [
        {
          "name": "__init__",
          "calls": [],
          "line_start": 31,
          "parameters": []
        },
        {
          "name": "validate_config",
          "calls": [
            "ValueError"
          ],
          "line_start": 48,
          "parameters": []
        }
      ],
      "attributes": [],
      "bases": []
    },
    {
      "name": "DocumentProcessor",
      "line_start": 167,
      "methods": [
        {
          "name": "__init__",
          "calls": [],
          "line_start": 173,
          "parameters": []
        },
        {
          "name": "load_document",
          "calls": [
            "process",
            "open",
            "ValueError",
            "PyPDFLoader",
            "Exception",
            "_clean_text",
            "join",
            "splitext",
            "str",
            "read",
            "lower",
            "load"
          ],
          "line_start": 177,
          "parameters": [
            "file_path"
          ]
        },
        {
          "name": "_clean_text",
          "calls": [
            "strip",
            "sub"
          ],
          "line_start": 199,
          "parameters": [
            "text"
          ]
        },
        {
          "name": "chunk_document",
          "calls": [
            "ValueError",
            "RecursiveCharacterTextSplitter",
            "Document",
            "split_text",
            "strip"
          ],
          "line_start": 211,
          "parameters": [
            "text",
            "metadata"
          ]
        }
      ],
      "attributes": [],
      "bases": []
    },
    {
      "name": "VectorStoreManager",
      "line_start": 234,
      "methods": [
        {
          "name": "__init__",
          "calls": [
            "HuggingFaceEmbeddings",
            "str",
            "RuntimeError"
          ],
          "line_start": 239,
          "parameters": []
        },
        {
          "name": "create_vector_store",
          "calls": [
            "ValueError",
            "len",
            "RuntimeError",
            "from_documents",
            "str"
          ],
          "line_start": 250,
          "parameters": [
            "documents"
          ]
        }
      ],
      "attributes": [],
      "bases": []
    },
    {
      "name": "PolicySummarizer",
      "line_start": 267,
      "methods": [
        {
          "name": "__init__",
          "calls": [
            "ChatGroq"
          ],
          "line_start": 273,
          "parameters": []
        },
        {
          "name": "summarize_document",
          "calls": [
            "PromptTemplate",
            "run",
            "strip",
            "str",
            "LLMChain"
          ],
          "line_start": 280,
          "parameters": [
            "document_text"
          ]
        }
      ],
      "attributes": [],
      "bases": []
    },
    {
      "name": "PolicyQASystem",
      "line_start": 326,
      "methods": [
        {
          "name": "__init__",
          "calls": [
            "_create_qa_chain",
            "as_retriever",
            "ChatGroq",
            "ValueError"
          ],
          "line_start": 332,
          "parameters": [
            "vector_store"
          ]
        },
        {
          "name": "_create_qa_chain",
          "calls": [
            "from_chain_type",
            "PromptTemplate",
            "strip"
          ],
          "line_start": 348,
          "parameters": []
        },
        {
          "name": "ask_question",
          "calls": [
            "str",
            "invoke",
            "get",
            "strip"
          ],
          "line_start": 381,
          "parameters": [
            "question"
          ]
        }
      ],
      "attributes": [],
      "bases": []
    },
    {
      "name": "StudyFlashcardGenerator",
      "line_start": 400,
      "methods": [
        {
          "name": "__init__",
          "calls": [
            "LLMChain",
            "ChatGroq",
            "PromptTemplate",
            "strip"
          ],
          "line_start": 405,
          "parameters": []
        },
        {
          "name": "generate_flashcards",
          "calls": [
            "str",
            "strip",
            "run"
          ],
          "line_start": 439,
          "parameters": [
            "summary_text"
          ]
        }
      ],
      "attributes": [],
      "bases": []
    },
    {
      "name": "QuizGenerator",
      "line_start": 456,
      "methods": [
        {
          "name": "__init__",
          "calls": [
            "Groq"
          ],
          "line_start": 462,
          "parameters": []
        },
        {
          "name": "_generate_quiz_prompt",
          "calls": [],
          "line_start": 467,
          "parameters": [
            "study_summary"
          ]
        },
        {
          "name": "generate_quiz",
          "calls": [
            "rfind",
            "_generate_quiz_prompt",
            "create",
            "locals",
            "strip",
            "error",
            "code",
            "enumerate",
            "loads",
            "warning",
            "find",
            "append",
            "endswith",
            "info",
            "str",
            "get",
            "isinstance",
            "startswith"
          ],
          "line_start": 506,
          "parameters": [
            "study_summary"
          ]
        }
      ],
      "attributes": [],
      "bases": []
    },
    {
      "name": "PolicyExplainerApp",
      "line_start": 817,
      "methods": [
        {
          "name": "__init__",
          "calls": [
            "VectorStoreManager",
            "initialize_session_state",
            "DocumentProcessor",
            "setup_page"
          ],
          "line_start": 824,
          "parameters": []
        },
        {
          "name": "setup_page",
          "calls": [
            "markdown",
            "set_page_config"
          ],
          "line_start": 831,
          "parameters": []
        },
        {
          "name": "initialize_session_state",
          "calls": [
            "items"
          ],
          "line_start": 841,
          "parameters": []
        },
        {
          "name": "process_uploaded_document",
          "calls": [
            "load_document",
            "spinner",
            "PolicySummarizer",
            "write",
            "chunk_document",
            "create_vector_store",
            "summarize_document",
            "error",
            "exists",
            "unlink",
            "NamedTemporaryFile",
            "getvalue",
            "splitext",
            "str",
            "lower"
          ],
          "line_start": 862,
          "parameters": [
            "uploaded_file",
            "tab_name"
          ]
        },
        {
          "name": "render_upload_section",
          "calls": [
            "file_uploader",
            "success",
            "rerun",
            "button",
            "header",
            "process_uploaded_document",
            "lower"
          ],
          "line_start": 900,
          "parameters": [
            "tab_name"
          ]
        },
        {
          "name": "render_summary_and_questions",
          "calls": [
            "spinner",
            "generate_flashcards",
            "ask_question",
            "error",
            "StudyFlashcardGenerator",
            "text_input",
            "markdown",
            "columns",
            "success",
            "button",
            "append",
            "rerun",
            "str",
            "PolicyQASystem",
            "lower"
          ],
          "line_start": 917,
          "parameters": [
            "tab_name"
          ]
        },
        {
          "name": "render_professional_tab",
          "calls": [
            "render_summary_and_questions",
            "markdown",
            "columns",
            "success",
            "button",
            "rerun",
            "header",
            "render_upload_section"
          ],
          "line_start": 1024,
          "parameters": []
        },
        {
          "name": "render_fresher_tab",
          "calls": [
            "render_summary_and_questions",
            "markdown",
            "columns",
            "success",
            "button",
            "rerun",
            "header",
            "render_upload_section"
          ],
          "line_start": 1050,
          "parameters": []
        },
        {
          "name": "run",
          "calls": [
            "quick_notes_page",
            "render_professional_tab",
            "caption",
            "render_fresher_tab",
            "markdown",
            "title",
            "quiz_page",
            "tabs"
          ],
          "line_start": 1078,
          "parameters": []
        }
      ],
      "attributes": [],
      "bases": []
    }
  ],
  "functions": [
    {
      "name": "quick_notes_page",
      "line_start": 600,
      "calls": [
        "len",
        "warning",
        "markdown",
        "columns",
        "title",
        "button",
        "strip",
        "rerun",
        "append",
        "lstrip",
        "splitlines",
        "startswith",
        "split"
      ],
      "parameters": []
    },
    {
      "name": "quiz_page",
      "line_start": 663,
      "calls": [
        "generate_quiz",
        "isinstance",
        "upper",
        "get",
        "spinner",
        "len",
        "index",
        "warning",
        "button",
        "str",
        "form_submit_button",
        "keys",
        "error",
        "QuizGenerator",
        "enumerate",
        "title",
        "success",
        "rerun",
        "radio",
        "append",
        "strip",
        "progress",
        "list",
        "form",
        "subheader",
        "markdown",
        "columns",
        "values"
      ],
      "parameters": []
    }
  ],
  "imports": [
    {
      "name": "streamlit",
      "alias": "st"
    },
    {
      "name": "os",
      "alias": null
    },
    {
      "name": "tempfile",
      "alias": null
    },
    {
      "name": "json",
      "alias": null
    },
    {
      "name": "typing.List",
      "alias": null,
      "module": "typing"
    },
    {
      "name": "typing.Dict",
      "alias": null,
      "module": "typing"
    },
    {
      "name": "typing.Any",
      "alias": null,
      "module": "typing"
    },
    {
      "name": "langchain.text_splitter.RecursiveCharacterTextSplitter",
      "alias": null,
      "module": "langchain.text_splitter"
    },
    {
      "name": "langchain.schema.Document",
      "alias": null,
      "module": "langchain.schema"
    },
    {
      "name": "langchain.chains.LLMChain",
      "alias": null,
      "module": "langchain.chains"
    },
    {
      "name": "langchain.chains.RetrievalQA",
      "alias": null,
      "module": "langchain.chains"
    },
    {
      "name": "langchain.prompts.PromptTemplate",
      "alias": null,
      "module": "langchain.prompts"
    },
    {
      "name": "langchain_community.vectorstores.FAISS",
      "alias": null,
      "module": "langchain_community.vectorstores"
    },
    {
      "name": "langchain_community.embeddings.HuggingFaceEmbeddings",
      "alias": null,
      "module": "langchain_community.embeddings"
    },
    {
      "name": "langchain_community.document_loaders.PyPDFLoader",
      "alias": null,
      "module": "langchain_community.document_loaders"
    },
    {
      "name": "langchain_community.document_loaders.Docx2txtLoader",
      "alias": null,
      "module": "langchain_community.document_loaders"
    },
    {
      "name": "langchain_community.document_loaders.TextLoader",
      "alias": null,
      "module": "langchain_community.document_loaders"
    },
    {
      "name": "langchain_groq.ChatGroq",
      "alias": null,
      "module": "langchain_groq"
    },
    {
      "name": "groq.Groq",
      "alias": null,
      "module": "groq"
    },
    {
      "name": "docx2txt",
      "alias": null
    }
  ],
  "global_variables": [
    "config",
    "CUSTOM_CSS"
  ],
  "structure": [
    {
      "type": "class",
      "name": "Config",
      "line": 26
    },
    {
      "type": "class",
      "name": "DocumentProcessor",
      "line": 167
    },
    {
      "type": "class",
      "name": "VectorStoreManager",
      "line": 234
    },
    {
      "type": "class",
      "name": "PolicySummarizer",
      "line": 267
    },
    {
      "type": "class",
      "name": "PolicyQASystem",
      "line": 326
    },
    {
      "type": "class",
      "name": "StudyFlashcardGenerator",
      "line": 400
    },
    {
      "type": "class",
      "name": "QuizGenerator",
      "line": 456
    },
    {
      "type": "function",
      "name": "quick_notes_page",
      "line": 600
    },
    {
      "type": "function",
      "name": "quiz_page",
      "line": 663
    },
    {
      "type": "class",
      "name": "PolicyExplainerApp",
      "line": 817
    }
  ],
  "basic_metrics": {
    "total_classes": 8,
    "total_functions": 2,
    "total_imports": 20,
    "total_methods": 27,
    "language": "python"
  },
  "import_analysis": {
    "standard_library": [
      "os",
      "tempfile",
      "json",
      "typing.List",
      "typing.Dict",
      "typing.Any"
    ],
    "third_party": [
      "langchain.text_splitter.RecursiveCharacterTextSplitter",
      "langchain.schema.Document",
      "langchain.chains.LLMChain",
      "langchain.chains.RetrievalQA",
      "langchain.prompts.PromptTemplate",
      "langchain_community.vectorstores.FAISS",
      "langchain_community.embeddings.HuggingFaceEmbeddings",
      "langchain_community.document_loaders.PyPDFLoader",
      "langchain_community.document_loaders.Docx2txtLoader",
      "langchain_community.document_loaders.TextLoader",
      "langchain_groq.ChatGroq",
      "groq.Groq"
    ],
    "internal": [
      "streamlit",
      "docx2txt"
    ],
    "total_count": 20
  },
  "class_hierarchy": {
    "root_classes": [
      "Config",
      "DocumentProcessor",
      "VectorStoreManager",
      "PolicySummarizer",
      "PolicyQASystem",
      "StudyFlashcardGenerator",
      "QuizGenerator",
      "PolicyExplainerApp"
    ],
    "inheritance_chains": [],
    "interfaces": [],
    "abstract_classes": []
  },
  "call_graph": {
    "nodes": {
      "class:Config": {
        "type": "class",
        "name": "Config",
        "methods": [
          "method:Config.__init__",
          "method:Config.validate_config"
        ]
      },
      "method:Config.__init__": {
        "type": "method",
        "class": "Config",
        "name": "__init__",
        "calls": []
      },
      "method:Config.validate_config": {
        "type": "method",
        "class": "Config",
        "name": "validate_config",
        "calls": [
          "ValueError"
        ]
      },
      "class:DocumentProcessor": {
        "type": "class",
        "name": "DocumentProcessor",
        "methods": [
          "method:DocumentProcessor.__init__",
          "method:DocumentProcessor.load_document",
          "method:DocumentProcessor._clean_text",
          "method:DocumentProcessor.chunk_document"
        ]
      },
      "method:DocumentProcessor.__init__": {
        "type": "method",
        "class": "DocumentProcessor",
        "name": "__init__",
        "calls": []
      },
      "method:DocumentProcessor.load_document": {
        "type": "method",
        "class": "DocumentProcessor",
        "name": "load_document",
        "calls": [
          "process",
          "open",
          "ValueError",
          "PyPDFLoader",
          "Exception",
          "_clean_text",
          "join",
          "splitext",
          "str",
          "read",
          "lower",
          "load"
        ]
      },
      "method:DocumentProcessor._clean_text": {
        "type": "method",
        "class": "DocumentProcessor",
        "name": "_clean_text",
        "calls": [
          "strip",
          "sub"
        ]
      },
      "method:DocumentProcessor.chunk_document": {
        "type": "method",
        "class": "DocumentProcessor",
        "name": "chunk_document",
        "calls": [
          "ValueError",
          "RecursiveCharacterTextSplitter",
          "Document",
          "split_text",
          "strip"
        ]
      },
      "class:VectorStoreManager": {
        "type": "class",
        "name": "VectorStoreManager",
        "methods": [
          "method:VectorStoreManager.__init__",
          "method:VectorStoreManager.create_vector_store"
        ]
      },
      "method:VectorStoreManager.__init__": {
        "type": "method",
        "class": "VectorStoreManager",
        "name": "__init__",
        "calls": [
          "HuggingFaceEmbeddings",
          "str",
          "RuntimeError"
        ]
      },
      "method:VectorStoreManager.create_vector_store": {
        "type": "method",
        "class": "VectorStoreManager",
        "name": "create_vector_store",
        "calls": [
          "ValueError",
          "len",
          "RuntimeError",
          "from_documents",
          "str"
        ]
      },
      "class:PolicySummarizer": {
        "type": "class",
        "name": "PolicySummarizer",
        "methods": [
          "method:PolicySummarizer.__init__",
          "method:PolicySummarizer.summarize_document"
        ]
      },
      "method:PolicySummarizer.__init__": {
        "type": "method",
        "class": "PolicySummarizer",
        "name": "__init__",
        "calls": [
          "ChatGroq"
        ]
      },
      "method:PolicySummarizer.summarize_document": {
        "type": "method",
        "class": "PolicySummarizer",
        "name": "summarize_document",
        "calls": [
          "PromptTemplate",
          "run",
          "strip",
          "str",
          "LLMChain"
        ]
      },
      "class:PolicyQASystem": {
        "type": "class",
        "name": "PolicyQASystem",
        "methods": [
          "method:PolicyQASystem.__init__",
          "method:PolicyQASystem._create_qa_chain",
          "method:PolicyQASystem.ask_question"
        ]
      },
      "method:PolicyQASystem.__init__": {
        "type": "method",
        "class": "PolicyQASystem",
        "name": "__init__",
        "calls": [
          "_create_qa_chain",
          "as_retriever",
          "ChatGroq",
          "ValueError"
        ]
      },
      "method:PolicyQASystem._create_qa_chain": {
        "type": "method",
        "class": "PolicyQASystem",
        "name": "_create_qa_chain",
        "calls": [
          "from_chain_type",
          "PromptTemplate",
          "strip"
        ]
      },
      "method:PolicyQASystem.ask_question": {
        "type": "method",
        "class": "PolicyQASystem",
        "name": "ask_question",
        "calls": [
          "str",
          "invoke",
          "get",
          "strip"
        ]
      },
      "class:StudyFlashcardGenerator": {
        "type": "class",
        "name": "StudyFlashcardGenerator",
        "methods": [
          "method:StudyFlashcardGenerator.__init__",
          "method:StudyFlashcardGenerator.generate_flashcards"
        ]
      },
      "method:StudyFlashcardGenerator.__init__": {
        "type": "method",
        "class": "StudyFlashcardGenerator",
        "name": "__init__",
        "calls": [
          "LLMChain",
          "ChatGroq",
          "PromptTemplate",
          "strip"
        ]
      },
      "method:StudyFlashcardGenerator.generate_flashcards": {
        "type": "method",
        "class": "StudyFlashcardGenerator",
        "name": "generate_flashcards",
        "calls": [
          "str",
          "strip",
          "run"
        ]
      },
      "class:QuizGenerator": {
        "type": "class",
        "name": "QuizGenerator",
        "methods": [
          "method:QuizGenerator.__init__",
          "method:QuizGenerator._generate_quiz_prompt",
          "method:QuizGenerator.generate_quiz"
        ]
      },
      "method:QuizGenerator.__init__": {
        "type": "method",
        "class": "QuizGenerator",
        "name": "__init__",
        "calls": [
          "Groq"
        ]
      },
      "method:QuizGenerator._generate_quiz_prompt": {
        "type": "method",
        "class": "QuizGenerator",
        "name": "_generate_quiz_prompt",
        "calls": []
      },
      "method:QuizGenerator.generate_quiz": {
        "type": "method",
        "class": "QuizGenerator",
        "name": "generate_quiz",
        "calls": [
          "rfind",
          "_generate_quiz_prompt",
          "create",
          "locals",
          "strip",
          "error",
          "code",
          "enumerate",
          "loads",
          "warning",
          "find",
          "append",
          "endswith",
          "info",
          "str",
          "get",
          "isinstance",
          "startswith"
        ]
      },
      "class:PolicyExplainerApp": {
        "type": "class",
        "name": "PolicyExplainerApp",
        "methods": [
          "method:PolicyExplainerApp.__init__",
          "method:PolicyExplainerApp.setup_page",
          "method:PolicyExplainerApp.initialize_session_state",
          "method:PolicyExplainerApp.process_uploaded_document",
          "method:PolicyExplainerApp.render_upload_section",
          "method:PolicyExplainerApp.render_summary_and_questions",
          "method:PolicyExplainerApp.render_professional_tab",
          "method:PolicyExplainerApp.render_fresher_tab",
          "method:PolicyExplainerApp.run"
        ]
      },
      "method:PolicyExplainerApp.__init__": {
        "type": "method",
        "class": "PolicyExplainerApp",
        "name": "__init__",
        "calls": [
          "VectorStoreManager",
          "initialize_session_state",
          "DocumentProcessor",
          "setup_page"
        ]
      },
      "method:PolicyExplainerApp.setup_page": {
        "type": "method",
        "class": "PolicyExplainerApp",
        "name": "setup_page",
        "calls": [
          "markdown",
          "set_page_config"
        ]
      },
      "method:PolicyExplainerApp.initialize_session_state": {
        "type": "method",
        "class": "PolicyExplainerApp",
        "name": "initialize_session_state",
        "calls": [
          "items"
        ]
      },
      "method:PolicyExplainerApp.process_uploaded_document": {
        "type": "method",
        "class": "PolicyExplainerApp",
        "name": "process_uploaded_document",
        "calls": [
          "load_document",
          "spinner",
          "PolicySummarizer",
          "write",
          "chunk_document",
          "create_vector_store",
          "summarize_document",
          "error",
          "exists",
          "unlink",
          "NamedTemporaryFile",
          "getvalue",
          "splitext",
          "str",
          "lower"
        ]
      },
      "method:PolicyExplainerApp.render_upload_section": {
        "type": "method",
        "class": "PolicyExplainerApp",
        "name": "render_upload_section",
        "calls": [
          "file_uploader",
          "success",
          "rerun",
          "button",
          "header",
          "process_uploaded_document",
          "lower"
        ]
      },
      "method:PolicyExplainerApp.render_summary_and_questions": {
        "type": "method",
        "class": "PolicyExplainerApp",
        "name": "render_summary_and_questions",
        "calls": [
          "spinner",
          "generate_flashcards",
          "ask_question",
          "error",
          "StudyFlashcardGenerator",
          "text_input",
          "markdown",
          "columns",
          "success",
          "button",
          "append",
          "rerun",
          "str",
          "PolicyQASystem",
          "lower"
        ]
      },
      "method:PolicyExplainerApp.render_professional_tab": {
        "type": "method",
        "class": "PolicyExplainerApp",
        "name": "render_professional_tab",
        "calls": [
          "render_summary_and_questions",
          "markdown",
          "columns",
          "success",
          "button",
          "rerun",
          "header",
          "render_upload_section"
        ]
      },
      "method:PolicyExplainerApp.render_fresher_tab": {
        "type": "method",
        "class": "PolicyExplainerApp",
        "name": "render_fresher_tab",
        "calls": [
          "render_summary_and_questions",
          "markdown",
          "columns",
          "success",
          "button",
          "rerun",
          "header",
          "render_upload_section"
        ]
      },
      "method:PolicyExplainerApp.run": {
        "type": "method",
        "class": "PolicyExplainerApp",
        "name": "run",
        "calls": [
          "quick_notes_page",
          "render_professional_tab",
          "caption",
          "render_fresher_tab",
          "markdown",
          "title",
          "quiz_page",
          "tabs"
        ]
      },
      "function:quick_notes_page": {
        "type": "function",
        "name": "quick_notes_page",
        "calls": [
          "len",
          "warning",
          "markdown",
          "columns",
          "title",
          "button",
          "strip",
          "rerun",
          "append",
          "lstrip",
          "splitlines",
          "startswith",
          "split"
        ]
      },
      "function:quiz_page": {
        "type": "function",
        "name": "quiz_page",
        "calls": [
          "generate_quiz",
          "isinstance",
          "upper",
          "get",
          "spinner",
          "len",
          "index",
          "warning",
          "button",
          "str",
          "form_submit_button",
          "keys",
          "error",
          "QuizGenerator",
          "enumerate",
          "title",
          "success",
          "rerun",
          "radio",
          "append",
          "strip",
          "progress",
          "list",
          "form",
          "subheader",
          "markdown",
          "columns",
          "values"
        ]
      }
    },
    "edges": [
      {
        "source": "method:DocumentProcessor.load_document",
        "target": "method:DocumentProcessor._clean_text",
        "type": "calls"
      },
      {
        "source": "method:PolicySummarizer.summarize_document",
        "target": "method:PolicyExplainerApp.run",
        "type": "calls"
      },
      {
        "source": "method:PolicyQASystem.__init__",
        "target": "method:PolicyQASystem._create_qa_chain",
        "type": "calls"
      },
      {
        "source": "method:StudyFlashcardGenerator.generate_flashcards",
        "target": "method:PolicyExplainerApp.run",
        "type": "calls"
      },
      {
        "source": "method:QuizGenerator.generate_quiz",
        "target": "method:QuizGenerator._generate_quiz_prompt",
        "type": "calls"
      },
      {
        "source": "method:PolicyExplainerApp.__init__",
        "target": "class:VectorStoreManager",
        "type": "calls"
      },
      {
        "source": "method:PolicyExplainerApp.__init__",
        "target": "method:PolicyExplainerApp.initialize_session_state",
        "type": "calls"
      },
      {
        "source": "method:PolicyExplainerApp.__init__",
        "target": "class:DocumentProcessor",
        "type": "calls"
      },
      {
        "source": "method:PolicyExplainerApp.__init__",
        "target": "method:PolicyExplainerApp.setup_page",
        "type": "calls"
      },
      {
        "source": "method:PolicyExplainerApp.process_uploaded_document",
        "target": "method:DocumentProcessor.load_document",
        "type": "calls"
      },
      {
        "source": "method:PolicyExplainerApp.process_uploaded_document",
        "target": "class:PolicySummarizer",
        "type": "calls"
      },
      {
        "source": "method:PolicyExplainerApp.process_uploaded_document",
        "target": "method:DocumentProcessor.chunk_document",
        "type": "calls"
      },
      {
        "source": "method:PolicyExplainerApp.process_uploaded_document",
        "target": "method:VectorStoreManager.create_vector_store",
        "type": "calls"
      },
      {
        "source": "method:PolicyExplainerApp.process_uploaded_document",
        "target": "method:PolicySummarizer.summarize_document",
        "type": "calls"
      },
      {
        "source": "method:PolicyExplainerApp.render_upload_section",
        "target": "method:PolicyExplainerApp.process_uploaded_document",
        "type": "calls"
      },
      {
        "source": "method:PolicyExplainerApp.render_summary_and_questions",
        "target": "method:StudyFlashcardGenerator.generate_flashcards",
        "type": "calls"
      },
      {
        "source": "method:PolicyExplainerApp.render_summary_and_questions",
        "target": "method:PolicyQASystem.ask_question",
        "type": "calls"
      },
      {
        "source": "method:PolicyExplainerApp.render_summary_and_questions",
        "target": "class:StudyFlashcardGenerator",
        "type": "calls"
      },
      {
        "source": "method:PolicyExplainerApp.render_summary_and_questions",
        "target": "class:PolicyQASystem",
        "type": "calls"
      },
      {
        "source": "method:PolicyExplainerApp.render_professional_tab",
        "target": "method:PolicyExplainerApp.render_summary_and_questions",
        "type": "calls"
      },
      {
        "source": "method:PolicyExplainerApp.render_professional_tab",
        "target": "method:PolicyExplainerApp.render_upload_section",
        "type": "calls"
      },
      {
        "source": "method:PolicyExplainerApp.render_fresher_tab",
        "target": "method:PolicyExplainerApp.render_summary_and_questions",
        "type": "calls"
      },
      {
        "source": "method:PolicyExplainerApp.render_fresher_tab",
        "target": "method:PolicyExplainerApp.render_upload_section",
        "type": "calls"
      },
      {
        "source": "method:PolicyExplainerApp.run",
        "target": "function:quick_notes_page",
        "type": "calls"
      },
      {
        "source": "method:PolicyExplainerApp.run",
        "target": "method:PolicyExplainerApp.render_professional_tab",
        "type": "calls"
      },
      {
        "source": "method:PolicyExplainerApp.run",
        "target": "method:PolicyExplainerApp.render_fresher_tab",
        "type": "calls"
      },
      {
        "source": "method:PolicyExplainerApp.run",
        "target": "function:quiz_page",
        "type": "calls"
      },
      {
        "source": "function:quiz_page",
        "target": "method:QuizGenerator.generate_quiz",
        "type": "calls"
      },
      {
        "source": "function:quiz_page",
        "target": "class:QuizGenerator",
        "type": "calls"
      }
    ],
    "entry_points": [],
    "external_calls": []
  },
  "relationships": {
    "inheritance": [],
    "composition": [],
    "association": [],
    "dependency": [
      {
        "source": "PolicyExplainerApp",
        "target": "VectorStoreManager",
        "via_method": "__init__",
        "type": "method_call"
      },
      {
        "source": "PolicyExplainerApp",
        "target": "DocumentProcessor",
        "via_method": "__init__",
        "type": "method_call"
      },
      {
        "source": "PolicyExplainerApp",
        "target": "PolicySummarizer",
        "via_method": "process_uploaded_document",
        "type": "method_call"
      },
      {
        "source": "PolicyExplainerApp",
        "target": "StudyFlashcardGenerator",
        "via_method": "render_summary_and_questions",
        "type": "method_call"
      },
      {
        "source": "PolicyExplainerApp",
        "target": "PolicyQASystem",
        "via_method": "render_summary_and_questions",
        "type": "method_call"
      }
    ]
  },
  "complexity_analysis": {
    "class_metrics": {
      "Config": {
        "method_count": 2,
        "attribute_count": 0,
        "field_count": 0,
        "complexity_score": 4
      },
      "DocumentProcessor": {
        "method_count": 4,
        "attribute_count": 0,
        "field_count": 0,
        "complexity_score": 8
      },
      "VectorStoreManager": {
        "method_count": 2,
        "attribute_count": 0,
        "field_count": 0,
        "complexity_score": 4
      },
      "PolicySummarizer": {
        "method_count": 2,
        "attribute_count": 0,
        "field_count": 0,
        "complexity_score": 4
      },
      "PolicyQASystem": {
        "method_count": 3,
        "attribute_count": 0,
        "field_count": 0,
        "complexity_score": 6
      },
      "StudyFlashcardGenerator": {
        "method_count": 2,
        "attribute_count": 0,
        "field_count": 0,
        "complexity_score": 4
      },
      "QuizGenerator": {
        "method_count": 3,
        "attribute_count": 0,
        "field_count": 0,
        "complexity_score": 6
      },
      "PolicyExplainerApp": {
        "method_count": 9,
        "attribute_count": 0,
        "field_count": 0,
        "complexity_score": 18
      }
    },
    "method_metrics": {},
    "overall_metrics": {
      "total_classes": 8,
      "total_methods": 27,
      "total_functions": 2,
      "average_methods_per_class": 3.375,
      "total_imports": 20
    }
  },
  "structure_summary": {
    "total_components": 10,
    "architecture_type": "Object-Oriented",
    "main_components": [
      "PolicyExplainerApp",
      "DocumentProcessor",
      "PolicyQASystem"
    ],
    "complexity_level": "Complex"
  }
}