{
  "filename": "tmp7k3liohl.py",
  "language": "python",
  "classes": [
    {
      "name": "CodeToDiagramApp",
      "line_start": 47,
      "methods": [
        {
          "name": "__init__",
          "calls": [
            "create_required_directories",
            "load_environment",
            "initialize_session_state",
            "setup_page_config"
          ],
          "line_start": 52,
          "parameters": []
        },
        {
          "name": "create_required_directories",
          "calls": [
            "Path",
            "mkdir"
          ],
          "line_start": 58,
          "parameters": []
        },
        {
          "name": "initialize_session_state",
          "calls": [
            "items"
          ],
          "line_start": 65,
          "parameters": []
        },
        {
          "name": "setup_page_config",
          "calls": [
            "set_page_config",
            "load_custom_css"
          ],
          "line_start": 90,
          "parameters": []
        },
        {
          "name": "load_custom_css",
          "calls": [
            "markdown"
          ],
          "line_start": 107,
          "parameters": []
        },
        {
          "name": "load_environment",
          "calls": [
            "load_dotenv"
          ],
          "line_start": 161,
          "parameters": []
        },
        {
          "name": "run",
          "calls": [
            "display_main_content",
            "handle_global_error",
            "display_footer",
            "display_sidebar",
            "display_header"
          ],
          "line_start": 165,
          "parameters": []
        },
        {
          "name": "display_header",
          "calls": [
            "markdown"
          ],
          "line_start": 183,
          "parameters": []
        },
        {
          "name": "display_sidebar",
          "calls": [
            "index",
            "button",
            "list",
            "get_available_formats",
            "columns",
            "selectbox",
            "display_status_indicator",
            "warning",
            "getenv",
            "radio",
            "header",
            "reset_application",
            "text_input",
            "markdown",
            "load_example",
            "values",
            "get_available_styles",
            "keys",
            "toggle"
          ],
          "line_start": 199,
          "parameters": []
        },
        {
          "name": "display_main_content",
          "calls": [
            "display_viewer_page",
            "display_chat_page",
            "display_upload_page"
          ],
          "line_start": 291,
          "parameters": []
        },
        {
          "name": "display_upload_page",
          "calls": [
            "process_uploaded_file",
            "decode",
            "button",
            "endswith",
            "display_processing_status",
            "isinstance",
            "expander",
            "display_upload_prompt",
            "columns",
            "read",
            "exists",
            "open",
            "join",
            "getvalue",
            "warning",
            "header",
            "show_error",
            "len",
            "file_uploader",
            "get_file_type",
            "code",
            "Path",
            "split",
            "metric",
            "str",
            "hasattr",
            "caption"
          ],
          "line_start": 300,
          "parameters": []
        },
        {
          "name": "display_upload_prompt",
          "calls": [
            "markdown",
            "columns"
          ],
          "line_start": 384,
          "parameters": []
        },
        {
          "name": "display_viewer_page",
          "calls": [
            "subheader",
            "export_all_formats",
            "Path",
            "spinner",
            "header",
            "regenerate_diagram",
            "columns",
            "show_error",
            "exists",
            "save_dot_source",
            "display_no_diagram_state",
            "str",
            "button",
            "export_to_markdown",
            "markdown",
            "DiagramViewer",
            "success",
            "display_diagram_with_editor"
          ],
          "line_start": 440,
          "parameters": []
        },
        {
          "name": "display_chat_page",
          "calls": [
            "reset_to_original",
            "warning",
            "Path",
            "header",
            "columns",
            "info",
            "exists",
            "display_no_diagram_state",
            "button",
            "text_input",
            "subheader",
            "handle_chat_message"
          ],
          "line_start": 496,
          "parameters": []
        },
        {
          "name": "display_no_diagram_state",
          "calls": [
            "warning",
            "button",
            "rerun"
          ],
          "line_start": 546,
          "parameters": []
        },
        {
          "name": "display_processing_status",
          "calls": [
            "show_processing",
            "get"
          ],
          "line_start": 556,
          "parameters": []
        },
        {
          "name": "display_status_indicator",
          "calls": [
            "Path",
            "exists",
            "markdown",
            "subheader",
            "bool"
          ],
          "line_start": 571,
          "parameters": []
        },
        {
          "name": "display_footer",
          "calls": [
            "markdown"
          ],
          "line_start": 592,
          "parameters": []
        },
        {
          "name": "process_uploaded_file",
          "calls": [
            "set_style",
            "encode",
            "export_diagram",
            "DiagramGenerator",
            "generate_diagram",
            "isinstance",
            "analyze",
            "GroqIntegration",
            "read",
            "info",
            "exists",
            "Exception",
            "CodeParser",
            "open",
            "unlink",
            "success",
            "getvalue",
            "warning",
            "balloons",
            "error",
            "NamedTemporaryFile",
            "Path",
            "generate_diagram_explanation",
            "str",
            "parse_file",
            "CodeAnalyzer",
            "write",
            "hasattr",
            "DiagramExporter"
          ],
          "line_start": 604,
          "parameters": [
            "uploaded_file"
          ]
        },
        {
          "name": "regenerate_diagram",
          "calls": [
            "set_style",
            "error",
            "DiagramGenerator",
            "str",
            "generate_diagram",
            "success",
            "rerun"
          ],
          "line_start": 726,
          "parameters": [
            "dot_source"
          ]
        },
        {
          "name": "handle_chat_message",
          "calls": [
            "append",
            "edit_diagram_via_chat",
            "error",
            "str",
            "success",
            "GroqIntegration"
          ],
          "line_start": 751,
          "parameters": [
            "message"
          ]
        },
        {
          "name": "reset_to_original",
          "calls": [
            "error",
            "success",
            "get"
          ],
          "line_start": 795,
          "parameters": []
        },
        {
          "name": "save_dot_source",
          "calls": [
            "Path",
            "error",
            "mkdir",
            "str",
            "open",
            "write",
            "success"
          ],
          "line_start": 804,
          "parameters": []
        },
        {
          "name": "export_to_markdown",
          "calls": [
            "Path",
            "success",
            "error",
            "str",
            "export_to_markdown",
            "DiagramExporter"
          ],
          "line_start": 820,
          "parameters": []
        },
        {
          "name": "export_all_formats",
          "calls": [
            "Path",
            "export_diagram",
            "success",
            "error",
            "str",
            "DiagramExporter"
          ],
          "line_start": 841,
          "parameters": []
        },
        {
          "name": "reset_application",
          "calls": [
            "keys",
            "list",
            "rerun"
          ],
          "line_start": 862,
          "parameters": []
        },
        {
          "name": "load_example",
          "calls": [
            "success",
            "StringIO"
          ],
          "line_start": 868,
          "parameters": []
        },
        {
          "name": "get_file_type",
          "calls": [
            "Path",
            "lower",
            "get"
          ],
          "line_start": 940,
          "parameters": [
            "filename"
          ]
        },
        {
          "name": "handle_global_error",
          "calls": [
            "code",
            "expander",
            "error",
            "str"
          ],
          "line_start": 945,
          "parameters": [
            "error"
          ]
        }
      ],
      "attributes": [],
      "bases": []
    }
  ],
  "functions": [
    {
      "name": "main",
      "line_start": 964,
      "calls": [
        "run",
        "CodeToDiagramApp",
        "load_dotenv"
      ],
      "parameters": []
    }
  ],
  "imports": [
    {
      "name": "streamlit",
      "alias": "st"
    },
    {
      "name": "os",
      "alias": null
    },
    {
      "name": "sys",
      "alias": null
    },
    {
      "name": "pathlib.Path",
      "alias": null,
      "module": "pathlib"
    },
    {
      "name": "tempfile",
      "alias": null
    },
    {
      "name": "typing.Optional",
      "alias": null,
      "module": "typing"
    },
    {
      "name": "typing.Dict",
      "alias": null,
      "module": "typing"
    },
    {
      "name": "typing.Any",
      "alias": null,
      "module": "typing"
    },
    {
      "name": "typing.Tuple",
      "alias": null,
      "module": "typing"
    },
    {
      "name": "time",
      "alias": null
    },
    {
      "name": "dotenv.load_dotenv",
      "alias": null,
      "module": "dotenv"
    }
  ],
  "global_variables": [],
  "structure": [
    {
      "type": "class",
      "name": "CodeToDiagramApp",
      "line": 47
    },
    {
      "type": "function",
      "name": "main",
      "line": 964
    }
  ],
  "basic_metrics": {
    "total_classes": 1,
    "total_functions": 1,
    "total_imports": 11,
    "total_methods": 29,
    "language": "python"
  },
  "import_analysis": {
    "standard_library": [
      "os",
      "sys",
      "pathlib.Path",
      "tempfile",
      "typing.Optional",
      "typing.Dict",
      "typing.Any",
      "typing.Tuple"
    ],
    "third_party": [
      "dotenv.load_dotenv"
    ],
    "internal": [
      "streamlit",
      "time"
    ],
    "total_count": 11
  },
  "class_hierarchy": {
    "root_classes": [
      "CodeToDiagramApp"
    ],
    "inheritance_chains": [],
    "interfaces": [],
    "abstract_classes": []
  },
  "call_graph": {
    "nodes": {
      "class:CodeToDiagramApp": {
        "type": "class",
        "name": "CodeToDiagramApp",
        "methods": [
          "method:CodeToDiagramApp.__init__",
          "method:CodeToDiagramApp.create_required_directories",
          "method:CodeToDiagramApp.initialize_session_state",
          "method:CodeToDiagramApp.setup_page_config",
          "method:CodeToDiagramApp.load_custom_css",
          "method:CodeToDiagramApp.load_environment",
          "method:CodeToDiagramApp.run",
          "method:CodeToDiagramApp.display_header",
          "method:CodeToDiagramApp.display_sidebar",
          "method:CodeToDiagramApp.display_main_content",
          "method:CodeToDiagramApp.display_upload_page",
          "method:CodeToDiagramApp.display_upload_prompt",
          "method:CodeToDiagramApp.display_viewer_page",
          "method:CodeToDiagramApp.display_chat_page",
          "method:CodeToDiagramApp.display_no_diagram_state",
          "method:CodeToDiagramApp.display_processing_status",
          "method:CodeToDiagramApp.display_status_indicator",
          "method:CodeToDiagramApp.display_footer",
          "method:CodeToDiagramApp.process_uploaded_file",
          "method:CodeToDiagramApp.regenerate_diagram",
          "method:CodeToDiagramApp.handle_chat_message",
          "method:CodeToDiagramApp.reset_to_original",
          "method:CodeToDiagramApp.save_dot_source",
          "method:CodeToDiagramApp.export_to_markdown",
          "method:CodeToDiagramApp.export_all_formats",
          "method:CodeToDiagramApp.reset_application",
          "method:CodeToDiagramApp.load_example",
          "method:CodeToDiagramApp.get_file_type",
          "method:CodeToDiagramApp.handle_global_error"
        ]
      },
      "method:CodeToDiagramApp.__init__": {
        "type": "method",
        "class": "CodeToDiagramApp",
        "name": "__init__",
        "calls": [
          "create_required_directories",
          "load_environment",
          "initialize_session_state",
          "setup_page_config"
        ]
      },
      "method:CodeToDiagramApp.create_required_directories": {
        "type": "method",
        "class": "CodeToDiagramApp",
        "name": "create_required_directories",
        "calls": [
          "Path",
          "mkdir"
        ]
      },
      "method:CodeToDiagramApp.initialize_session_state": {
        "type": "method",
        "class": "CodeToDiagramApp",
        "name": "initialize_session_state",
        "calls": [
          "items"
        ]
      },
      "method:CodeToDiagramApp.setup_page_config": {
        "type": "method",
        "class": "CodeToDiagramApp",
        "name": "setup_page_config",
        "calls": [
          "set_page_config",
          "load_custom_css"
        ]
      },
      "method:CodeToDiagramApp.load_custom_css": {
        "type": "method",
        "class": "CodeToDiagramApp",
        "name": "load_custom_css",
        "calls": [
          "markdown"
        ]
      },
      "method:CodeToDiagramApp.load_environment": {
        "type": "method",
        "class": "CodeToDiagramApp",
        "name": "load_environment",
        "calls": [
          "load_dotenv"
        ]
      },
      "method:CodeToDiagramApp.run": {
        "type": "method",
        "class": "CodeToDiagramApp",
        "name": "run",
        "calls": [
          "display_main_content",
          "handle_global_error",
          "display_footer",
          "display_sidebar",
          "display_header"
        ]
      },
      "method:CodeToDiagramApp.display_header": {
        "type": "method",
        "class": "CodeToDiagramApp",
        "name": "display_header",
        "calls": [
          "markdown"
        ]
      },
      "method:CodeToDiagramApp.display_sidebar": {
        "type": "method",
        "class": "CodeToDiagramApp",
        "name": "display_sidebar",
        "calls": [
          "index",
          "button",
          "list",
          "get_available_formats",
          "columns",
          "selectbox",
          "display_status_indicator",
          "warning",
          "getenv",
          "radio",
          "header",
          "reset_application",
          "text_input",
          "markdown",
          "load_example",
          "values",
          "get_available_styles",
          "keys",
          "toggle"
        ]
      },
      "method:CodeToDiagramApp.display_main_content": {
        "type": "method",
        "class": "CodeToDiagramApp",
        "name": "display_main_content",
        "calls": [
          "display_viewer_page",
          "display_chat_page",
          "display_upload_page"
        ]
      },
      "method:CodeToDiagramApp.display_upload_page": {
        "type": "method",
        "class": "CodeToDiagramApp",
        "name": "display_upload_page",
        "calls": [
          "process_uploaded_file",
          "decode",
          "button",
          "endswith",
          "display_processing_status",
          "isinstance",
          "expander",
          "display_upload_prompt",
          "columns",
          "read",
          "exists",
          "open",
          "join",
          "getvalue",
          "warning",
          "header",
          "show_error",
          "len",
          "file_uploader",
          "get_file_type",
          "code",
          "Path",
          "split",
          "metric",
          "str",
          "hasattr",
          "caption"
        ]
      },
      "method:CodeToDiagramApp.display_upload_prompt": {
        "type": "method",
        "class": "CodeToDiagramApp",
        "name": "display_upload_prompt",
        "calls": [
          "markdown",
          "columns"
        ]
      },
      "method:CodeToDiagramApp.display_viewer_page": {
        "type": "method",
        "class": "CodeToDiagramApp",
        "name": "display_viewer_page",
        "calls": [
          "subheader",
          "export_all_formats",
          "Path",
          "spinner",
          "header",
          "regenerate_diagram",
          "columns",
          "show_error",
          "exists",
          "save_dot_source",
          "display_no_diagram_state",
          "str",
          "button",
          "export_to_markdown",
          "markdown",
          "DiagramViewer",
          "success",
          "display_diagram_with_editor"
        ]
      },
      "method:CodeToDiagramApp.display_chat_page": {
        "type": "method",
        "class": "CodeToDiagramApp",
        "name": "display_chat_page",
        "calls": [
          "reset_to_original",
          "warning",
          "Path",
          "header",
          "columns",
          "info",
          "exists",
          "display_no_diagram_state",
          "button",
          "text_input",
          "subheader",
          "handle_chat_message"
        ]
      },
      "method:CodeToDiagramApp.display_no_diagram_state": {
        "type": "method",
        "class": "CodeToDiagramApp",
        "name": "display_no_diagram_state",
        "calls": [
          "warning",
          "button",
          "rerun"
        ]
      },
      "method:CodeToDiagramApp.display_processing_status": {
        "type": "method",
        "class": "CodeToDiagramApp",
        "name": "display_processing_status",
        "calls": [
          "show_processing",
          "get"
        ]
      },
      "method:CodeToDiagramApp.display_status_indicator": {
        "type": "method",
        "class": "CodeToDiagramApp",
        "name": "display_status_indicator",
        "calls": [
          "Path",
          "exists",
          "markdown",
          "subheader",
          "bool"
        ]
      },
      "method:CodeToDiagramApp.display_footer": {
        "type": "method",
        "class": "CodeToDiagramApp",
        "name": "display_footer",
        "calls": [
          "markdown"
        ]
      },
      "method:CodeToDiagramApp.process_uploaded_file": {
        "type": "method",
        "class": "CodeToDiagramApp",
        "name": "process_uploaded_file",
        "calls": [
          "set_style",
          "encode",
          "export_diagram",
          "DiagramGenerator",
          "generate_diagram",
          "isinstance",
          "analyze",
          "GroqIntegration",
          "read",
          "info",
          "exists",
          "Exception",
          "CodeParser",
          "open",
          "unlink",
          "success",
          "getvalue",
          "warning",
          "balloons",
          "error",
          "NamedTemporaryFile",
          "Path",
          "generate_diagram_explanation",
          "str",
          "parse_file",
          "CodeAnalyzer",
          "write",
          "hasattr",
          "DiagramExporter"
        ]
      },
      "method:CodeToDiagramApp.regenerate_diagram": {
        "type": "method",
        "class": "CodeToDiagramApp",
        "name": "regenerate_diagram",
        "calls": [
          "set_style",
          "error",
          "DiagramGenerator",
          "str",
          "generate_diagram",
          "success",
          "rerun"
        ]
      },
      "method:CodeToDiagramApp.handle_chat_message": {
        "type": "method",
        "class": "CodeToDiagramApp",
        "name": "handle_chat_message",
        "calls": [
          "append",
          "edit_diagram_via_chat",
          "error",
          "str",
          "success",
          "GroqIntegration"
        ]
      },
      "method:CodeToDiagramApp.reset_to_original": {
        "type": "method",
        "class": "CodeToDiagramApp",
        "name": "reset_to_original",
        "calls": [
          "error",
          "success",
          "get"
        ]
      },
      "method:CodeToDiagramApp.save_dot_source": {
        "type": "method",
        "class": "CodeToDiagramApp",
        "name": "save_dot_source",
        "calls": [
          "Path",
          "error",
          "mkdir",
          "str",
          "open",
          "write",
          "success"
        ]
      },
      "method:CodeToDiagramApp.export_to_markdown": {
        "type": "method",
        "class": "CodeToDiagramApp",
        "name": "export_to_markdown",
        "calls": [
          "Path",
          "success",
          "error",
          "str",
          "export_to_markdown",
          "DiagramExporter"
        ]
      },
      "method:CodeToDiagramApp.export_all_formats": {
        "type": "method",
        "class": "CodeToDiagramApp",
        "name": "export_all_formats",
        "calls": [
          "Path",
          "export_diagram",
          "success",
          "error",
          "str",
          "DiagramExporter"
        ]
      },
      "method:CodeToDiagramApp.reset_application": {
        "type": "method",
        "class": "CodeToDiagramApp",
        "name": "reset_application",
        "calls": [
          "keys",
          "list",
          "rerun"
        ]
      },
      "method:CodeToDiagramApp.load_example": {
        "type": "method",
        "class": "CodeToDiagramApp",
        "name": "load_example",
        "calls": [
          "success",
          "StringIO"
        ]
      },
      "method:CodeToDiagramApp.get_file_type": {
        "type": "method",
        "class": "CodeToDiagramApp",
        "name": "get_file_type",
        "calls": [
          "Path",
          "lower",
          "get"
        ]
      },
      "method:CodeToDiagramApp.handle_global_error": {
        "type": "method",
        "class": "CodeToDiagramApp",
        "name": "handle_global_error",
        "calls": [
          "code",
          "expander",
          "error",
          "str"
        ]
      },
      "function:main": {
        "type": "function",
        "name": "main",
        "calls": [
          "run",
          "CodeToDiagramApp",
          "load_dotenv"
        ]
      }
    },
    "edges": [
      {
        "source": "method:CodeToDiagramApp.__init__",
        "target": "method:CodeToDiagramApp.create_required_directories",
        "type": "calls"
      },
      {
        "source": "method:CodeToDiagramApp.__init__",
        "target": "method:CodeToDiagramApp.load_environment",
        "type": "calls"
      },
      {
        "source": "method:CodeToDiagramApp.__init__",
        "target": "method:CodeToDiagramApp.initialize_session_state",
        "type": "calls"
      },
      {
        "source": "method:CodeToDiagramApp.__init__",
        "target": "method:CodeToDiagramApp.setup_page_config",
        "type": "calls"
      },
      {
        "source": "method:CodeToDiagramApp.setup_page_config",
        "target": "method:CodeToDiagramApp.load_custom_css",
        "type": "calls"
      },
      {
        "source": "method:CodeToDiagramApp.run",
        "target": "method:CodeToDiagramApp.display_main_content",
        "type": "calls"
      },
      {
        "source": "method:CodeToDiagramApp.run",
        "target": "method:CodeToDiagramApp.handle_global_error",
        "type": "calls"
      },
      {
        "source": "method:CodeToDiagramApp.run",
        "target": "method:CodeToDiagramApp.display_footer",
        "type": "calls"
      },
      {
        "source": "method:CodeToDiagramApp.run",
        "target": "method:CodeToDiagramApp.display_sidebar",
        "type": "calls"
      },
      {
        "source": "method:CodeToDiagramApp.run",
        "target": "method:CodeToDiagramApp.display_header",
        "type": "calls"
      },
      {
        "source": "method:CodeToDiagramApp.display_sidebar",
        "target": "method:CodeToDiagramApp.display_status_indicator",
        "type": "calls"
      },
      {
        "source": "method:CodeToDiagramApp.display_sidebar",
        "target": "method:CodeToDiagramApp.reset_application",
        "type": "calls"
      },
      {
        "source": "method:CodeToDiagramApp.display_sidebar",
        "target": "method:CodeToDiagramApp.load_example",
        "type": "calls"
      },
      {
        "source": "method:CodeToDiagramApp.display_main_content",
        "target": "method:CodeToDiagramApp.display_viewer_page",
        "type": "calls"
      },
      {
        "source": "method:CodeToDiagramApp.display_main_content",
        "target": "method:CodeToDiagramApp.display_chat_page",
        "type": "calls"
      },
      {
        "source": "method:CodeToDiagramApp.display_main_content",
        "target": "method:CodeToDiagramApp.display_upload_page",
        "type": "calls"
      },
      {
        "source": "method:CodeToDiagramApp.display_upload_page",
        "target": "method:CodeToDiagramApp.process_uploaded_file",
        "type": "calls"
      },
      {
        "source": "method:CodeToDiagramApp.display_upload_page",
        "target": "method:CodeToDiagramApp.display_processing_status",
        "type": "calls"
      },
      {
        "source": "method:CodeToDiagramApp.display_upload_page",
        "target": "method:CodeToDiagramApp.display_upload_prompt",
        "type": "calls"
      },
      {
        "source": "method:CodeToDiagramApp.display_upload_page",
        "target": "method:CodeToDiagramApp.get_file_type",
        "type": "calls"
      },
      {
        "source": "method:CodeToDiagramApp.display_viewer_page",
        "target": "method:CodeToDiagramApp.export_all_formats",
        "type": "calls"
      },
      {
        "source": "method:CodeToDiagramApp.display_viewer_page",
        "target": "method:CodeToDiagramApp.regenerate_diagram",
        "type": "calls"
      },
      {
        "source": "method:CodeToDiagramApp.display_viewer_page",
        "target": "method:CodeToDiagramApp.save_dot_source",
        "type": "calls"
      },
      {
        "source": "method:CodeToDiagramApp.display_viewer_page",
        "target": "method:CodeToDiagramApp.display_no_diagram_state",
        "type": "calls"
      },
      {
        "source": "method:CodeToDiagramApp.display_viewer_page",
        "target": "method:CodeToDiagramApp.export_to_markdown",
        "type": "calls"
      },
      {
        "source": "method:CodeToDiagramApp.display_chat_page",
        "target": "method:CodeToDiagramApp.reset_to_original",
        "type": "calls"
      },
      {
        "source": "method:CodeToDiagramApp.display_chat_page",
        "target": "method:CodeToDiagramApp.display_no_diagram_state",
        "type": "calls"
      },
      {
        "source": "method:CodeToDiagramApp.display_chat_page",
        "target": "method:CodeToDiagramApp.handle_chat_message",
        "type": "calls"
      },
      {
        "source": "function:main",
        "target": "method:CodeToDiagramApp.run",
        "type": "calls"
      },
      {
        "source": "function:main",
        "target": "class:CodeToDiagramApp",
        "type": "calls"
      }
    ],
    "entry_points": [],
    "external_calls": []
  },
  "relationships": {
    "inheritance": [],
    "composition": [],
    "association": [],
    "dependency": []
  },
  "complexity_analysis": {
    "class_metrics": {
      "CodeToDiagramApp": {
        "method_count": 29,
        "attribute_count": 0,
        "field_count": 0,
        "complexity_score": 58
      }
    },
    "method_metrics": {},
    "overall_metrics": {
      "total_classes": 1,
      "total_methods": 29,
      "total_functions": 1,
      "average_methods_per_class": 29.0,
      "total_imports": 11
    }
  },
  "structure_summary": {
    "total_components": 2,
    "architecture_type": "Single-Class",
    "main_components": [
      "CodeToDiagramApp"
    ],
    "complexity_level": "Complex"
  }
}