{
  "filename": "tmp7k3liohl.py",
  "language": "python",
  "classes": [
    {
      "name": "CodeToDiagramApp",
      "line_start": 47,
      "methods": [
        {
          "name": "__init__",
          "calls": [
            "create_required_directories",
            "load_environment",
            "initialize_session_state",
            "setup_page_config"
          ],
          "line_start": 52,
          "parameters": []
        },
        {
          "name": "create_required_directories",
          "calls": [
            "Path",
            "mkdir"
          ],
          "line_start": 58,
          "parameters": []
        },
        {
          "name": "initialize_session_state",
          "calls": [
            "items"
          ],
          "line_start": 65,
          "parameters": []
        },
        {
          "name": "setup_page_config",
          "calls": [
            "set_page_config",
            "load_custom_css"
          ],
          "line_start": 90,
          "parameters": []
        },
        {
          "name": "load_custom_css",
          "calls": [
            "markdown"
          ],
          "line_start": 107,
          "parameters": []
        },
        {
          "name": "load_environment",
          "calls": [
            "load_dotenv"
          ],
          "line_start": 161,
          "parameters": []
        },
        {
          "name": "run",
          "calls": [
            "display_main_content",
            "handle_global_error",
            "display_footer",
            "display_sidebar",
            "display_header"
          ],
          "line_start": 165,
          "parameters": []
        },
        {
          "name": "display_header",
          "calls": [
            "markdown"
          ],
          "line_start": 183,
          "parameters": []
        },
        {
          "name": "display_sidebar",
          "calls": [
            "index",
            "button",
            "list",
            "get_available_formats",
            "columns",
            "selectbox",
            "display_status_indicator",
            "warning",
            "getenv",
            "radio",
            "header",
            "reset_application",
            "text_input",
            "markdown",
            "load_example",
            "values",
            "get_available_styles",
            "keys",
            "toggle"
          ],
          "line_start": 199,
          "parameters": []
        },
        {
          "name": "display_main_content",
          "calls": [
            "display_viewer_page",
            "display_chat_page",
            "display_upload_page"
          ],
          "line_start": 291,
          "parameters": []
        },
        {
          "name": "display_upload_page",
          "calls": [
            "process_uploaded_file",
            "decode",
            "button",
            "endswith",
            "display_processing_status",
            "isinstance",
            "expander",
            "display_upload_prompt",
            "columns",
            "read",
            "exists",
            "open",
            "join",
            "getvalue",
            "warning",
            "header",
            "show_error",
            "len",
            "file_uploader",
            "get_file_type",
            "code",
            "Path",
            "split",
            "metric",
            "str",
            "hasattr",
            "caption"
          ],
          "line_start": 300,
          "parameters": []
        },
        {
          "name": "display_upload_prompt",
          "calls": [
            "markdown",
            "columns"
          ],
          "line_start": 384,
          "parameters": []
        },
        {
          "name": "display_viewer_page",
          "calls": [
            "subheader",
            "export_all_formats",
            "Path",
            "spinner",
            "header",
            "regenerate_diagram",
            "columns",
            "show_error",
            "exists",
            "save_dot_source",
            "display_no_diagram_state",
            "str",
            "button",
            "export_to_markdown",
            "markdown",
            "DiagramViewer",
            "success",
            "display_diagram_with_editor"
          ],
          "line_start": 440,
          "parameters": []
        },
        {
          "name": "display_chat_page",
          "calls": [
            "reset_to_original",
            "warning",
            "Path",
            "header",
            "columns",
            "info",
            "exists",
            "display_no_diagram_state",
            "button",
            "text_input",
            "subheader",
            "handle_chat_message"
          ],
          "line_start": 496,
          "parameters": []
        },
        {
          "name": "display_no_diagram_state",
          "calls": [
            "warning",
            "button",
            "rerun"
          ],
          "line_start": 546,
          "parameters": []
        },
        {
          "name": "display_processing_status",
          "calls": [
            "show_processing",
            "get"
          ],
          "line_start": 556,
          "parameters": []
        },
        {
          "name": "display_status_indicator",
          "calls": [
            "Path",
            "exists",
            "markdown",
            "subheader",
            "bool"
          ],
          "line_start": 571,
          "parameters": []
        },
        {
          "name": "display_footer",
          "calls": [
            "markdown"
          ],
          "line_start": 592,
          "parameters": []
        },
        {
          "name": "process_uploaded_file",
          "calls": [
            "set_style",
            "encode",
            "export_diagram",
            "DiagramGenerator",
            "generate_diagram",
            "isinstance",
            "analyze",
            "GroqIntegration",
            "read",
            "info",
            "exists",
            "Exception",
            "CodeParser",
            "open",
            "unlink",
            "success",
            "getvalue",
            "warning",
            "balloons",
            "error",
            "NamedTemporaryFile",
            "Path",
            "generate_diagram_explanation",
            "str",
            "parse_file",
            "CodeAnalyzer",
            "write",
            "hasattr",
            "DiagramExporter"
          ],
          "line_start": 604,
          "parameters": [
            "uploaded_file"
          ]
        },
        {
          "name": "regenerate_diagram",
          "calls": [
            "set_style",
            "error",
            "DiagramGenerator",
            "str",
            "generate_diagram",
            "success",
            "rerun"
          ],
          "line_start": 726,
          "parameters": [
            "dot_source"
          ]
        },
        {
          "name": "handle_chat_message",
          "calls": [
            "append",
            "edit_diagram_via_chat",
            "error",
            "str",
            "success",
            "GroqIntegration"
          ],
          "line_start": 751,
          "parameters": [
            "message"
          ]
        },
        {
          "name": "reset_to_original",
          "calls": [
            "error",
            "success",
            "get"
          ],
          "line_start": 795,
          "parameters": []
        },
        {
          "name": "save_dot_source",
          "calls": [
            "Path",
            "error",
            "mkdir",
            "str",
            "open",
            "write",
            "success"
          ],
          "line_start": 804,
          "parameters": []
        },
        {
          "name": "export_to_markdown",
          "calls": [
            "Path",
            "success",
            "error",
            "str",
            "export_to_markdown",
            "DiagramExporter"
          ],
          "line_start": 820,
          "parameters": []
        },
        {
          "name": "export_all_formats",
          "calls": [
            "Path",
            "export_diagram",
            "success",
            "error",
            "str",
            "DiagramExporter"
          ],
          "line_start": 841,
          "parameters": []
        },
        {
          "name": "reset_application",
          "calls": [
            "keys",
            "list",
            "rerun"
          ],
          "line_start": 862,
          "parameters": []
        },
        {
          "name": "load_example",
          "calls": [
            "success",
            "StringIO"
          ],
          "line_start": 868,
          "parameters": []
        },
        {
          "name": "get_file_type",
          "calls": [
            "Path",
            "lower",
            "get"
          ],
          "line_start": 940,
          "parameters": [
            "filename"
          ]
        },
        {
          "name": "handle_global_error",
          "calls": [
            "code",
            "expander",
            "error",
            "str"
          ],
          "line_start": 945,
          "parameters": [
            "error"
          ]
        }
      ],
      "attributes": [],
      "bases": []
    }
  ],
  "functions": [
    {
      "name": "main",
      "line_start": 964,
      "calls": [
        "run",
        "CodeToDiagramApp",
        "load_dotenv"
      ],
      "parameters": []
    }
  ],
  "imports": [
    {
      "name": "streamlit",
      "alias": "st"
    },
    {
      "name": "os",
      "alias": null
    },
    {
      "name": "sys",
      "alias": null
    },
    {
      "name": "pathlib.Path",
      "alias": null,
      "module": "pathlib"
    },
    {
      "name": "tempfile",
      "alias": null
    },
    {
      "name": "typing.Optional",
      "alias": null,
      "module": "typing"
    },
    {
      "name": "typing.Dict",
      "alias": null,
      "module": "typing"
    },
    {
      "name": "typing.Any",
      "alias": null,
      "module": "typing"
    },
    {
      "name": "typing.Tuple",
      "alias": null,
      "module": "typing"
    },
    {
      "name": "time",
      "alias": null
    },
    {
      "name": "dotenv.load_dotenv",
      "alias": null,
      "module": "dotenv"
    }
  ],
  "global_variables": [],
  "structure": [
    {
      "type": "class",
      "name": "CodeToDiagramApp",
      "line": 47
    },
    {
      "type": "function",
      "name": "main",
      "line": 964
    }
  ]
}