{
  "filename": "tmp8x390k_x.ipynb",
  "language": "jupyter",
  "classes": [],
  "functions": [
    {
      "name": "convert_temperature",
      "line_start": 2,
      "calls": [],
      "parameters": [
        "temp",
        "unit"
      ]
    },
    {
      "name": "is_strong_password",
      "line_start": 15,
      "calls": [
        "islower",
        "any",
        "isupper",
        "isdigit",
        "len"
      ],
      "parameters": [
        "password"
      ]
    },
    {
      "name": "calculate_total_cost",
      "line_start": 36,
      "calls": [],
      "parameters": [
        "cart"
      ]
    },
    {
      "name": "is_palindrome",
      "line_start": 58,
      "calls": [
        "replace",
        "lower"
      ],
      "parameters": [
        "s"
      ]
    },
    {
      "name": "factorial",
      "line_start": 66,
      "calls": [
        "factorial"
      ],
      "parameters": [
        "n"
      ]
    },
    {
      "name": "count_word_frequency",
      "line_start": 75,
      "calls": [
        "lower",
        "get",
        "open",
        "split",
        "strip"
      ],
      "parameters": [
        "file_path"
      ]
    },
    {
      "name": "is_valid_email",
      "line_start": 95,
      "calls": [
        "match"
      ],
      "parameters": [
        "email"
      ]
    }
  ],
  "imports": [
    {
      "name": "re",
      "alias": null
    }
  ],
  "global_variables": [
    "cart",
    "total_cost",
    "filepath",
    "word_frequency"
  ],
  "structure": [
    {
      "type": "function",
      "name": "convert_temperature",
      "line": 2
    },
    {
      "type": "function",
      "name": "is_strong_password",
      "line": 15
    },
    {
      "type": "function",
      "name": "calculate_total_cost",
      "line": 36
    },
    {
      "type": "function",
      "name": "is_palindrome",
      "line": 58
    },
    {
      "type": "function",
      "name": "factorial",
      "line": 66
    },
    {
      "type": "function",
      "name": "count_word_frequency",
      "line": 75
    },
    {
      "type": "function",
      "name": "is_valid_email",
      "line": 95
    }
  ],
  "code_cells": [
    {
      "cell_number": 3,
      "code": "def convert_temperature(temp,unit):\n    \"\"\"This function converts temperature between Celsius and Fahrenheit\"\"\"\n    if unit=='C':\n        return temp * 9/5 + 32  ## Celsius To Fahrenheit\n    elif unit==\"F\":\n        return (temp-32)*5/9 ## Fahrenheit to celsius\n    else:\n        return None\n\nprint(convert_temperature(25,'C'))\nprint(convert_temperature(77,'F'))",
      "outputs": 1
    },
    {
      "cell_number": 5,
      "code": "def is_strong_password(password):\n    \"\"\"This function checks if the password is strong or not\"\"\"\n    if len(password)<8:\n        return False\n    if not any(char.isdigit() for char in password):\n        return False\n    if not any(char.islower() for char in password):\n        return False\n    if not any(char.isupper() for char in password):\n        return False\n    if not any(char in '!@#$%^&*()_+' for char in password):\n        return False\n    return True\n\n## calling the function\nprint(is_strong_password(\"WeakPwd\"))\nprint(is_strong_password(\"Str0ngPwd!\"))\n    \n    ",
      "outputs": 1
    },
    {
      "cell_number": 7,
      "code": "def calculate_total_cost(cart):\n    total_cost=0\n    for item in cart:\n        total_cost+=item['price']* item['quantity']\n\n    return total_cost\n\n\n## Example cart data\n\ncart=[\n    {'name':'Apple','price':0.5,'quantity':4},\n    {'name':'Banana','price':0.3,'quantity':6},\n    {'name':'Orange','price':0.7,'quantity':3}\n\n]\n\n## calling the function\ntotal_cost=calculate_total_cost(cart)\nprint(total_cost)",
      "outputs": 1
    },
    {
      "cell_number": 9,
      "code": "def is_palindrome(s):\n    s=s.lower().replace(\" \",\"\")\n    return s==s[::-1]\n\nprint(is_palindrome(\"A man a plan a canal Panama\"))\nprint(is_palindrome(\"Hello\"))",
      "outputs": 1
    },
    {
      "cell_number": 11,
      "code": "def factorial(n):\n    if n==0:\n        return 1\n    else:\n        return n * factorial(n-1)\n    \nprint(factorial(6))",
      "outputs": 1
    },
    {
      "cell_number": 13,
      "code": "def count_word_frequency(file_path):\n    word_count={}\n    with open(file_path,'r') as file:\n        for line in file:\n            words=line.split()\n            for word in words:\n                word=word.lower().strip('.,!?;:\"\\'')\n                word_count[word]=word_count.get(word,0)+1\n    \n    return word_count\n\nfilepath='sample.txt'\nword_frequency=count_word_frequency(filepath)\nprint(word_frequency)\n",
      "outputs": 1
    },
    {
      "cell_number": 15,
      "code": "import re\n\n# Email validation function\ndef is_valid_email(email):\n    \"\"\"This function checks if the email is valid.\"\"\"\n    pattern = r'^[a-zA-Z0-9_.+-]+@[a-zA-Z0-9-]+\\.[a-zA-Z0-9-.]+$'\n    return re.match(pattern, email) is not None\n\n# Calling the function\nprint(is_valid_email(\"test@example.com\"))  # Output: True\nprint(is_valid_email(\"invalid-email\"))  # Output: False\n",
      "outputs": 1
    },
    {
      "cell_number": 16,
      "code": "",
      "outputs": 0
    }
  ]
}