{
  "filename": "tmp9a26kspa.py",
  "language": "python",
  "classes": [
    {
      "name": "ErrorParser",
      "line_start": 8,
      "methods": [
        {
          "name": "__init__",
          "calls": [
            "ChunkProcessor",
            "OutputFormatter"
          ],
          "line_start": 9,
          "parameters": []
        },
        {
          "name": "analyze_error",
          "calls": [
            "get_error_context",
            "extract_error_details",
            "len",
            "print"
          ],
          "line_start": 13,
          "parameters": [
            "code",
            "error_traceback"
          ]
        },
        {
          "name": "prepare_for_ai",
          "calls": [
            "chunk_code",
            "print",
            "len"
          ],
          "line_start": 43,
          "parameters": [
            "code",
            "error_traceback",
            "analysis"
          ]
        },
        {
          "name": "analyze_code_structure",
          "calls": [
            "parse",
            "isinstance",
            "append",
            "walk"
          ],
          "line_start": 56,
          "parameters": [
            "code"
          ]
        },
        {
          "name": "format_traceback",
          "calls": [
            "join",
            "type",
            "format_exception"
          ],
          "line_start": 71,
          "parameters": [
            "exc"
          ]
        }
      ],
      "attributes": [],
      "bases": []
    }
  ],
  "functions": [],
  "imports": [
    {
      "name": "utils.chunk_processor.ChunkProcessor",
      "alias": null,
      "module": "utils.chunk_processor"
    },
    {
      "name": "utils.formatters.OutputFormatter",
      "alias": null,
      "module": "utils.formatters"
    },
    {
      "name": "config.Config",
      "alias": null,
      "module": "config"
    },
    {
      "name": "traceback",
      "alias": null
    },
    {
      "name": "ast",
      "alias": null
    }
  ],
  "global_variables": [],
  "structure": [
    {
      "type": "class",
      "name": "ErrorParser",
      "line": 8
    }
  ]
}