{
  "filename": "tmp9_hj7ufn.py",
  "language": "python",
  "classes": [],
  "functions": [
    {
      "name": "main",
      "line_start": 50,
      "calls": [
        "code_queries_page",
        "main_analysis_page",
        "radio",
        "title"
      ],
      "parameters": []
    },
    {
      "name": "main_analysis_page",
      "line_start": 61,
      "calls": [
        "file_uploader",
        "display_diagram",
        "title",
        "display_diagram_explanation",
        "markdown",
        "process_uploaded_file",
        "display_analysis_results"
      ],
      "parameters": []
    },
    {
      "name": "code_queries_page",
      "line_start": 86,
      "calls": [
        "columns",
        "display_editable_graphviz",
        "title",
        "warning",
        "display_current_diagram",
        "markdown",
        "subheader",
        "display_query_chat_interface",
        "is_api_available",
        "error"
      ],
      "parameters": []
    },
    {
      "name": "display_current_diagram",
      "line_start": 119,
      "calls": [
        "error",
        "exists",
        "image",
        "success"
      ],
      "parameters": []
    },
    {
      "name": "display_editable_graphviz",
      "line_start": 137,
      "calls": [
        "columns",
        "expander",
        "button",
        "spinner",
        "write",
        "text_area",
        "warning",
        "sleep",
        "download_button",
        "markdown",
        "splitext",
        "validate_graphviz_syntax",
        "regenerate_diagram_from_edited_code",
        "error"
      ],
      "parameters": []
    },
    {
      "name": "validate_graphviz_syntax",
      "line_start": 220,
      "calls": [
        "startswith",
        "append",
        "count",
        "strip",
        "len",
        "findall"
      ],
      "parameters": [
        "graphviz_code"
      ]
    },
    {
      "name": "regenerate_diagram_from_edited_code",
      "line_start": 256,
      "calls": [
        "replace",
        "render",
        "Source",
        "search",
        "splitext",
        "join",
        "group",
        "validate_graphviz_syntax",
        "str"
      ],
      "parameters": []
    },
    {
      "name": "process_uploaded_file",
      "line_start": 308,
      "calls": [
        "lower",
        "spinner",
        "write",
        "read",
        "open",
        "analyze_code",
        "str",
        "parse_file",
        "getvalue",
        "splitext",
        "unlink",
        "error",
        "exists",
        "success",
        "NamedTemporaryFile"
      ],
      "parameters": [
        "uploaded_file"
      ]
    },
    {
      "name": "display_analysis_results",
      "line_start": 347,
      "calls": [
        "columns",
        "info",
        "subheader",
        "len",
        "get",
        "metric",
        "sum"
      ],
      "parameters": []
    },
    {
      "name": "display_diagram",
      "line_start": 382,
      "calls": [
        "spinner",
        "create_simple_diagram",
        "checkbox",
        "image",
        "generate_diagram",
        "subheader",
        "error",
        "exists",
        "create_error_diagram",
        "str"
      ],
      "parameters": []
    },
    {
      "name": "display_diagram_explanation",
      "line_start": 422,
      "calls": [
        "info",
        "subheader",
        "get_detailed_diagram_explanation",
        "spinner"
      ],
      "parameters": []
    },
    {
      "name": "display_query_chat_interface",
      "line_start": 437,
      "calls": [
        "columns",
        "button",
        "write",
        "process_question",
        "enumerate",
        "text_area",
        "strip",
        "markdown",
        "form",
        "form_submit_button"
      ],
      "parameters": []
    },
    {
      "name": "process_question",
      "line_start": 489,
      "calls": [
        "time",
        "get_code_analysis_response",
        "append",
        "spinner"
      ],
      "parameters": [
        "question"
      ]
    }
  ],
  "imports": [
    {
      "name": "streamlit",
      "alias": "st"
    },
    {
      "name": "os",
      "alias": null
    },
    {
      "name": "tempfile",
      "alias": null
    },
    {
      "name": "graphviz",
      "alias": null
    },
    {
      "name": "time",
      "alias": null
    },
    {
      "name": "re",
      "alias": null
    },
    {
      "name": "parser_module.parse_file",
      "alias": null,
      "module": "parser_module"
    },
    {
      "name": "analyzer.analyze_code",
      "alias": null,
      "module": "analyzer"
    },
    {
      "name": "diagram_generator.generate_diagram",
      "alias": null,
      "module": "diagram_generator"
    },
    {
      "name": "diagram_generator.create_simple_diagram",
      "alias": null,
      "module": "diagram_generator"
    },
    {
      "name": "diagram_generator.create_error_diagram",
      "alias": null,
      "module": "diagram_generator"
    },
    {
      "name": "llm_integration.get_detailed_diagram_explanation",
      "alias": null,
      "module": "llm_integration"
    },
    {
      "name": "llm_integration.get_code_analysis_response",
      "alias": null,
      "module": "llm_integration"
    },
    {
      "name": "llm_integration.is_api_available",
      "alias": null,
      "module": "llm_integration"
    }
  ],
  "global_variables": [],
  "structure": [
    {
      "type": "function",
      "name": "main",
      "line": 50
    },
    {
      "type": "function",
      "name": "main_analysis_page",
      "line": 61
    },
    {
      "type": "function",
      "name": "code_queries_page",
      "line": 86
    },
    {
      "type": "function",
      "name": "display_current_diagram",
      "line": 119
    },
    {
      "type": "function",
      "name": "display_editable_graphviz",
      "line": 137
    },
    {
      "type": "function",
      "name": "validate_graphviz_syntax",
      "line": 220
    },
    {
      "type": "function",
      "name": "regenerate_diagram_from_edited_code",
      "line": 256
    },
    {
      "type": "function",
      "name": "process_uploaded_file",
      "line": 308
    },
    {
      "type": "function",
      "name": "display_analysis_results",
      "line": 347
    },
    {
      "type": "function",
      "name": "display_diagram",
      "line": 382
    },
    {
      "type": "function",
      "name": "display_diagram_explanation",
      "line": 422
    },
    {
      "type": "function",
      "name": "display_query_chat_interface",
      "line": 437
    },
    {
      "type": "function",
      "name": "process_question",
      "line": 489
    }
  ],
  "basic_metrics": {
    "total_classes": 0,
    "total_functions": 13,
    "total_imports": 14,
    "total_methods": 0,
    "language": "python"
  },
  "import_analysis": {
    "standard_library": [
      "os",
      "tempfile",
      "re"
    ],
    "third_party": [
      "parser_module.parse_file",
      "analyzer.analyze_code",
      "diagram_generator.generate_diagram",
      "diagram_generator.create_simple_diagram",
      "diagram_generator.create_error_diagram",
      "llm_integration.get_detailed_diagram_explanation",
      "llm_integration.get_code_analysis_response",
      "llm_integration.is_api_available"
    ],
    "internal": [
      "streamlit",
      "graphviz",
      "time"
    ],
    "total_count": 14
  },
  "class_hierarchy": {
    "root_classes": [],
    "inheritance_chains": [],
    "interfaces": [],
    "abstract_classes": []
  },
  "call_graph": {
    "nodes": {
      "function:main": {
        "type": "function",
        "name": "main",
        "calls": [
          "code_queries_page",
          "main_analysis_page",
          "radio",
          "title"
        ]
      },
      "function:main_analysis_page": {
        "type": "function",
        "name": "main_analysis_page",
        "calls": [
          "file_uploader",
          "display_diagram",
          "title",
          "display_diagram_explanation",
          "markdown",
          "process_uploaded_file",
          "display_analysis_results"
        ]
      },
      "function:code_queries_page": {
        "type": "function",
        "name": "code_queries_page",
        "calls": [
          "columns",
          "display_editable_graphviz",
          "title",
          "warning",
          "display_current_diagram",
          "markdown",
          "subheader",
          "display_query_chat_interface",
          "is_api_available",
          "error"
        ]
      },
      "function:display_current_diagram": {
        "type": "function",
        "name": "display_current_diagram",
        "calls": [
          "error",
          "exists",
          "image",
          "success"
        ]
      },
      "function:display_editable_graphviz": {
        "type": "function",
        "name": "display_editable_graphviz",
        "calls": [
          "columns",
          "expander",
          "button",
          "spinner",
          "write",
          "text_area",
          "warning",
          "sleep",
          "download_button",
          "markdown",
          "splitext",
          "validate_graphviz_syntax",
          "regenerate_diagram_from_edited_code",
          "error"
        ]
      },
      "function:validate_graphviz_syntax": {
        "type": "function",
        "name": "validate_graphviz_syntax",
        "calls": [
          "startswith",
          "append",
          "count",
          "strip",
          "len",
          "findall"
        ]
      },
      "function:regenerate_diagram_from_edited_code": {
        "type": "function",
        "name": "regenerate_diagram_from_edited_code",
        "calls": [
          "replace",
          "render",
          "Source",
          "search",
          "splitext",
          "join",
          "group",
          "validate_graphviz_syntax",
          "str"
        ]
      },
      "function:process_uploaded_file": {
        "type": "function",
        "name": "process_uploaded_file",
        "calls": [
          "lower",
          "spinner",
          "write",
          "read",
          "open",
          "analyze_code",
          "str",
          "parse_file",
          "getvalue",
          "splitext",
          "unlink",
          "error",
          "exists",
          "success",
          "NamedTemporaryFile"
        ]
      },
      "function:display_analysis_results": {
        "type": "function",
        "name": "display_analysis_results",
        "calls": [
          "columns",
          "info",
          "subheader",
          "len",
          "get",
          "metric",
          "sum"
        ]
      },
      "function:display_diagram": {
        "type": "function",
        "name": "display_diagram",
        "calls": [
          "spinner",
          "create_simple_diagram",
          "checkbox",
          "image",
          "generate_diagram",
          "subheader",
          "error",
          "exists",
          "create_error_diagram",
          "str"
        ]
      },
      "function:display_diagram_explanation": {
        "type": "function",
        "name": "display_diagram_explanation",
        "calls": [
          "info",
          "subheader",
          "get_detailed_diagram_explanation",
          "spinner"
        ]
      },
      "function:display_query_chat_interface": {
        "type": "function",
        "name": "display_query_chat_interface",
        "calls": [
          "columns",
          "button",
          "write",
          "process_question",
          "enumerate",
          "text_area",
          "strip",
          "markdown",
          "form",
          "form_submit_button"
        ]
      },
      "function:process_question": {
        "type": "function",
        "name": "process_question",
        "calls": [
          "time",
          "get_code_analysis_response",
          "append",
          "spinner"
        ]
      }
    },
    "edges": [
      {
        "source": "function:main",
        "target": "function:code_queries_page",
        "type": "calls"
      },
      {
        "source": "function:main",
        "target": "function:main_analysis_page",
        "type": "calls"
      },
      {
        "source": "function:main_analysis_page",
        "target": "function:display_diagram",
        "type": "calls"
      },
      {
        "source": "function:main_analysis_page",
        "target": "function:display_diagram_explanation",
        "type": "calls"
      },
      {
        "source": "function:main_analysis_page",
        "target": "function:process_uploaded_file",
        "type": "calls"
      },
      {
        "source": "function:main_analysis_page",
        "target": "function:display_analysis_results",
        "type": "calls"
      },
      {
        "source": "function:code_queries_page",
        "target": "function:display_editable_graphviz",
        "type": "calls"
      },
      {
        "source": "function:code_queries_page",
        "target": "function:display_current_diagram",
        "type": "calls"
      },
      {
        "source": "function:code_queries_page",
        "target": "function:display_query_chat_interface",
        "type": "calls"
      },
      {
        "source": "function:display_editable_graphviz",
        "target": "function:validate_graphviz_syntax",
        "type": "calls"
      },
      {
        "source": "function:display_editable_graphviz",
        "target": "function:regenerate_diagram_from_edited_code",
        "type": "calls"
      },
      {
        "source": "function:regenerate_diagram_from_edited_code",
        "target": "function:validate_graphviz_syntax",
        "type": "calls"
      },
      {
        "source": "function:display_query_chat_interface",
        "target": "function:process_question",
        "type": "calls"
      }
    ],
    "entry_points": [],
    "external_calls": []
  },
  "relationships": {
    "inheritance": [],
    "composition": [],
    "association": [],
    "dependency": []
  },
  "complexity_analysis": {
    "class_metrics": {},
    "method_metrics": {},
    "overall_metrics": {
      "total_classes": 0,
      "total_methods": 0,
      "total_functions": 13,
      "average_methods_per_class": 0,
      "total_imports": 14
    }
  },
  "structure_summary": {
    "total_components": 13,
    "architecture_type": "Procedural",
    "main_components": [],
    "complexity_level": "Very Simple"
  }
}