{
  "filename": "tmp_4ykb6vy.py",
  "language": "python",
  "classes": [],
  "functions": [
    {
      "name": "analyze_code",
      "line_start": 23,
      "calls": [
        "strip",
        "str",
        "sleep",
        "generate_fixes",
        "format_final_output",
        "analyze_error"
      ],
      "parameters": [
        "code",
        "error_traceback"
      ]
    }
  ],
  "imports": [
    {
      "name": "gradio",
      "alias": "gr"
    },
    {
      "name": "time",
      "alias": null
    },
    {
      "name": "os",
      "alias": null
    },
    {
      "name": "config.Config",
      "alias": null,
      "module": "config"
    },
    {
      "name": "error_parser.ErrorParser",
      "alias": null,
      "module": "error_parser"
    },
    {
      "name": "groq_handler.GroqBugFixer",
      "alias": null,
      "module": "groq_handler"
    },
    {
      "name": "utils.formatters.OutputFormatter",
      "alias": null,
      "module": "utils.formatters"
    }
  ],
  "global_variables": [
    "error_parser",
    "groq_fixer",
    "formatter"
  ],
  "structure": [
    {
      "type": "function",
      "name": "analyze_code",
      "line": 23
    }
  ],
  "basic_metrics": {
    "total_classes": 0,
    "total_functions": 1,
    "total_imports": 7,
    "total_methods": 0,
    "language": "python"
  },
  "import_analysis": {
    "standard_library": [
      "os"
    ],
    "third_party": [
      "config.Config",
      "error_parser.ErrorParser",
      "groq_handler.GroqBugFixer",
      "utils.formatters.OutputFormatter"
    ],
    "internal": [
      "gradio",
      "time"
    ],
    "total_count": 7
  },
  "class_hierarchy": {
    "root_classes": [],
    "inheritance_chains": [],
    "interfaces": [],
    "abstract_classes": []
  },
  "call_graph": {
    "nodes": {
      "function:analyze_code": {
        "type": "function",
        "name": "analyze_code",
        "calls": [
          "strip",
          "str",
          "sleep",
          "generate_fixes",
          "format_final_output",
          "analyze_error"
        ]
      }
    },
    "edges": [],
    "entry_points": [],
    "external_calls": []
  },
  "relationships": {
    "inheritance": [],
    "composition": [],
    "association": [],
    "dependency": []
  },
  "complexity_analysis": {
    "class_metrics": {},
    "method_metrics": {},
    "overall_metrics": {
      "total_classes": 0,
      "total_methods": 0,
      "total_functions": 1,
      "average_methods_per_class": 0,
      "total_imports": 7
    }
  },
  "structure_summary": {
    "total_components": 1,
    "architecture_type": "Procedural",
    "main_components": [],
    "complexity_level": "Very Simple"
  }
}