{
  "filename": "tmp_1x5ah8r.py",
  "language": "python",
  "classes": [
    {
      "name": "ExportConfig",
      "line_start": 20,
      "methods": [
        {
          "name": "__post_init__",
          "calls": [],
          "line_start": 32,
          "parameters": []
        }
      ],
      "attributes": [],
      "bases": []
    },
    {
      "name": "ExportResult",
      "line_start": 38,
      "methods": [],
      "attributes": [],
      "bases": []
    },
    {
      "name": "DiagramMetadata",
      "line_start": 49,
      "methods": [],
      "attributes": [],
      "bases": []
    },
    {
      "name": "DiagramExporter",
      "line_start": 62,
      "methods": [
        {
          "name": "__init__",
          "calls": [
            "ExportConfig"
          ],
          "line_start": 67,
          "parameters": []
        },
        {
          "name": "export_diagram",
          "calls": [
            "_export_additional_files_optimized",
            "time",
            "_create_export_directory_optimized",
            "_generate_metadata_optimized",
            "len",
            "_export_parallel_optimized",
            "_generate_export_cache_key",
            "str",
            "_copy_to_assets_optimized",
            "ExportResult",
            "_export_sequential_optimized",
            "extend"
          ],
          "line_start": 73,
          "parameters": [
            "dot_source",
            "analysis_data",
            "base_name",
            "output_formats"
          ]
        },
        {
          "name": "export_to_markdown",
          "calls": [
            "time",
            "_create_export_directory_optimized",
            "str",
            "open",
            "_export_single_format_optimized",
            "_copy_to_assets_optimized",
            "ExportResult",
            "_generate_markdown_content_optimized",
            "write"
          ],
          "line_start": 147,
          "parameters": [
            "dot_source",
            "analysis_data",
            "base_name",
            "explanation"
          ]
        },
        {
          "name": "batch_export",
          "calls": [
            "_batch_export_sequential",
            "time",
            "_batch_export_parallel"
          ],
          "line_start": 198,
          "parameters": [
            "diagrams",
            "output_format"
          ]
        },
        {
          "name": "_batch_export_parallel",
          "calls": [
            "result",
            "str",
            "_create_batch_result",
            "append",
            "ThreadPoolExecutor",
            "as_completed",
            "extend",
            "submit"
          ],
          "line_start": 213,
          "parameters": [
            "diagrams",
            "output_format",
            "start_time"
          ]
        },
        {
          "name": "_batch_export_sequential",
          "calls": [
            "extend",
            "_create_batch_result",
            "append",
            "export_diagram"
          ],
          "line_start": 249,
          "parameters": [
            "diagrams",
            "output_format",
            "start_time"
          ]
        },
        {
          "name": "_create_batch_result",
          "calls": [
            "join",
            "time",
            "ExportResult"
          ],
          "line_start": 268,
          "parameters": [
            "files",
            "errors",
            "start_time"
          ]
        },
        {
          "name": "_generate_export_cache_key",
          "calls": [
            "join",
            "sorted",
            "str",
            "get",
            "hash"
          ],
          "line_start": 284,
          "parameters": [
            "dot_source",
            "analysis_data",
            "base_name",
            "output_formats"
          ]
        },
        {
          "name": "_create_export_directory_optimized",
          "calls": [
            "mkdir",
            "Path",
            "now",
            "strftime"
          ],
          "line_start": 304,
          "parameters": [
            "base_name"
          ]
        },
        {
          "name": "_export_parallel_optimized",
          "calls": [
            "result",
            "min",
            "len",
            "ThreadPoolExecutor",
            "as_completed",
            "print",
            "extend",
            "submit"
          ],
          "line_start": 311,
          "parameters": [
            "dot_source",
            "base_name",
            "export_dir"
          ]
        },
        {
          "name": "_export_sequential_optimized",
          "calls": [
            "print",
            "_export_single_format_optimized",
            "extend"
          ],
          "line_start": 343,
          "parameters": [
            "dot_source",
            "base_name",
            "export_dir"
          ]
        },
        {
          "name": "_export_single_format_optimized",
          "calls": [
            "render",
            "RuntimeError",
            "str",
            "Path",
            "hash",
            "_optimize_svg_optimized",
            "Source",
            "ValueError",
            "exists"
          ],
          "line_start": 361,
          "parameters": [
            "dot_source",
            "base_name",
            "format_type",
            "export_dir"
          ]
        },
        {
          "name": "_export_additional_files_optimized",
          "calls": [
            "_export_readme_optimized",
            "append",
            "print",
            "_export_metadata_optimized",
            "_export_dot_source_optimized"
          ],
          "line_start": 415,
          "parameters": [
            "dot_source",
            "analysis_data",
            "export_dir",
            "base_name"
          ]
        },
        {
          "name": "_export_dot_source_optimized",
          "calls": [
            "str",
            "open",
            "write"
          ],
          "line_start": 453,
          "parameters": [
            "dot_source",
            "base_name",
            "export_dir"
          ]
        },
        {
          "name": "_export_metadata_optimized",
          "calls": [
            "str",
            "open",
            "dump"
          ],
          "line_start": 464,
          "parameters": [
            "export_dir"
          ]
        },
        {
          "name": "_export_readme_optimized",
          "calls": [
            "str",
            "_generate_readme_content_optimized",
            "open",
            "write"
          ],
          "line_start": 476,
          "parameters": [
            "analysis_data",
            "export_dir"
          ]
        },
        {
          "name": "_generate_readme_content_optimized",
          "calls": [
            "get",
            "strftime",
            "now"
          ],
          "line_start": 488,
          "parameters": [
            "analysis_data"
          ]
        },
        {
          "name": "_generate_markdown_content_optimized",
          "calls": [
            "join",
            "replace",
            "now",
            "len",
            "Path",
            "get",
            "append",
            "strftime",
            "open",
            "read",
            "extend",
            "exists"
          ],
          "line_start": 527,
          "parameters": [
            "analysis_data",
            "base_name",
            "explanation",
            "svg_path"
          ]
        },
        {
          "name": "_generate_metadata_optimized",
          "calls": [
            "get",
            "isoformat",
            "DiagramMetadata",
            "now"
          ],
          "line_start": 607,
          "parameters": [
            "analysis_data",
            "base_name",
            "output_formats"
          ]
        },
        {
          "name": "_optimize_svg_optimized",
          "calls": [
            "open",
            "read",
            "sub",
            "write"
          ],
          "line_start": 624,
          "parameters": [
            "svg_path"
          ]
        },
        {
          "name": "_copy_to_assets_optimized",
          "calls": [
            "copy2",
            "Path",
            "exists",
            "mkdir"
          ],
          "line_start": 648,
          "parameters": [
            "exported_files",
            "base_name"
          ]
        },
        {
          "name": "get_supported_formats",
          "calls": [],
          "line_start": 663,
          "parameters": []
        },
        {
          "name": "set_config",
          "calls": [
            "hasattr",
            "setattr",
            "items"
          ],
          "line_start": 667,
          "parameters": []
        },
        {
          "name": "clear_cache",
          "calls": [
            "clear"
          ],
          "line_start": 673,
          "parameters": []
        }
      ],
      "attributes": [],
      "bases": []
    }
  ],
  "functions": [
    {
      "name": "export_diagram",
      "line_start": 680,
      "calls": [
        "DiagramExporter",
        "set_config",
        "export_diagram"
      ],
      "parameters": [
        "dot_source",
        "analysis_data",
        "base_name",
        "output_formats"
      ]
    },
    {
      "name": "export_to_markdown",
      "line_start": 696,
      "calls": [
        "DiagramExporter",
        "export_to_markdown"
      ],
      "parameters": [
        "dot_source",
        "analysis_data",
        "base_name",
        "explanation"
      ]
    },
    {
      "name": "get_available_formats",
      "line_start": 711,
      "calls": [],
      "parameters": []
    }
  ],
  "imports": [
    {
      "name": "os",
      "alias": null
    },
    {
      "name": "shutil",
      "alias": null
    },
    {
      "name": "json",
      "alias": null
    },
    {
      "name": "pathlib.Path",
      "alias": null,
      "module": "pathlib"
    },
    {
      "name": "typing.Dict",
      "alias": null,
      "module": "typing"
    },
    {
      "name": "typing.List",
      "alias": null,
      "module": "typing"
    },
    {
      "name": "typing.Any",
      "alias": null,
      "module": "typing"
    },
    {
      "name": "typing.Optional",
      "alias": null,
      "module": "typing"
    },
    {
      "name": "typing.Tuple",
      "alias": null,
      "module": "typing"
    },
    {
      "name": "dataclasses.dataclass",
      "alias": null,
      "module": "dataclasses"
    },
    {
      "name": "graphviz",
      "alias": null
    },
    {
      "name": "datetime.datetime",
      "alias": null,
      "module": "datetime"
    },
    {
      "name": "time",
      "alias": null
    },
    {
      "name": "concurrent.futures",
      "alias": null
    },
    {
      "name": "regex",
      "alias": "re"
    }
  ],
  "global_variables": [],
  "structure": [
    {
      "type": "class",
      "name": "ExportConfig",
      "line": 20
    },
    {
      "type": "class",
      "name": "ExportResult",
      "line": 38
    },
    {
      "type": "class",
      "name": "DiagramMetadata",
      "line": 49
    },
    {
      "type": "class",
      "name": "DiagramExporter",
      "line": 62
    },
    {
      "type": "function",
      "name": "export_diagram",
      "line": 680
    },
    {
      "type": "function",
      "name": "export_to_markdown",
      "line": 696
    },
    {
      "type": "function",
      "name": "get_available_formats",
      "line": 711
    }
  ]
}