{
  "filename": "tmpaxl0m_jt.py",
  "language": "python",
  "classes": [
    {
      "name": "Relationship",
      "line_start": 15,
      "methods": [],
      "attributes": [],
      "bases": []
    },
    {
      "name": "CodeMetrics",
      "line_start": 26,
      "methods": [],
      "attributes": [],
      "bases": []
    },
    {
      "name": "CallGraphNode",
      "line_start": 40,
      "methods": [],
      "attributes": [],
      "bases": []
    },
    {
      "name": "CodeAnalyzer",
      "line_start": 52,
      "methods": [
        {
          "name": "__init__",
          "calls": [
            "defaultdict",
            "CodeMetrics"
          ],
          "line_start": 57,
          "parameters": []
        },
        {
          "name": "analyze",
          "calls": [
            "_create_fallback_analysis",
            "copy",
            "step",
            "str",
            "_compile_analysis_result_optimized",
            "time",
            "defaultdict",
            "_generate_cache_key"
          ],
          "line_start": 66,
          "parameters": [
            "parsed_data",
            "use_cache"
          ]
        },
        {
          "name": "_generate_cache_key",
          "calls": [
            "get",
            "hash",
            "str",
            "join"
          ],
          "line_start": 114,
          "parameters": [
            "parsed_data"
          ]
        },
        {
          "name": "_build_call_graph_optimized",
          "calls": [
            "_build_java_call_graph_optimized",
            "_resolve_call_relationships_optimized",
            "_build_python_call_graph_optimized"
          ],
          "line_start": 125,
          "parameters": []
        },
        {
          "name": "_build_python_call_graph_optimized",
          "calls": [
            "CallGraphNode",
            "_index_nodes_optimized",
            "get",
            "len"
          ],
          "line_start": 139,
          "parameters": []
        },
        {
          "name": "_build_java_call_graph_optimized",
          "calls": [
            "CallGraphNode",
            "_index_nodes_optimized",
            "get"
          ],
          "line_start": 180,
          "parameters": []
        },
        {
          "name": "_index_nodes_optimized",
          "calls": [
            "get",
            "clear"
          ],
          "line_start": 201,
          "parameters": []
        },
        {
          "name": "_resolve_call_relationships_optimized",
          "calls": [
            "_find_callee_node",
            "append",
            "Relationship",
            "items"
          ],
          "line_start": 217,
          "parameters": []
        },
        {
          "name": "_find_callee_node",
          "calls": [
            "len",
            "split"
          ],
          "line_start": 244,
          "parameters": [
            "callee"
          ]
        },
        {
          "name": "_analyze_inheritance_optimized",
          "calls": [
            "get",
            "next",
            "append",
            "defaultdict",
            "Relationship",
            "any",
            "items"
          ],
          "line_start": 260,
          "parameters": []
        },
        {
          "name": "_analyze_dependencies_optimized",
          "calls": [
            "Relationship",
            "append",
            "get",
            "isinstance"
          ],
          "line_start": 294,
          "parameters": []
        },
        {
          "name": "_calculate_complexity_metrics_optimized",
          "calls": [
            "len",
            "get",
            "_calculate_cyclomatic_complexity_optimized",
            "_calculate_maintainability_index",
            "sum",
            "_calculate_cohesion_optimized"
          ],
          "line_start": 324,
          "parameters": []
        },
        {
          "name": "_calculate_cyclomatic_complexity_optimized",
          "calls": [
            "int",
            "values",
            "sum"
          ],
          "line_start": 343,
          "parameters": []
        },
        {
          "name": "_calculate_cohesion_optimized",
          "calls": [
            "len",
            "split"
          ],
          "line_start": 353,
          "parameters": []
        },
        {
          "name": "_calculate_maintainability_index",
          "calls": [
            "min",
            "max"
          ],
          "line_start": 376,
          "parameters": []
        },
        {
          "name": "_analyze_control_flow_optimized",
          "calls": [
            "append",
            "len",
            "items"
          ],
          "line_start": 389,
          "parameters": []
        },
        {
          "name": "_detect_patterns_optimized",
          "calls": [
            "len",
            "get",
            "min",
            "append",
            "startswith",
            "all",
            "any"
          ],
          "line_start": 430,
          "parameters": []
        },
        {
          "name": "_compile_analysis_result_optimized",
          "calls": [
            "get",
            "len",
            "_calculate_quality_score",
            "asdict",
            "_count_relationships_by_type",
            "dict",
            "_identify_main_components_optimized",
            "_get_complexity_level_optimized",
            "items"
          ],
          "line_start": 495,
          "parameters": []
        },
        {
          "name": "_get_complexity_level_optimized",
          "calls": [],
          "line_start": 538,
          "parameters": []
        },
        {
          "name": "_identify_main_components_optimized",
          "calls": [
            "most_common",
            "Counter",
            "items"
          ],
          "line_start": 550,
          "parameters": []
        },
        {
          "name": "_calculate_quality_score",
          "calls": [
            "max"
          ],
          "line_start": 566,
          "parameters": []
        },
        {
          "name": "_count_relationships_by_type",
          "calls": [
            "Counter",
            "dict"
          ],
          "line_start": 580,
          "parameters": []
        },
        {
          "name": "_create_fallback_analysis",
          "calls": [
            "CodeMetrics",
            "asdict",
            "get"
          ],
          "line_start": 587,
          "parameters": [
            "parsed_data",
            "error"
          ]
        },
        {
          "name": "clear_cache",
          "calls": [
            "clear"
          ],
          "line_start": 612,
          "parameters": []
        }
      ],
      "attributes": [],
      "bases": []
    }
  ],
  "functions": [
    {
      "name": "analyze_code_structure",
      "line_start": 618,
      "calls": [
        "CodeAnalyzer",
        "analyze"
      ],
      "parameters": [
        "parsed_data",
        "use_cache"
      ]
    }
  ],
  "imports": [
    {
      "name": "json",
      "alias": null
    },
    {
      "name": "pathlib.Path",
      "alias": null,
      "module": "pathlib"
    },
    {
      "name": "typing.Dict",
      "alias": null,
      "module": "typing"
    },
    {
      "name": "typing.List",
      "alias": null,
      "module": "typing"
    },
    {
      "name": "typing.Any",
      "alias": null,
      "module": "typing"
    },
    {
      "name": "typing.Set",
      "alias": null,
      "module": "typing"
    },
    {
      "name": "typing.Tuple",
      "alias": null,
      "module": "typing"
    },
    {
      "name": "typing.Optional",
      "alias": null,
      "module": "typing"
    },
    {
      "name": "dataclasses.dataclass",
      "alias": null,
      "module": "dataclasses"
    },
    {
      "name": "dataclasses.asdict",
      "alias": null,
      "module": "dataclasses"
    },
    {
      "name": "collections.defaultdict",
      "alias": null,
      "module": "collections"
    },
    {
      "name": "collections.Counter",
      "alias": null,
      "module": "collections"
    },
    {
      "name": "time",
      "alias": null
    }
  ],
  "global_variables": [],
  "structure": [
    {
      "type": "class",
      "name": "Relationship",
      "line": 15
    },
    {
      "type": "class",
      "name": "CodeMetrics",
      "line": 26
    },
    {
      "type": "class",
      "name": "CallGraphNode",
      "line": 40
    },
    {
      "type": "class",
      "name": "CodeAnalyzer",
      "line": 52
    },
    {
      "type": "function",
      "name": "analyze_code_structure",
      "line": 618
    }
  ]
}