{
  "filename": "tmpa9wi627k.py",
  "language": "python",
  "classes": [
    {
      "name": "ErrorParser",
      "line_start": 8,
      "methods": [
        {
          "name": "__init__",
          "calls": [
            "OutputFormatter",
            "ChunkProcessor"
          ],
          "line_start": 9,
          "parameters": []
        },
        {
          "name": "analyze_error",
          "calls": [
            "extract_error_details",
            "len",
            "get_error_context",
            "print"
          ],
          "line_start": 13,
          "parameters": [
            "code",
            "error_traceback"
          ]
        },
        {
          "name": "prepare_for_ai",
          "calls": [
            "len",
            "chunk_code",
            "print"
          ],
          "line_start": 43,
          "parameters": [
            "code",
            "error_traceback",
            "analysis"
          ]
        },
        {
          "name": "analyze_code_structure",
          "calls": [
            "parse",
            "walk",
            "isinstance",
            "append"
          ],
          "line_start": 56,
          "parameters": [
            "code"
          ]
        },
        {
          "name": "format_traceback",
          "calls": [
            "type",
            "format_exception",
            "join"
          ],
          "line_start": 71,
          "parameters": [
            "exc"
          ]
        }
      ],
      "attributes": [],
      "bases": []
    }
  ],
  "functions": [],
  "imports": [
    {
      "name": "utils.chunk_processor.ChunkProcessor",
      "alias": null,
      "module": "utils.chunk_processor"
    },
    {
      "name": "utils.formatters.OutputFormatter",
      "alias": null,
      "module": "utils.formatters"
    },
    {
      "name": "config.Config",
      "alias": null,
      "module": "config"
    },
    {
      "name": "traceback",
      "alias": null
    },
    {
      "name": "ast",
      "alias": null
    }
  ],
  "global_variables": [],
  "structure": [
    {
      "type": "class",
      "name": "ErrorParser",
      "line": 8
    }
  ],
  "basic_metrics": {
    "total_classes": 1,
    "total_functions": 0,
    "total_imports": 5,
    "total_methods": 5,
    "language": "python"
  },
  "import_analysis": {
    "standard_library": [
      "ast"
    ],
    "third_party": [
      "utils.chunk_processor.ChunkProcessor",
      "utils.formatters.OutputFormatter",
      "config.Config"
    ],
    "internal": [
      "traceback"
    ],
    "total_count": 5
  },
  "class_hierarchy": {
    "root_classes": [
      "ErrorParser"
    ],
    "inheritance_chains": [],
    "interfaces": [],
    "abstract_classes": []
  },
  "call_graph": {
    "nodes": {
      "class:ErrorParser": {
        "type": "class",
        "name": "ErrorParser",
        "methods": [
          "method:ErrorParser.__init__",
          "method:ErrorParser.analyze_error",
          "method:ErrorParser.prepare_for_ai",
          "method:ErrorParser.analyze_code_structure",
          "method:ErrorParser.format_traceback"
        ]
      },
      "method:ErrorParser.__init__": {
        "type": "method",
        "class": "ErrorParser",
        "name": "__init__",
        "calls": [
          "OutputFormatter",
          "ChunkProcessor"
        ]
      },
      "method:ErrorParser.analyze_error": {
        "type": "method",
        "class": "ErrorParser",
        "name": "analyze_error",
        "calls": [
          "extract_error_details",
          "len",
          "get_error_context",
          "print"
        ]
      },
      "method:ErrorParser.prepare_for_ai": {
        "type": "method",
        "class": "ErrorParser",
        "name": "prepare_for_ai",
        "calls": [
          "len",
          "chunk_code",
          "print"
        ]
      },
      "method:ErrorParser.analyze_code_structure": {
        "type": "method",
        "class": "ErrorParser",
        "name": "analyze_code_structure",
        "calls": [
          "parse",
          "walk",
          "isinstance",
          "append"
        ]
      },
      "method:ErrorParser.format_traceback": {
        "type": "method",
        "class": "ErrorParser",
        "name": "format_traceback",
        "calls": [
          "type",
          "format_exception",
          "join"
        ]
      }
    },
    "edges": [],
    "entry_points": [],
    "external_calls": []
  },
  "relationships": {
    "inheritance": [],
    "composition": [],
    "association": [],
    "dependency": []
  },
  "complexity_analysis": {
    "class_metrics": {
      "ErrorParser": {
        "method_count": 5,
        "attribute_count": 0,
        "field_count": 0,
        "complexity_score": 10
      }
    },
    "method_metrics": {},
    "overall_metrics": {
      "total_classes": 1,
      "total_methods": 5,
      "total_functions": 0,
      "average_methods_per_class": 5.0,
      "total_imports": 5
    }
  },
  "structure_summary": {
    "total_components": 1,
    "architecture_type": "Single-Class",
    "main_components": [
      "ErrorParser"
    ],
    "complexity_level": "Moderate"
  }
}