{
  "filename": "tmpbv7360q_.py",
  "language": "python",
  "classes": [],
  "functions": [
    {
      "name": "generate_diagram",
      "line_start": 7,
      "calls": [
        "Digraph",
        "makedirs",
        "any",
        "render",
        "clean_label",
        "join",
        "edge",
        "splitext",
        "isinstance",
        "attr",
        "print",
        "get",
        "str",
        "node"
      ],
      "parameters": [
        "parsed_data"
      ]
    },
    {
      "name": "clean_label",
      "line_start": 109,
      "calls": [
        "sub"
      ],
      "parameters": [
        "label"
      ]
    },
    {
      "name": "create_simple_diagram",
      "line_start": 118,
      "calls": [
        "Digraph",
        "makedirs",
        "render",
        "edge",
        "len",
        "splitext",
        "attr",
        "get",
        "node"
      ],
      "parameters": [
        "parsed_data"
      ]
    }
  ],
  "imports": [
    {
      "name": "graphviz",
      "alias": null
    },
    {
      "name": "os",
      "alias": null
    },
    {
      "name": "re",
      "alias": null
    },
    {
      "name": "typing.Dict",
      "alias": null,
      "module": "typing"
    },
    {
      "name": "typing.Any",
      "alias": null,
      "module": "typing"
    }
  ],
  "global_variables": [],
  "structure": [
    {
      "type": "function",
      "name": "generate_diagram",
      "line": 7
    },
    {
      "type": "function",
      "name": "clean_label",
      "line": 109
    },
    {
      "type": "function",
      "name": "create_simple_diagram",
      "line": 118
    }
  ]
}