{
  "filename": "tmpb1ticsb0.py",
  "language": "python",
  "classes": [
    {
      "name": "DiagramExporter",
      "line_start": 7,
      "methods": [
        {
          "name": "__init__",
          "calls": [
            "_ensure_output_directory"
          ],
          "line_start": 13,
          "parameters": [
            "output_dir"
          ]
        },
        {
          "name": "_ensure_output_directory",
          "calls": [
            "makedirs"
          ],
          "line_start": 17,
          "parameters": []
        },
        {
          "name": "export_all_formats",
          "calls": [
            "ValueError",
            "_sanitize_filename",
            "export_png",
            "str",
            "RuntimeError",
            "export_dot",
            "export_markdown",
            "export_svg"
          ],
          "line_start": 21,
          "parameters": [
            "dot_source",
            "base_filename"
          ]
        },
        {
          "name": "export_png",
          "calls": [
            "_render_image_format"
          ],
          "line_start": 70,
          "parameters": [
            "dot_source",
            "base_filename"
          ]
        },
        {
          "name": "export_svg",
          "calls": [
            "_render_image_format"
          ],
          "line_start": 79,
          "parameters": [
            "dot_source",
            "base_filename"
          ]
        },
        {
          "name": "export_dot",
          "calls": [
            "write",
            "str",
            "print",
            "join",
            "open"
          ],
          "line_start": 88,
          "parameters": [
            "dot_source",
            "base_filename"
          ]
        },
        {
          "name": "export_markdown",
          "calls": [
            "write",
            "basename",
            "str",
            "join",
            "print",
            "open",
            "_generate_markdown_content"
          ],
          "line_start": 107,
          "parameters": [
            "dot_source",
            "base_filename",
            "png_path"
          ]
        },
        {
          "name": "_render_image_format",
          "calls": [
            "_parse_graphviz_error",
            "render",
            "upper",
            "str",
            "join",
            "Source",
            "print",
            "exists"
          ],
          "line_start": 135,
          "parameters": [
            "dot_source",
            "base_filename",
            "format"
          ]
        },
        {
          "name": "_generate_markdown_content",
          "calls": [
            "join"
          ],
          "line_start": 160,
          "parameters": [
            "base_name",
            "png_filename",
            "dot_source"
          ]
        },
        {
          "name": "_sanitize_filename",
          "calls": [
            "sub",
            "strip"
          ],
          "line_start": 184,
          "parameters": [
            "filename"
          ]
        },
        {
          "name": "_parse_graphviz_error",
          "calls": [
            "strip",
            "group",
            "replace",
            "search"
          ],
          "line_start": 191,
          "parameters": [
            "error_msg"
          ]
        }
      ],
      "attributes": [],
      "bases": []
    }
  ],
  "functions": [
    {
      "name": "export_png",
      "line_start": 210,
      "calls": [
        "export_png",
        "DiagramExporter"
      ],
      "parameters": [
        "dot_source",
        "base_filename"
      ]
    },
    {
      "name": "export_svg",
      "line_start": 216,
      "calls": [
        "export_svg",
        "DiagramExporter"
      ],
      "parameters": [
        "dot_source",
        "base_filename"
      ]
    },
    {
      "name": "export_dot",
      "line_start": 222,
      "calls": [
        "export_dot",
        "DiagramExporter"
      ],
      "parameters": [
        "dot_source",
        "base_filename"
      ]
    },
    {
      "name": "export_markdown",
      "line_start": 228,
      "calls": [
        "export_markdown",
        "DiagramExporter"
      ],
      "parameters": [
        "dot_source",
        "base_filename",
        "png_path"
      ]
    },
    {
      "name": "export_all_four_formats",
      "line_start": 234,
      "calls": [
        "export_all_formats",
        "DiagramExporter"
      ],
      "parameters": [
        "dot_source",
        "base_filename"
      ]
    }
  ],
  "imports": [
    {
      "name": "os",
      "alias": null
    },
    {
      "name": "graphviz",
      "alias": null
    },
    {
      "name": "typing.Dict",
      "alias": null,
      "module": "typing"
    },
    {
      "name": "typing.Optional",
      "alias": null,
      "module": "typing"
    },
    {
      "name": "re",
      "alias": null
    }
  ],
  "global_variables": [],
  "structure": [
    {
      "type": "class",
      "name": "DiagramExporter",
      "line": 7
    },
    {
      "type": "function",
      "name": "export_png",
      "line": 210
    },
    {
      "type": "function",
      "name": "export_svg",
      "line": 216
    },
    {
      "type": "function",
      "name": "export_dot",
      "line": 222
    },
    {
      "type": "function",
      "name": "export_markdown",
      "line": 228
    },
    {
      "type": "function",
      "name": "export_all_four_formats",
      "line": 234
    }
  ]
}