{
  "filename": "tmpbvjdrw7x.java",
  "language": "java",
  "classes": [
    {
      "name": "EmailNotifier",
      "methods": [
        {
          "name": "send",
          "return_type": "void",
          "parameters": [
            {
              "type": "ReferenceType(arguments=None, dimensions=[], name=String, sub_type=None)",
              "name": "recipient"
            },
            {
              "type": "ReferenceType(arguments=None, dimensions=[], name=String, sub_type=None)",
              "name": "message"
            }
          ],
          "modifiers": [
            "public"
          ]
        }
      ],
      "fields": [],
      "extends": null,
      "implements": [
        "Notifier"
      ]
    },
    {
      "name": "SMSNotifier",
      "methods": [
        {
          "name": "send",
          "return_type": "void",
          "parameters": [
            {
              "type": "ReferenceType(arguments=None, dimensions=[], name=String, sub_type=None)",
              "name": "recipient"
            },
            {
              "type": "ReferenceType(arguments=None, dimensions=[], name=String, sub_type=None)",
              "name": "message"
            }
          ],
          "modifiers": [
            "public"
          ]
        }
      ],
      "fields": [],
      "extends": null,
      "implements": [
        "Notifier"
      ]
    },
    {
      "name": "UserRepository",
      "methods": [
        {
          "name": "save",
          "return_type": "void",
          "parameters": [
            {
              "type": "ReferenceType(arguments=None, dimensions=[], name=String, sub_type=None)",
              "name": "username"
            }
          ],
          "modifiers": [
            "public",
            "abstract"
          ]
        },
        {
          "name": "exists",
          "return_type": "BasicType(dimensions=[], name=boolean)",
          "parameters": [
            {
              "type": "ReferenceType(arguments=None, dimensions=[], name=String, sub_type=None)",
              "name": "username"
            }
          ],
          "modifiers": [
            "public"
          ]
        }
      ],
      "fields": [
        {
          "name": "users",
          "type": "ReferenceType(arguments=[TypeArgument(pattern_type=None, type=ReferenceType(arguments=None, dimensions=[], name=String, sub_type=None))], dimensions=[], name=List, sub_type=None)",
          "modifiers": [
            "protected"
          ]
        }
      ],
      "extends": null,
      "implements": []
    },
    {
      "name": "InMemoryUserRepository",
      "methods": [
        {
          "name": "save",
          "return_type": "void",
          "parameters": [
            {
              "type": "ReferenceType(arguments=None, dimensions=[], name=String, sub_type=None)",
              "name": "username"
            }
          ],
          "modifiers": [
            "public"
          ]
        }
      ],
      "fields": [],
      "extends": "UserRepository",
      "implements": []
    },
    {
      "name": "RegistrationService",
      "methods": [
        {
          "name": "register",
          "return_type": "void",
          "parameters": [
            {
              "type": "ReferenceType(arguments=None, dimensions=[], name=String, sub_type=None)",
              "name": "username"
            },
            {
              "type": "ReferenceType(arguments=None, dimensions=[], name=String, sub_type=None)",
              "name": "contact"
            }
          ],
          "modifiers": [
            "public"
          ]
        },
        {
          "name": "bulkRegister",
          "return_type": "void",
          "parameters": [
            {
              "type": "ReferenceType(arguments=[TypeArgument(pattern_type=None, type=ReferenceType(arguments=None, dimensions=[], name=String, sub_type=None))], dimensions=[], name=List, sub_type=None)",
              "name": "users"
            },
            {
              "type": "ReferenceType(arguments=None, dimensions=[], name=String, sub_type=None)",
              "name": "contactDomain"
            }
          ],
          "modifiers": [
            "public"
          ]
        }
      ],
      "fields": [
        {
          "name": "repo",
          "type": "ReferenceType(arguments=None, dimensions=[], name=UserRepository, sub_type=None)",
          "modifiers": [
            "private",
            "final"
          ]
        },
        {
          "name": "notifier",
          "type": "ReferenceType(arguments=None, dimensions=[], name=Notifier, sub_type=None)",
          "modifiers": [
            "private",
            "final"
          ]
        }
      ],
      "extends": null,
      "implements": []
    },
    {
      "name": "AdminService",
      "methods": [
        {
          "name": "deactivateUser",
          "return_type": "void",
          "parameters": [
            {
              "type": "ReferenceType(arguments=None, dimensions=[], name=String, sub_type=None)",
              "name": "username"
            }
          ],
          "modifiers": [
            "public"
          ]
        }
      ],
      "fields": [],
      "extends": "RegistrationService",
      "implements": []
    },
    {
      "name": "MainApp",
      "methods": [
        {
          "name": "main",
          "return_type": "void",
          "parameters": [
            {
              "type": "ReferenceType(arguments=None, dimensions=[None], name=String, sub_type=None)",
              "name": "args"
            }
          ],
          "modifiers": [
            "static",
            "public"
          ]
        }
      ],
      "fields": [],
      "extends": null,
      "implements": []
    }
  ],
  "methods": [],
  "imports": [
    {
      "path": "java.util",
      "static": false
    }
  ],
  "structure": [
    {
      "type": "method",
      "class": "EmailNotifier",
      "name": "send"
    },
    {
      "type": "class",
      "name": "EmailNotifier"
    },
    {
      "type": "method",
      "class": "SMSNotifier",
      "name": "send"
    },
    {
      "type": "class",
      "name": "SMSNotifier"
    },
    {
      "type": "method",
      "class": "UserRepository",
      "name": "save"
    },
    {
      "type": "method",
      "class": "UserRepository",
      "name": "exists"
    },
    {
      "type": "class",
      "name": "UserRepository"
    },
    {
      "type": "method",
      "class": "InMemoryUserRepository",
      "name": "save"
    },
    {
      "type": "class",
      "name": "InMemoryUserRepository"
    },
    {
      "type": "method",
      "class": "RegistrationService",
      "name": "register"
    },
    {
      "type": "method",
      "class": "RegistrationService",
      "name": "bulkRegister"
    },
    {
      "type": "class",
      "name": "RegistrationService"
    },
    {
      "type": "method",
      "class": "AdminService",
      "name": "deactivateUser"
    },
    {
      "type": "class",
      "name": "AdminService"
    },
    {
      "type": "method",
      "class": "MainApp",
      "name": "main"
    },
    {
      "type": "class",
      "name": "MainApp"
    }
  ]
}