{
  "filename": "tmpb16k3d94.py",
  "language": "python",
  "classes": [
    {
      "name": "Relationship",
      "line_start": 15,
      "methods": [],
      "attributes": [],
      "bases": []
    },
    {
      "name": "CodeMetrics",
      "line_start": 26,
      "methods": [],
      "attributes": [],
      "bases": []
    },
    {
      "name": "CallGraphNode",
      "line_start": 40,
      "methods": [],
      "attributes": [],
      "bases": []
    },
    {
      "name": "CodeAnalyzer",
      "line_start": 52,
      "methods": [
        {
          "name": "__init__",
          "calls": [
            "defaultdict",
            "CodeMetrics"
          ],
          "line_start": 57,
          "parameters": []
        },
        {
          "name": "analyze",
          "calls": [
            "str",
            "defaultdict",
            "_compile_analysis_result_optimized",
            "_create_fallback_analysis",
            "step",
            "time",
            "copy",
            "_generate_cache_key"
          ],
          "line_start": 66,
          "parameters": [
            "parsed_data",
            "use_cache"
          ]
        },
        {
          "name": "_generate_cache_key",
          "calls": [
            "join",
            "str",
            "hash",
            "get"
          ],
          "line_start": 114,
          "parameters": [
            "parsed_data"
          ]
        },
        {
          "name": "_build_call_graph_optimized",
          "calls": [
            "_build_java_call_graph_optimized",
            "_resolve_call_relationships_optimized",
            "_build_python_call_graph_optimized"
          ],
          "line_start": 125,
          "parameters": []
        },
        {
          "name": "_build_python_call_graph_optimized",
          "calls": [
            "len",
            "CallGraphNode",
            "get",
            "_index_nodes_optimized"
          ],
          "line_start": 139,
          "parameters": []
        },
        {
          "name": "_build_java_call_graph_optimized",
          "calls": [
            "CallGraphNode",
            "get",
            "_index_nodes_optimized"
          ],
          "line_start": 180,
          "parameters": []
        },
        {
          "name": "_index_nodes_optimized",
          "calls": [
            "clear",
            "get"
          ],
          "line_start": 201,
          "parameters": []
        },
        {
          "name": "_resolve_call_relationships_optimized",
          "calls": [
            "_find_callee_node",
            "items",
            "append",
            "Relationship"
          ],
          "line_start": 217,
          "parameters": []
        },
        {
          "name": "_find_callee_node",
          "calls": [
            "split",
            "len"
          ],
          "line_start": 244,
          "parameters": [
            "callee"
          ]
        },
        {
          "name": "_analyze_inheritance_optimized",
          "calls": [
            "get",
            "defaultdict",
            "next",
            "Relationship",
            "any",
            "items",
            "append"
          ],
          "line_start": 260,
          "parameters": []
        },
        {
          "name": "_analyze_dependencies_optimized",
          "calls": [
            "append",
            "Relationship",
            "isinstance",
            "get"
          ],
          "line_start": 294,
          "parameters": []
        },
        {
          "name": "_calculate_complexity_metrics_optimized",
          "calls": [
            "_calculate_cyclomatic_complexity_optimized",
            "_calculate_maintainability_index",
            "get",
            "len",
            "_calculate_cohesion_optimized",
            "sum"
          ],
          "line_start": 324,
          "parameters": []
        },
        {
          "name": "_calculate_cyclomatic_complexity_optimized",
          "calls": [
            "values",
            "sum",
            "int"
          ],
          "line_start": 343,
          "parameters": []
        },
        {
          "name": "_calculate_cohesion_optimized",
          "calls": [
            "split",
            "len"
          ],
          "line_start": 353,
          "parameters": []
        },
        {
          "name": "_calculate_maintainability_index",
          "calls": [
            "min",
            "max"
          ],
          "line_start": 376,
          "parameters": []
        },
        {
          "name": "_analyze_control_flow_optimized",
          "calls": [
            "items",
            "append",
            "len"
          ],
          "line_start": 389,
          "parameters": []
        },
        {
          "name": "_detect_patterns_optimized",
          "calls": [
            "get",
            "startswith",
            "min",
            "len",
            "any",
            "all",
            "append"
          ],
          "line_start": 430,
          "parameters": []
        },
        {
          "name": "_compile_analysis_result_optimized",
          "calls": [
            "dict",
            "get",
            "asdict",
            "_identify_main_components_optimized",
            "len",
            "_get_complexity_level_optimized",
            "_calculate_quality_score",
            "_count_relationships_by_type",
            "items"
          ],
          "line_start": 495,
          "parameters": []
        },
        {
          "name": "_get_complexity_level_optimized",
          "calls": [],
          "line_start": 538,
          "parameters": []
        },
        {
          "name": "_identify_main_components_optimized",
          "calls": [
            "most_common",
            "Counter",
            "items"
          ],
          "line_start": 550,
          "parameters": []
        },
        {
          "name": "_calculate_quality_score",
          "calls": [
            "max"
          ],
          "line_start": 566,
          "parameters": []
        },
        {
          "name": "_count_relationships_by_type",
          "calls": [
            "dict",
            "Counter"
          ],
          "line_start": 580,
          "parameters": []
        },
        {
          "name": "_create_fallback_analysis",
          "calls": [
            "asdict",
            "CodeMetrics",
            "get"
          ],
          "line_start": 587,
          "parameters": [
            "parsed_data",
            "error"
          ]
        },
        {
          "name": "clear_cache",
          "calls": [
            "clear"
          ],
          "line_start": 612,
          "parameters": []
        }
      ],
      "attributes": [],
      "bases": []
    }
  ],
  "functions": [
    {
      "name": "analyze_code_structure",
      "line_start": 618,
      "calls": [
        "analyze",
        "CodeAnalyzer"
      ],
      "parameters": [
        "parsed_data",
        "use_cache"
      ]
    }
  ],
  "imports": [
    {
      "name": "json",
      "alias": null
    },
    {
      "name": "pathlib.Path",
      "alias": null,
      "module": "pathlib"
    },
    {
      "name": "typing.Dict",
      "alias": null,
      "module": "typing"
    },
    {
      "name": "typing.List",
      "alias": null,
      "module": "typing"
    },
    {
      "name": "typing.Any",
      "alias": null,
      "module": "typing"
    },
    {
      "name": "typing.Set",
      "alias": null,
      "module": "typing"
    },
    {
      "name": "typing.Tuple",
      "alias": null,
      "module": "typing"
    },
    {
      "name": "typing.Optional",
      "alias": null,
      "module": "typing"
    },
    {
      "name": "dataclasses.dataclass",
      "alias": null,
      "module": "dataclasses"
    },
    {
      "name": "dataclasses.asdict",
      "alias": null,
      "module": "dataclasses"
    },
    {
      "name": "collections.defaultdict",
      "alias": null,
      "module": "collections"
    },
    {
      "name": "collections.Counter",
      "alias": null,
      "module": "collections"
    },
    {
      "name": "time",
      "alias": null
    }
  ],
  "global_variables": [],
  "structure": [
    {
      "type": "class",
      "name": "Relationship",
      "line": 15
    },
    {
      "type": "class",
      "name": "CodeMetrics",
      "line": 26
    },
    {
      "type": "class",
      "name": "CallGraphNode",
      "line": 40
    },
    {
      "type": "class",
      "name": "CodeAnalyzer",
      "line": 52
    },
    {
      "type": "function",
      "name": "analyze_code_structure",
      "line": 618
    }
  ],
  "basic_metrics": {
    "total_classes": 4,
    "total_functions": 1,
    "total_imports": 13,
    "total_methods": 24,
    "language": "python"
  },
  "import_analysis": {
    "standard_library": [
      "json",
      "pathlib.Path",
      "typing.Dict",
      "typing.List",
      "typing.Any",
      "typing.Set",
      "typing.Tuple",
      "typing.Optional",
      "collections.defaultdict",
      "collections.Counter"
    ],
    "third_party": [
      "dataclasses.dataclass",
      "dataclasses.asdict"
    ],
    "internal": [
      "time"
    ],
    "total_count": 13
  },
  "class_hierarchy": {
    "root_classes": [
      "Relationship",
      "CodeMetrics",
      "CallGraphNode",
      "CodeAnalyzer"
    ],
    "inheritance_chains": [],
    "interfaces": [],
    "abstract_classes": []
  },
  "call_graph": {
    "nodes": {
      "class:Relationship": {
        "type": "class",
        "name": "Relationship",
        "methods": []
      },
      "class:CodeMetrics": {
        "type": "class",
        "name": "CodeMetrics",
        "methods": []
      },
      "class:CallGraphNode": {
        "type": "class",
        "name": "CallGraphNode",
        "methods": []
      },
      "class:CodeAnalyzer": {
        "type": "class",
        "name": "CodeAnalyzer",
        "methods": [
          "method:CodeAnalyzer.__init__",
          "method:CodeAnalyzer.analyze",
          "method:CodeAnalyzer._generate_cache_key",
          "method:CodeAnalyzer._build_call_graph_optimized",
          "method:CodeAnalyzer._build_python_call_graph_optimized",
          "method:CodeAnalyzer._build_java_call_graph_optimized",
          "method:CodeAnalyzer._index_nodes_optimized",
          "method:CodeAnalyzer._resolve_call_relationships_optimized",
          "method:CodeAnalyzer._find_callee_node",
          "method:CodeAnalyzer._analyze_inheritance_optimized",
          "method:CodeAnalyzer._analyze_dependencies_optimized",
          "method:CodeAnalyzer._calculate_complexity_metrics_optimized",
          "method:CodeAnalyzer._calculate_cyclomatic_complexity_optimized",
          "method:CodeAnalyzer._calculate_cohesion_optimized",
          "method:CodeAnalyzer._calculate_maintainability_index",
          "method:CodeAnalyzer._analyze_control_flow_optimized",
          "method:CodeAnalyzer._detect_patterns_optimized",
          "method:CodeAnalyzer._compile_analysis_result_optimized",
          "method:CodeAnalyzer._get_complexity_level_optimized",
          "method:CodeAnalyzer._identify_main_components_optimized",
          "method:CodeAnalyzer._calculate_quality_score",
          "method:CodeAnalyzer._count_relationships_by_type",
          "method:CodeAnalyzer._create_fallback_analysis",
          "method:CodeAnalyzer.clear_cache"
        ]
      },
      "method:CodeAnalyzer.__init__": {
        "type": "method",
        "class": "CodeAnalyzer",
        "name": "__init__",
        "calls": [
          "defaultdict",
          "CodeMetrics"
        ]
      },
      "method:CodeAnalyzer.analyze": {
        "type": "method",
        "class": "CodeAnalyzer",
        "name": "analyze",
        "calls": [
          "str",
          "defaultdict",
          "_compile_analysis_result_optimized",
          "_create_fallback_analysis",
          "step",
          "time",
          "copy",
          "_generate_cache_key"
        ]
      },
      "method:CodeAnalyzer._generate_cache_key": {
        "type": "method",
        "class": "CodeAnalyzer",
        "name": "_generate_cache_key",
        "calls": [
          "join",
          "str",
          "hash",
          "get"
        ]
      },
      "method:CodeAnalyzer._build_call_graph_optimized": {
        "type": "method",
        "class": "CodeAnalyzer",
        "name": "_build_call_graph_optimized",
        "calls": [
          "_build_java_call_graph_optimized",
          "_resolve_call_relationships_optimized",
          "_build_python_call_graph_optimized"
        ]
      },
      "method:CodeAnalyzer._build_python_call_graph_optimized": {
        "type": "method",
        "class": "CodeAnalyzer",
        "name": "_build_python_call_graph_optimized",
        "calls": [
          "len",
          "CallGraphNode",
          "get",
          "_index_nodes_optimized"
        ]
      },
      "method:CodeAnalyzer._build_java_call_graph_optimized": {
        "type": "method",
        "class": "CodeAnalyzer",
        "name": "_build_java_call_graph_optimized",
        "calls": [
          "CallGraphNode",
          "get",
          "_index_nodes_optimized"
        ]
      },
      "method:CodeAnalyzer._index_nodes_optimized": {
        "type": "method",
        "class": "CodeAnalyzer",
        "name": "_index_nodes_optimized",
        "calls": [
          "clear",
          "get"
        ]
      },
      "method:CodeAnalyzer._resolve_call_relationships_optimized": {
        "type": "method",
        "class": "CodeAnalyzer",
        "name": "_resolve_call_relationships_optimized",
        "calls": [
          "_find_callee_node",
          "items",
          "append",
          "Relationship"
        ]
      },
      "method:CodeAnalyzer._find_callee_node": {
        "type": "method",
        "class": "CodeAnalyzer",
        "name": "_find_callee_node",
        "calls": [
          "split",
          "len"
        ]
      },
      "method:CodeAnalyzer._analyze_inheritance_optimized": {
        "type": "method",
        "class": "CodeAnalyzer",
        "name": "_analyze_inheritance_optimized",
        "calls": [
          "get",
          "defaultdict",
          "next",
          "Relationship",
          "any",
          "items",
          "append"
        ]
      },
      "method:CodeAnalyzer._analyze_dependencies_optimized": {
        "type": "method",
        "class": "CodeAnalyzer",
        "name": "_analyze_dependencies_optimized",
        "calls": [
          "append",
          "Relationship",
          "isinstance",
          "get"
        ]
      },
      "method:CodeAnalyzer._calculate_complexity_metrics_optimized": {
        "type": "method",
        "class": "CodeAnalyzer",
        "name": "_calculate_complexity_metrics_optimized",
        "calls": [
          "_calculate_cyclomatic_complexity_optimized",
          "_calculate_maintainability_index",
          "get",
          "len",
          "_calculate_cohesion_optimized",
          "sum"
        ]
      },
      "method:CodeAnalyzer._calculate_cyclomatic_complexity_optimized": {
        "type": "method",
        "class": "CodeAnalyzer",
        "name": "_calculate_cyclomatic_complexity_optimized",
        "calls": [
          "values",
          "sum",
          "int"
        ]
      },
      "method:CodeAnalyzer._calculate_cohesion_optimized": {
        "type": "method",
        "class": "CodeAnalyzer",
        "name": "_calculate_cohesion_optimized",
        "calls": [
          "split",
          "len"
        ]
      },
      "method:CodeAnalyzer._calculate_maintainability_index": {
        "type": "method",
        "class": "CodeAnalyzer",
        "name": "_calculate_maintainability_index",
        "calls": [
          "min",
          "max"
        ]
      },
      "method:CodeAnalyzer._analyze_control_flow_optimized": {
        "type": "method",
        "class": "CodeAnalyzer",
        "name": "_analyze_control_flow_optimized",
        "calls": [
          "items",
          "append",
          "len"
        ]
      },
      "method:CodeAnalyzer._detect_patterns_optimized": {
        "type": "method",
        "class": "CodeAnalyzer",
        "name": "_detect_patterns_optimized",
        "calls": [
          "get",
          "startswith",
          "min",
          "len",
          "any",
          "all",
          "append"
        ]
      },
      "method:CodeAnalyzer._compile_analysis_result_optimized": {
        "type": "method",
        "class": "CodeAnalyzer",
        "name": "_compile_analysis_result_optimized",
        "calls": [
          "dict",
          "get",
          "asdict",
          "_identify_main_components_optimized",
          "len",
          "_get_complexity_level_optimized",
          "_calculate_quality_score",
          "_count_relationships_by_type",
          "items"
        ]
      },
      "method:CodeAnalyzer._get_complexity_level_optimized": {
        "type": "method",
        "class": "CodeAnalyzer",
        "name": "_get_complexity_level_optimized",
        "calls": []
      },
      "method:CodeAnalyzer._identify_main_components_optimized": {
        "type": "method",
        "class": "CodeAnalyzer",
        "name": "_identify_main_components_optimized",
        "calls": [
          "most_common",
          "Counter",
          "items"
        ]
      },
      "method:CodeAnalyzer._calculate_quality_score": {
        "type": "method",
        "class": "CodeAnalyzer",
        "name": "_calculate_quality_score",
        "calls": [
          "max"
        ]
      },
      "method:CodeAnalyzer._count_relationships_by_type": {
        "type": "method",
        "class": "CodeAnalyzer",
        "name": "_count_relationships_by_type",
        "calls": [
          "dict",
          "Counter"
        ]
      },
      "method:CodeAnalyzer._create_fallback_analysis": {
        "type": "method",
        "class": "CodeAnalyzer",
        "name": "_create_fallback_analysis",
        "calls": [
          "asdict",
          "CodeMetrics",
          "get"
        ]
      },
      "method:CodeAnalyzer.clear_cache": {
        "type": "method",
        "class": "CodeAnalyzer",
        "name": "clear_cache",
        "calls": [
          "clear"
        ]
      },
      "function:analyze_code_structure": {
        "type": "function",
        "name": "analyze_code_structure",
        "calls": [
          "analyze",
          "CodeAnalyzer"
        ]
      }
    },
    "edges": [
      {
        "source": "method:CodeAnalyzer.__init__",
        "target": "class:CodeMetrics",
        "type": "calls"
      },
      {
        "source": "method:CodeAnalyzer.analyze",
        "target": "method:CodeAnalyzer._compile_analysis_result_optimized",
        "type": "calls"
      },
      {
        "source": "method:CodeAnalyzer.analyze",
        "target": "method:CodeAnalyzer._create_fallback_analysis",
        "type": "calls"
      },
      {
        "source": "method:CodeAnalyzer.analyze",
        "target": "method:CodeAnalyzer._generate_cache_key",
        "type": "calls"
      },
      {
        "source": "method:CodeAnalyzer._build_call_graph_optimized",
        "target": "method:CodeAnalyzer._build_java_call_graph_optimized",
        "type": "calls"
      },
      {
        "source": "method:CodeAnalyzer._build_call_graph_optimized",
        "target": "method:CodeAnalyzer._resolve_call_relationships_optimized",
        "type": "calls"
      },
      {
        "source": "method:CodeAnalyzer._build_call_graph_optimized",
        "target": "method:CodeAnalyzer._build_python_call_graph_optimized",
        "type": "calls"
      },
      {
        "source": "method:CodeAnalyzer._build_python_call_graph_optimized",
        "target": "class:CallGraphNode",
        "type": "calls"
      },
      {
        "source": "method:CodeAnalyzer._build_python_call_graph_optimized",
        "target": "method:CodeAnalyzer._index_nodes_optimized",
        "type": "calls"
      },
      {
        "source": "method:CodeAnalyzer._build_java_call_graph_optimized",
        "target": "class:CallGraphNode",
        "type": "calls"
      },
      {
        "source": "method:CodeAnalyzer._build_java_call_graph_optimized",
        "target": "method:CodeAnalyzer._index_nodes_optimized",
        "type": "calls"
      },
      {
        "source": "method:CodeAnalyzer._resolve_call_relationships_optimized",
        "target": "method:CodeAnalyzer._find_callee_node",
        "type": "calls"
      },
      {
        "source": "method:CodeAnalyzer._resolve_call_relationships_optimized",
        "target": "class:Relationship",
        "type": "calls"
      },
      {
        "source": "method:CodeAnalyzer._analyze_inheritance_optimized",
        "target": "class:Relationship",
        "type": "calls"
      },
      {
        "source": "method:CodeAnalyzer._analyze_dependencies_optimized",
        "target": "class:Relationship",
        "type": "calls"
      },
      {
        "source": "method:CodeAnalyzer._calculate_complexity_metrics_optimized",
        "target": "method:CodeAnalyzer._calculate_cyclomatic_complexity_optimized",
        "type": "calls"
      },
      {
        "source": "method:CodeAnalyzer._calculate_complexity_metrics_optimized",
        "target": "method:CodeAnalyzer._calculate_maintainability_index",
        "type": "calls"
      },
      {
        "source": "method:CodeAnalyzer._calculate_complexity_metrics_optimized",
        "target": "method:CodeAnalyzer._calculate_cohesion_optimized",
        "type": "calls"
      },
      {
        "source": "method:CodeAnalyzer._compile_analysis_result_optimized",
        "target": "method:CodeAnalyzer._identify_main_components_optimized",
        "type": "calls"
      },
      {
        "source": "method:CodeAnalyzer._compile_analysis_result_optimized",
        "target": "method:CodeAnalyzer._get_complexity_level_optimized",
        "type": "calls"
      },
      {
        "source": "method:CodeAnalyzer._compile_analysis_result_optimized",
        "target": "method:CodeAnalyzer._calculate_quality_score",
        "type": "calls"
      },
      {
        "source": "method:CodeAnalyzer._compile_analysis_result_optimized",
        "target": "method:CodeAnalyzer._count_relationships_by_type",
        "type": "calls"
      },
      {
        "source": "method:CodeAnalyzer._create_fallback_analysis",
        "target": "class:CodeMetrics",
        "type": "calls"
      },
      {
        "source": "function:analyze_code_structure",
        "target": "method:CodeAnalyzer.analyze",
        "type": "calls"
      },
      {
        "source": "function:analyze_code_structure",
        "target": "class:CodeAnalyzer",
        "type": "calls"
      }
    ],
    "entry_points": [],
    "external_calls": []
  },
  "relationships": {
    "inheritance": [],
    "composition": [],
    "association": [],
    "dependency": [
      {
        "source": "CodeAnalyzer",
        "target": "CodeMetrics",
        "via_method": "__init__",
        "type": "method_call"
      },
      {
        "source": "CodeAnalyzer",
        "target": "CallGraphNode",
        "via_method": "_build_python_call_graph_optimized",
        "type": "method_call"
      },
      {
        "source": "CodeAnalyzer",
        "target": "CallGraphNode",
        "via_method": "_build_java_call_graph_optimized",
        "type": "method_call"
      },
      {
        "source": "CodeAnalyzer",
        "target": "Relationship",
        "via_method": "_resolve_call_relationships_optimized",
        "type": "method_call"
      },
      {
        "source": "CodeAnalyzer",
        "target": "Relationship",
        "via_method": "_analyze_inheritance_optimized",
        "type": "method_call"
      },
      {
        "source": "CodeAnalyzer",
        "target": "Relationship",
        "via_method": "_analyze_dependencies_optimized",
        "type": "method_call"
      },
      {
        "source": "CodeAnalyzer",
        "target": "CodeMetrics",
        "via_method": "_create_fallback_analysis",
        "type": "method_call"
      }
    ]
  },
  "complexity_analysis": {
    "class_metrics": {
      "Relationship": {
        "method_count": 0,
        "attribute_count": 0,
        "field_count": 0,
        "complexity_score": 0
      },
      "CodeMetrics": {
        "method_count": 0,
        "attribute_count": 0,
        "field_count": 0,
        "complexity_score": 0
      },
      "CallGraphNode": {
        "method_count": 0,
        "attribute_count": 0,
        "field_count": 0,
        "complexity_score": 0
      },
      "CodeAnalyzer": {
        "method_count": 24,
        "attribute_count": 0,
        "field_count": 0,
        "complexity_score": 48
      }
    },
    "method_metrics": {},
    "overall_metrics": {
      "total_classes": 4,
      "total_methods": 24,
      "total_functions": 1,
      "average_methods_per_class": 6.0,
      "total_imports": 13
    }
  },
  "structure_summary": {
    "total_components": 5,
    "architecture_type": "Object-Oriented",
    "main_components": [
      "CodeAnalyzer",
      "Relationship",
      "CodeMetrics"
    ],
    "complexity_level": "Complex"
  }
}