{
  "filename": "tmpc7llrtgs.py",
  "language": "python",
  "classes": [
    {
      "name": "DiagramViewer",
      "line_start": 14,
      "methods": [
        {
          "name": "__init__",
          "calls": [],
          "line_start": 19,
          "parameters": []
        },
        {
          "name": "display_diagram_with_editor",
          "calls": [
            "display_error_state",
            "_display_diagram_column",
            "columns",
            "_display_explanation_section",
            "str",
            "_display_editor_column"
          ],
          "line_start": 22,
          "parameters": [
            "diagram_path",
            "dot_source",
            "explanation",
            "diagram_name"
          ]
        },
        {
          "name": "_display_diagram_column",
          "calls": [
            "_display_diagram_controls",
            "subheader",
            "container",
            "_display_diagram_image"
          ],
          "line_start": 56,
          "parameters": [
            "diagram_path",
            "diagram_name"
          ]
        },
        {
          "name": "_display_diagram_image",
          "calls": [
            "_add_modal_html",
            "b64encode",
            "markdown",
            "open",
            "str",
            "read",
            "error",
            "decode"
          ],
          "line_start": 68,
          "parameters": [
            "diagram_path",
            "diagram_name"
          ]
        },
        {
          "name": "_display_diagram_controls",
          "calls": [
            "columns",
            "markdown",
            "_create_download_button",
            "rerun",
            "button"
          ],
          "line_start": 102,
          "parameters": [
            "diagram_path",
            "diagram_name"
          ]
        },
        {
          "name": "_create_download_button",
          "calls": [
            "download_button",
            "open",
            "read",
            "error",
            "str"
          ],
          "line_start": 124,
          "parameters": [
            "diagram_path",
            "diagram_name"
          ]
        },
        {
          "name": "_display_editor_column",
          "calls": [
            "subheader",
            "text_area",
            "markdown",
            "caption",
            "container",
            "_display_editor_controls"
          ],
          "line_start": 141,
          "parameters": [
            "dot_source",
            "diagram_name"
          ]
        },
        {
          "name": "_display_editor_controls",
          "calls": [
            "columns",
            "success",
            "code",
            "info",
            "_save_dot_source",
            "rerun",
            "button",
            "get"
          ],
          "line_start": 175,
          "parameters": [
            "current_source",
            "diagram_name"
          ]
        },
        {
          "name": "_display_explanation_section",
          "calls": [
            "subheader",
            "container",
            "markdown"
          ],
          "line_start": 219,
          "parameters": [
            "explanation"
          ]
        },
        {
          "name": "_add_modal_html",
          "calls": [
            "html"
          ],
          "line_start": 237,
          "parameters": [
            "diagram_name",
            "image_b64"
          ]
        },
        {
          "name": "_save_dot_source",
          "calls": [
            "mkdir",
            "success",
            "write",
            "open",
            "error",
            "str",
            "Path"
          ],
          "line_start": 313,
          "parameters": [
            "dot_source",
            "diagram_name"
          ]
        },
        {
          "name": "display_processing_state",
          "calls": [
            "markdown"
          ],
          "line_start": 327,
          "parameters": [
            "message"
          ]
        },
        {
          "name": "display_error_state",
          "calls": [
            "markdown"
          ],
          "line_start": 360,
          "parameters": [
            "error_message",
            "details"
          ]
        }
      ],
      "attributes": [],
      "bases": []
    }
  ],
  "functions": [
    {
      "name": "display_diagram_viewer",
      "line_start": 380,
      "calls": [
        "display_diagram_with_editor",
        "DiagramViewer"
      ],
      "parameters": [
        "diagram_path",
        "dot_source",
        "explanation",
        "diagram_name"
      ]
    },
    {
      "name": "show_processing",
      "line_start": 395,
      "calls": [
        "DiagramViewer",
        "display_processing_state"
      ],
      "parameters": [
        "message"
      ]
    },
    {
      "name": "show_error",
      "line_start": 401,
      "calls": [
        "display_error_state",
        "DiagramViewer"
      ],
      "parameters": [
        "error_message",
        "details"
      ]
    }
  ],
  "imports": [
    {
      "name": "streamlit",
      "alias": "st"
    },
    {
      "name": "base64",
      "alias": null
    },
    {
      "name": "tempfile",
      "alias": null
    },
    {
      "name": "pathlib.Path",
      "alias": null,
      "module": "pathlib"
    },
    {
      "name": "typing.Optional",
      "alias": null,
      "module": "typing"
    },
    {
      "name": "typing.Dict",
      "alias": null,
      "module": "typing"
    },
    {
      "name": "typing.Any",
      "alias": null,
      "module": "typing"
    },
    {
      "name": "typing.Tuple",
      "alias": null,
      "module": "typing"
    },
    {
      "name": "graphviz",
      "alias": null
    }
  ],
  "global_variables": [],
  "structure": [
    {
      "type": "class",
      "name": "DiagramViewer",
      "line": 14
    },
    {
      "type": "function",
      "name": "display_diagram_viewer",
      "line": 380
    },
    {
      "type": "function",
      "name": "show_processing",
      "line": 395
    },
    {
      "type": "function",
      "name": "show_error",
      "line": 401
    }
  ],
  "basic_metrics": {
    "total_classes": 1,
    "total_functions": 3,
    "total_imports": 9,
    "total_methods": 13,
    "language": "python"
  },
  "import_analysis": {
    "standard_library": [
      "tempfile",
      "pathlib.Path",
      "typing.Optional",
      "typing.Dict",
      "typing.Any",
      "typing.Tuple"
    ],
    "third_party": [],
    "internal": [
      "streamlit",
      "base64",
      "graphviz"
    ],
    "total_count": 9
  },
  "class_hierarchy": {
    "root_classes": [
      "DiagramViewer"
    ],
    "inheritance_chains": [],
    "interfaces": [],
    "abstract_classes": []
  },
  "call_graph": {
    "nodes": {
      "class:DiagramViewer": {
        "type": "class",
        "name": "DiagramViewer",
        "methods": [
          "method:DiagramViewer.__init__",
          "method:DiagramViewer.display_diagram_with_editor",
          "method:DiagramViewer._display_diagram_column",
          "method:DiagramViewer._display_diagram_image",
          "method:DiagramViewer._display_diagram_controls",
          "method:DiagramViewer._create_download_button",
          "method:DiagramViewer._display_editor_column",
          "method:DiagramViewer._display_editor_controls",
          "method:DiagramViewer._display_explanation_section",
          "method:DiagramViewer._add_modal_html",
          "method:DiagramViewer._save_dot_source",
          "method:DiagramViewer.display_processing_state",
          "method:DiagramViewer.display_error_state"
        ]
      },
      "method:DiagramViewer.__init__": {
        "type": "method",
        "class": "DiagramViewer",
        "name": "__init__",
        "calls": []
      },
      "method:DiagramViewer.display_diagram_with_editor": {
        "type": "method",
        "class": "DiagramViewer",
        "name": "display_diagram_with_editor",
        "calls": [
          "display_error_state",
          "_display_diagram_column",
          "columns",
          "_display_explanation_section",
          "str",
          "_display_editor_column"
        ]
      },
      "method:DiagramViewer._display_diagram_column": {
        "type": "method",
        "class": "DiagramViewer",
        "name": "_display_diagram_column",
        "calls": [
          "_display_diagram_controls",
          "subheader",
          "container",
          "_display_diagram_image"
        ]
      },
      "method:DiagramViewer._display_diagram_image": {
        "type": "method",
        "class": "DiagramViewer",
        "name": "_display_diagram_image",
        "calls": [
          "_add_modal_html",
          "b64encode",
          "markdown",
          "open",
          "str",
          "read",
          "error",
          "decode"
        ]
      },
      "method:DiagramViewer._display_diagram_controls": {
        "type": "method",
        "class": "DiagramViewer",
        "name": "_display_diagram_controls",
        "calls": [
          "columns",
          "markdown",
          "_create_download_button",
          "rerun",
          "button"
        ]
      },
      "method:DiagramViewer._create_download_button": {
        "type": "method",
        "class": "DiagramViewer",
        "name": "_create_download_button",
        "calls": [
          "download_button",
          "open",
          "read",
          "error",
          "str"
        ]
      },
      "method:DiagramViewer._display_editor_column": {
        "type": "method",
        "class": "DiagramViewer",
        "name": "_display_editor_column",
        "calls": [
          "subheader",
          "text_area",
          "markdown",
          "caption",
          "container",
          "_display_editor_controls"
        ]
      },
      "method:DiagramViewer._display_editor_controls": {
        "type": "method",
        "class": "DiagramViewer",
        "name": "_display_editor_controls",
        "calls": [
          "columns",
          "success",
          "code",
          "info",
          "_save_dot_source",
          "rerun",
          "button",
          "get"
        ]
      },
      "method:DiagramViewer._display_explanation_section": {
        "type": "method",
        "class": "DiagramViewer",
        "name": "_display_explanation_section",
        "calls": [
          "subheader",
          "container",
          "markdown"
        ]
      },
      "method:DiagramViewer._add_modal_html": {
        "type": "method",
        "class": "DiagramViewer",
        "name": "_add_modal_html",
        "calls": [
          "html"
        ]
      },
      "method:DiagramViewer._save_dot_source": {
        "type": "method",
        "class": "DiagramViewer",
        "name": "_save_dot_source",
        "calls": [
          "mkdir",
          "success",
          "write",
          "open",
          "error",
          "str",
          "Path"
        ]
      },
      "method:DiagramViewer.display_processing_state": {
        "type": "method",
        "class": "DiagramViewer",
        "name": "display_processing_state",
        "calls": [
          "markdown"
        ]
      },
      "method:DiagramViewer.display_error_state": {
        "type": "method",
        "class": "DiagramViewer",
        "name": "display_error_state",
        "calls": [
          "markdown"
        ]
      },
      "function:display_diagram_viewer": {
        "type": "function",
        "name": "display_diagram_viewer",
        "calls": [
          "display_diagram_with_editor",
          "DiagramViewer"
        ]
      },
      "function:show_processing": {
        "type": "function",
        "name": "show_processing",
        "calls": [
          "DiagramViewer",
          "display_processing_state"
        ]
      },
      "function:show_error": {
        "type": "function",
        "name": "show_error",
        "calls": [
          "display_error_state",
          "DiagramViewer"
        ]
      }
    },
    "edges": [
      {
        "source": "method:DiagramViewer.display_diagram_with_editor",
        "target": "method:DiagramViewer.display_error_state",
        "type": "calls"
      },
      {
        "source": "method:DiagramViewer.display_diagram_with_editor",
        "target": "method:DiagramViewer._display_diagram_column",
        "type": "calls"
      },
      {
        "source": "method:DiagramViewer.display_diagram_with_editor",
        "target": "method:DiagramViewer._display_explanation_section",
        "type": "calls"
      },
      {
        "source": "method:DiagramViewer.display_diagram_with_editor",
        "target": "method:DiagramViewer._display_editor_column",
        "type": "calls"
      },
      {
        "source": "method:DiagramViewer._display_diagram_column",
        "target": "method:DiagramViewer._display_diagram_controls",
        "type": "calls"
      },
      {
        "source": "method:DiagramViewer._display_diagram_column",
        "target": "method:DiagramViewer._display_diagram_image",
        "type": "calls"
      },
      {
        "source": "method:DiagramViewer._display_diagram_image",
        "target": "method:DiagramViewer._add_modal_html",
        "type": "calls"
      },
      {
        "source": "method:DiagramViewer._display_diagram_controls",
        "target": "method:DiagramViewer._create_download_button",
        "type": "calls"
      },
      {
        "source": "method:DiagramViewer._display_editor_column",
        "target": "method:DiagramViewer._display_editor_controls",
        "type": "calls"
      },
      {
        "source": "method:DiagramViewer._display_editor_controls",
        "target": "method:DiagramViewer._save_dot_source",
        "type": "calls"
      },
      {
        "source": "function:display_diagram_viewer",
        "target": "method:DiagramViewer.display_diagram_with_editor",
        "type": "calls"
      },
      {
        "source": "function:display_diagram_viewer",
        "target": "class:DiagramViewer",
        "type": "calls"
      },
      {
        "source": "function:show_processing",
        "target": "class:DiagramViewer",
        "type": "calls"
      },
      {
        "source": "function:show_processing",
        "target": "method:DiagramViewer.display_processing_state",
        "type": "calls"
      },
      {
        "source": "function:show_error",
        "target": "method:DiagramViewer.display_error_state",
        "type": "calls"
      },
      {
        "source": "function:show_error",
        "target": "class:DiagramViewer",
        "type": "calls"
      }
    ],
    "entry_points": [],
    "external_calls": []
  },
  "relationships": {
    "inheritance": [],
    "composition": [],
    "association": [],
    "dependency": []
  },
  "complexity_analysis": {
    "class_metrics": {
      "DiagramViewer": {
        "method_count": 13,
        "attribute_count": 0,
        "field_count": 0,
        "complexity_score": 26
      }
    },
    "method_metrics": {},
    "overall_metrics": {
      "total_classes": 1,
      "total_methods": 13,
      "total_functions": 3,
      "average_methods_per_class": 13.0,
      "total_imports": 9
    }
  },
  "structure_summary": {
    "total_components": 4,
    "architecture_type": "Single-Class",
    "main_components": [
      "DiagramViewer"
    ],
    "complexity_level": "Moderate"
  }
}