{
  "filename": "tmpdympfcyw.py",
  "language": "python",
  "classes": [
    {
      "name": "MultiLanguageParser",
      "line_start": 10,
      "methods": [
        {
          "name": "__init__",
          "calls": [],
          "line_start": 13,
          "parameters": []
        },
        {
          "name": "parse_file",
          "calls": [
            "lower",
            "_parse_java",
            "_parse_jupyter",
            "splitext",
            "FileNotFoundError",
            "_parse_python",
            "ValueError",
            "exists"
          ],
          "line_start": 16,
          "parameters": [
            "file_path"
          ]
        },
        {
          "name": "_parse_python",
          "calls": [
            "SyntaxError",
            "parse",
            "append",
            "_extract_function_calls",
            "_extract_class_attributes",
            "basename",
            "_get_base_name",
            "Exception",
            "read",
            "isinstance",
            "open"
          ],
          "line_start": 34,
          "parameters": [
            "file_path"
          ]
        },
        {
          "name": "_parse_java",
          "calls": [
            "_serialize_java_parameter",
            "filter",
            "str",
            "SyntaxError",
            "parse",
            "append",
            "hasattr",
            "basename",
            "list",
            "Exception",
            "read",
            "isinstance",
            "open"
          ],
          "line_start": 127,
          "parameters": [
            "file_path"
          ]
        },
        {
          "name": "_parse_jupyter",
          "calls": [
            "write",
            "append",
            "len",
            "get",
            "basename",
            "enumerate",
            "strip",
            "_parse_python",
            "unlink",
            "Exception",
            "NamedTemporaryFile",
            "read",
            "open",
            "exists"
          ],
          "line_start": 215,
          "parameters": [
            "file_path"
          ]
        },
        {
          "name": "_extract_class_attributes",
          "calls": [
            "append",
            "isinstance"
          ],
          "line_start": 286,
          "parameters": [
            "class_node"
          ]
        },
        {
          "name": "_extract_function_calls",
          "calls": [
            "set",
            "list",
            "append",
            "isinstance",
            "walk"
          ],
          "line_start": 296,
          "parameters": [
            "function_node"
          ]
        },
        {
          "name": "_get_base_name",
          "calls": [
            "str",
            "isinstance"
          ],
          "line_start": 307,
          "parameters": [
            "base_node"
          ]
        },
        {
          "name": "_serialize_java_parameter",
          "calls": [
            "str"
          ],
          "line_start": 316,
          "parameters": [
            "param"
          ]
        },
        {
          "name": "save_parsed_json",
          "calls": [
            "splitext",
            "join",
            "makedirs",
            "dump",
            "_make_json_serializable",
            "open"
          ],
          "line_start": 320,
          "parameters": [
            "parsed_data",
            "output_dir"
          ]
        },
        {
          "name": "_make_json_serializable",
          "calls": [
            "str",
            "type",
            "items",
            "_make_json_serializable",
            "isinstance"
          ],
          "line_start": 338,
          "parameters": [
            "data"
          ]
        }
      ],
      "attributes": [],
      "bases": []
    }
  ],
  "functions": [
    {
      "name": "parse_file",
      "line_start": 356,
      "calls": [
        "print",
        "parse_file",
        "save_parsed_json",
        "MultiLanguageParser"
      ],
      "parameters": [
        "file_path",
        "save_json"
      ]
    }
  ],
  "imports": [
    {
      "name": "os",
      "alias": null
    },
    {
      "name": "json",
      "alias": null
    },
    {
      "name": "ast",
      "alias": null
    },
    {
      "name": "javalang",
      "alias": null
    },
    {
      "name": "nbformat",
      "alias": null
    },
    {
      "name": "typing.Dict",
      "alias": null,
      "module": "typing"
    },
    {
      "name": "typing.List",
      "alias": null,
      "module": "typing"
    },
    {
      "name": "typing.Any",
      "alias": null,
      "module": "typing"
    },
    {
      "name": "typing.Union",
      "alias": null,
      "module": "typing"
    },
    {
      "name": "tempfile",
      "alias": null
    }
  ],
  "global_variables": [],
  "structure": [
    {
      "type": "class",
      "name": "MultiLanguageParser",
      "line": 10
    },
    {
      "type": "function",
      "name": "parse_file",
      "line": 356
    }
  ]
}