{
  "filename": "tmpfuax9z63.py",
  "language": "python",
  "classes": [
    {
      "name": "Config",
      "line_start": 26,
      "methods": [
        {
          "name": "__init__",
          "calls": [],
          "line_start": 31,
          "parameters": []
        },
        {
          "name": "validate_config",
          "calls": [
            "ValueError"
          ],
          "line_start": 48,
          "parameters": []
        }
      ],
      "attributes": [],
      "bases": []
    },
    {
      "name": "DocumentProcessor",
      "line_start": 167,
      "methods": [
        {
          "name": "__init__",
          "calls": [],
          "line_start": 173,
          "parameters": []
        },
        {
          "name": "load_document",
          "calls": [
            "PyPDFLoader",
            "lower",
            "open",
            "process",
            "ValueError",
            "Exception",
            "str",
            "join",
            "read",
            "load",
            "_clean_text",
            "splitext"
          ],
          "line_start": 177,
          "parameters": [
            "file_path"
          ]
        },
        {
          "name": "_clean_text",
          "calls": [
            "strip",
            "sub"
          ],
          "line_start": 199,
          "parameters": [
            "text"
          ]
        },
        {
          "name": "chunk_document",
          "calls": [
            "Document",
            "ValueError",
            "strip",
            "split_text",
            "RecursiveCharacterTextSplitter"
          ],
          "line_start": 211,
          "parameters": [
            "text",
            "metadata"
          ]
        }
      ],
      "attributes": [],
      "bases": []
    },
    {
      "name": "VectorStoreManager",
      "line_start": 234,
      "methods": [
        {
          "name": "__init__",
          "calls": [
            "str",
            "RuntimeError",
            "HuggingFaceEmbeddings"
          ],
          "line_start": 239,
          "parameters": []
        },
        {
          "name": "create_vector_store",
          "calls": [
            "from_documents",
            "ValueError",
            "RuntimeError",
            "str",
            "len"
          ],
          "line_start": 250,
          "parameters": [
            "documents"
          ]
        }
      ],
      "attributes": [],
      "bases": []
    },
    {
      "name": "PolicySummarizer",
      "line_start": 267,
      "methods": [
        {
          "name": "__init__",
          "calls": [
            "ChatGroq"
          ],
          "line_start": 273,
          "parameters": []
        },
        {
          "name": "summarize_document",
          "calls": [
            "LLMChain",
            "strip",
            "PromptTemplate",
            "str",
            "run"
          ],
          "line_start": 280,
          "parameters": [
            "document_text"
          ]
        }
      ],
      "attributes": [],
      "bases": []
    },
    {
      "name": "PolicyQASystem",
      "line_start": 326,
      "methods": [
        {
          "name": "__init__",
          "calls": [
            "ValueError",
            "ChatGroq",
            "_create_qa_chain",
            "as_retriever"
          ],
          "line_start": 332,
          "parameters": [
            "vector_store"
          ]
        },
        {
          "name": "_create_qa_chain",
          "calls": [
            "strip",
            "PromptTemplate",
            "from_chain_type"
          ],
          "line_start": 348,
          "parameters": []
        },
        {
          "name": "ask_question",
          "calls": [
            "strip",
            "str",
            "get",
            "invoke"
          ],
          "line_start": 381,
          "parameters": [
            "question"
          ]
        }
      ],
      "attributes": [],
      "bases": []
    },
    {
      "name": "StudyFlashcardGenerator",
      "line_start": 400,
      "methods": [
        {
          "name": "__init__",
          "calls": [
            "strip",
            "PromptTemplate",
            "LLMChain",
            "ChatGroq"
          ],
          "line_start": 405,
          "parameters": []
        },
        {
          "name": "generate_flashcards",
          "calls": [
            "strip",
            "str",
            "run"
          ],
          "line_start": 439,
          "parameters": [
            "summary_text"
          ]
        }
      ],
      "attributes": [],
      "bases": []
    },
    {
      "name": "QuizGenerator",
      "line_start": 456,
      "methods": [
        {
          "name": "__init__",
          "calls": [
            "Groq"
          ],
          "line_start": 462,
          "parameters": []
        },
        {
          "name": "_generate_quiz_prompt",
          "calls": [],
          "line_start": 467,
          "parameters": [
            "study_summary"
          ]
        },
        {
          "name": "generate_quiz",
          "calls": [
            "enumerate",
            "rfind",
            "append",
            "warning",
            "isinstance",
            "startswith",
            "loads",
            "_generate_quiz_prompt",
            "code",
            "strip",
            "find",
            "create",
            "get",
            "error",
            "info",
            "str",
            "locals",
            "endswith"
          ],
          "line_start": 506,
          "parameters": [
            "study_summary"
          ]
        }
      ],
      "attributes": [],
      "bases": []
    },
    {
      "name": "PolicyExplainerApp",
      "line_start": 817,
      "methods": [
        {
          "name": "__init__",
          "calls": [
            "VectorStoreManager",
            "DocumentProcessor",
            "setup_page",
            "initialize_session_state"
          ],
          "line_start": 824,
          "parameters": []
        },
        {
          "name": "setup_page",
          "calls": [
            "set_page_config",
            "markdown"
          ],
          "line_start": 831,
          "parameters": []
        },
        {
          "name": "initialize_session_state",
          "calls": [
            "items"
          ],
          "line_start": 841,
          "parameters": []
        },
        {
          "name": "process_uploaded_document",
          "calls": [
            "unlink",
            "lower",
            "chunk_document",
            "getvalue",
            "load_document",
            "error",
            "summarize_document",
            "str",
            "splitext",
            "PolicySummarizer",
            "create_vector_store",
            "spinner",
            "exists",
            "NamedTemporaryFile",
            "write"
          ],
          "line_start": 862,
          "parameters": [
            "uploaded_file",
            "tab_name"
          ]
        },
        {
          "name": "render_upload_section",
          "calls": [
            "process_uploaded_document",
            "lower",
            "file_uploader",
            "rerun",
            "header",
            "success",
            "button"
          ],
          "line_start": 900,
          "parameters": [
            "tab_name"
          ]
        },
        {
          "name": "render_summary_and_questions",
          "calls": [
            "markdown",
            "lower",
            "PolicyQASystem",
            "rerun",
            "append",
            "StudyFlashcardGenerator",
            "error",
            "str",
            "text_input",
            "generate_flashcards",
            "ask_question",
            "columns",
            "success",
            "spinner",
            "button"
          ],
          "line_start": 917,
          "parameters": [
            "tab_name"
          ]
        },
        {
          "name": "render_professional_tab",
          "calls": [
            "render_summary_and_questions",
            "markdown",
            "rerun",
            "header",
            "render_upload_section",
            "columns",
            "success",
            "button"
          ],
          "line_start": 1024,
          "parameters": []
        },
        {
          "name": "render_fresher_tab",
          "calls": [
            "render_summary_and_questions",
            "markdown",
            "rerun",
            "header",
            "render_upload_section",
            "columns",
            "success",
            "button"
          ],
          "line_start": 1050,
          "parameters": []
        },
        {
          "name": "run",
          "calls": [
            "render_fresher_tab",
            "markdown",
            "quick_notes_page",
            "tabs",
            "quiz_page",
            "render_professional_tab",
            "title",
            "caption"
          ],
          "line_start": 1078,
          "parameters": []
        }
      ],
      "attributes": [],
      "bases": []
    }
  ],
  "functions": [
    {
      "name": "quick_notes_page",
      "line_start": 600,
      "calls": [
        "split",
        "markdown",
        "lstrip",
        "warning",
        "rerun",
        "splitlines",
        "title",
        "startswith",
        "append",
        "strip",
        "columns",
        "len",
        "button"
      ],
      "parameters": []
    },
    {
      "name": "quiz_page",
      "line_start": 663,
      "calls": [
        "enumerate",
        "markdown",
        "index",
        "warning",
        "generate_quiz",
        "keys",
        "success",
        "spinner",
        "form_submit_button",
        "values",
        "rerun",
        "upper",
        "str",
        "subheader",
        "columns",
        "len",
        "radio",
        "form",
        "isinstance",
        "append",
        "strip",
        "title",
        "QuizGenerator",
        "list",
        "error",
        "get",
        "progress",
        "button"
      ],
      "parameters": []
    }
  ],
  "imports": [
    {
      "name": "streamlit",
      "alias": "st"
    },
    {
      "name": "os",
      "alias": null
    },
    {
      "name": "tempfile",
      "alias": null
    },
    {
      "name": "json",
      "alias": null
    },
    {
      "name": "typing.List",
      "alias": null,
      "module": "typing"
    },
    {
      "name": "typing.Dict",
      "alias": null,
      "module": "typing"
    },
    {
      "name": "typing.Any",
      "alias": null,
      "module": "typing"
    },
    {
      "name": "langchain.text_splitter.RecursiveCharacterTextSplitter",
      "alias": null,
      "module": "langchain.text_splitter"
    },
    {
      "name": "langchain.schema.Document",
      "alias": null,
      "module": "langchain.schema"
    },
    {
      "name": "langchain.chains.LLMChain",
      "alias": null,
      "module": "langchain.chains"
    },
    {
      "name": "langchain.chains.RetrievalQA",
      "alias": null,
      "module": "langchain.chains"
    },
    {
      "name": "langchain.prompts.PromptTemplate",
      "alias": null,
      "module": "langchain.prompts"
    },
    {
      "name": "langchain_community.vectorstores.FAISS",
      "alias": null,
      "module": "langchain_community.vectorstores"
    },
    {
      "name": "langchain_community.embeddings.HuggingFaceEmbeddings",
      "alias": null,
      "module": "langchain_community.embeddings"
    },
    {
      "name": "langchain_community.document_loaders.PyPDFLoader",
      "alias": null,
      "module": "langchain_community.document_loaders"
    },
    {
      "name": "langchain_community.document_loaders.Docx2txtLoader",
      "alias": null,
      "module": "langchain_community.document_loaders"
    },
    {
      "name": "langchain_community.document_loaders.TextLoader",
      "alias": null,
      "module": "langchain_community.document_loaders"
    },
    {
      "name": "langchain_groq.ChatGroq",
      "alias": null,
      "module": "langchain_groq"
    },
    {
      "name": "groq.Groq",
      "alias": null,
      "module": "groq"
    },
    {
      "name": "docx2txt",
      "alias": null
    }
  ],
  "global_variables": [
    "config",
    "CUSTOM_CSS"
  ],
  "structure": [
    {
      "type": "class",
      "name": "Config",
      "line": 26
    },
    {
      "type": "class",
      "name": "DocumentProcessor",
      "line": 167
    },
    {
      "type": "class",
      "name": "VectorStoreManager",
      "line": 234
    },
    {
      "type": "class",
      "name": "PolicySummarizer",
      "line": 267
    },
    {
      "type": "class",
      "name": "PolicyQASystem",
      "line": 326
    },
    {
      "type": "class",
      "name": "StudyFlashcardGenerator",
      "line": 400
    },
    {
      "type": "class",
      "name": "QuizGenerator",
      "line": 456
    },
    {
      "type": "function",
      "name": "quick_notes_page",
      "line": 600
    },
    {
      "type": "function",
      "name": "quiz_page",
      "line": 663
    },
    {
      "type": "class",
      "name": "PolicyExplainerApp",
      "line": 817
    }
  ]
}