{
  "filename": "tmpgbr5drd7.py",
  "language": "python",
  "classes": [],
  "functions": [
    {
      "name": "display_diagram_viewer",
      "line_start": 8,
      "calls": [
        "error",
        "display_editable_diagram_section",
        "exists",
        "markdown",
        "image"
      ],
      "parameters": [
        "diagram_path",
        "graphviz_code",
        "editable"
      ]
    },
    {
      "name": "display_editable_diagram_section",
      "line_start": 44,
      "calls": [
        "subheader",
        "button",
        "error",
        "get",
        "export_graphviz_code",
        "text_area",
        "markdown",
        "columns"
      ],
      "parameters": [
        "graphviz_code"
      ]
    },
    {
      "name": "export_graphviz_code",
      "line_start": 100,
      "calls": [
        "splitext",
        "download_button",
        "warning"
      ],
      "parameters": [
        "graphviz_code"
      ]
    },
    {
      "name": "preview_graphviz_changes",
      "line_start": 119,
      "calls": [
        "error",
        "render",
        "str",
        "exists",
        "Source",
        "NamedTemporaryFile"
      ],
      "parameters": [
        "graphviz_code"
      ]
    },
    {
      "name": "create_simple_diagram_preview",
      "line_start": 141,
      "calls": [
        "create_simple_diagram",
        "error"
      ],
      "parameters": [
        "processed_data"
      ]
    }
  ],
  "imports": [
    {
      "name": "streamlit",
      "alias": "st"
    },
    {
      "name": "graphviz",
      "alias": null
    },
    {
      "name": "tempfile",
      "alias": null
    },
    {
      "name": "os",
      "alias": null
    },
    {
      "name": "theme_config.theme_config",
      "alias": null,
      "module": "theme_config"
    }
  ],
  "global_variables": [],
  "structure": [
    {
      "type": "function",
      "name": "display_diagram_viewer",
      "line": 8
    },
    {
      "type": "function",
      "name": "display_editable_diagram_section",
      "line": 44
    },
    {
      "type": "function",
      "name": "export_graphviz_code",
      "line": 100
    },
    {
      "type": "function",
      "name": "preview_graphviz_changes",
      "line": 119
    },
    {
      "type": "function",
      "name": "create_simple_diagram_preview",
      "line": 141
    }
  ]
}