{
  "filename": "tmpgbr5drd7.py",
  "language": "python",
  "classes": [],
  "functions": [
    {
      "name": "display_diagram_viewer",
      "line_start": 8,
      "calls": [
        "error",
        "display_editable_diagram_section",
        "exists",
        "markdown",
        "image"
      ],
      "parameters": [
        "diagram_path",
        "graphviz_code",
        "editable"
      ]
    },
    {
      "name": "display_editable_diagram_section",
      "line_start": 44,
      "calls": [
        "subheader",
        "button",
        "error",
        "get",
        "export_graphviz_code",
        "text_area",
        "markdown",
        "columns"
      ],
      "parameters": [
        "graphviz_code"
      ]
    },
    {
      "name": "export_graphviz_code",
      "line_start": 100,
      "calls": [
        "splitext",
        "download_button",
        "warning"
      ],
      "parameters": [
        "graphviz_code"
      ]
    },
    {
      "name": "preview_graphviz_changes",
      "line_start": 119,
      "calls": [
        "error",
        "render",
        "str",
        "exists",
        "Source",
        "NamedTemporaryFile"
      ],
      "parameters": [
        "graphviz_code"
      ]
    },
    {
      "name": "create_simple_diagram_preview",
      "line_start": 141,
      "calls": [
        "create_simple_diagram",
        "error"
      ],
      "parameters": [
        "processed_data"
      ]
    }
  ],
  "imports": [
    {
      "name": "streamlit",
      "alias": "st"
    },
    {
      "name": "graphviz",
      "alias": null
    },
    {
      "name": "tempfile",
      "alias": null
    },
    {
      "name": "os",
      "alias": null
    },
    {
      "name": "theme_config.theme_config",
      "alias": null,
      "module": "theme_config"
    }
  ],
  "global_variables": [],
  "structure": [
    {
      "type": "function",
      "name": "display_diagram_viewer",
      "line": 8
    },
    {
      "type": "function",
      "name": "display_editable_diagram_section",
      "line": 44
    },
    {
      "type": "function",
      "name": "export_graphviz_code",
      "line": 100
    },
    {
      "type": "function",
      "name": "preview_graphviz_changes",
      "line": 119
    },
    {
      "type": "function",
      "name": "create_simple_diagram_preview",
      "line": 141
    }
  ],
  "basic_metrics": {
    "total_classes": 0,
    "total_functions": 5,
    "total_imports": 5,
    "total_methods": 0,
    "language": "python"
  },
  "import_analysis": {
    "standard_library": [
      "tempfile",
      "os"
    ],
    "third_party": [
      "theme_config.theme_config"
    ],
    "internal": [
      "streamlit",
      "graphviz"
    ],
    "total_count": 5
  },
  "class_hierarchy": {
    "root_classes": [],
    "inheritance_chains": [],
    "interfaces": [],
    "abstract_classes": []
  },
  "call_graph": {
    "nodes": {
      "function:display_diagram_viewer": {
        "type": "function",
        "name": "display_diagram_viewer",
        "calls": [
          "error",
          "display_editable_diagram_section",
          "exists",
          "markdown",
          "image"
        ]
      },
      "function:display_editable_diagram_section": {
        "type": "function",
        "name": "display_editable_diagram_section",
        "calls": [
          "subheader",
          "button",
          "error",
          "get",
          "export_graphviz_code",
          "text_area",
          "markdown",
          "columns"
        ]
      },
      "function:export_graphviz_code": {
        "type": "function",
        "name": "export_graphviz_code",
        "calls": [
          "splitext",
          "download_button",
          "warning"
        ]
      },
      "function:preview_graphviz_changes": {
        "type": "function",
        "name": "preview_graphviz_changes",
        "calls": [
          "error",
          "render",
          "str",
          "exists",
          "Source",
          "NamedTemporaryFile"
        ]
      },
      "function:create_simple_diagram_preview": {
        "type": "function",
        "name": "create_simple_diagram_preview",
        "calls": [
          "create_simple_diagram",
          "error"
        ]
      }
    },
    "edges": [
      {
        "source": "function:display_diagram_viewer",
        "target": "function:display_editable_diagram_section",
        "type": "calls"
      },
      {
        "source": "function:display_editable_diagram_section",
        "target": "function:export_graphviz_code",
        "type": "calls"
      }
    ],
    "entry_points": [],
    "external_calls": []
  },
  "relationships": {
    "inheritance": [],
    "composition": [],
    "association": [],
    "dependency": []
  },
  "complexity_analysis": {
    "class_metrics": {},
    "method_metrics": {},
    "overall_metrics": {
      "total_classes": 0,
      "total_methods": 0,
      "total_functions": 5,
      "average_methods_per_class": 0,
      "total_imports": 5
    }
  },
  "structure_summary": {
    "total_components": 5,
    "architecture_type": "Procedural",
    "main_components": [],
    "complexity_level": "Very Simple"
  }
}