{
  "filename": "tmpjq4ceflc.py",
  "language": "python",
  "classes": [
    {
      "name": "DiagramViewer",
      "line_start": 14,
      "methods": [
        {
          "name": "__init__",
          "calls": [],
          "line_start": 19,
          "parameters": []
        },
        {
          "name": "display_diagram_with_editor",
          "calls": [
            "str",
            "_display_diagram_column",
            "_display_explanation_section",
            "_display_editor_column",
            "columns",
            "display_error_state"
          ],
          "line_start": 22,
          "parameters": [
            "diagram_path",
            "dot_source",
            "explanation",
            "diagram_name"
          ]
        },
        {
          "name": "_display_diagram_column",
          "calls": [
            "subheader",
            "container",
            "_display_diagram_image",
            "_display_diagram_controls"
          ],
          "line_start": 56,
          "parameters": [
            "diagram_path",
            "diagram_name"
          ]
        },
        {
          "name": "_display_diagram_image",
          "calls": [
            "str",
            "_add_modal_html",
            "error",
            "markdown",
            "read",
            "open",
            "decode",
            "b64encode"
          ],
          "line_start": 68,
          "parameters": [
            "diagram_path",
            "diagram_name"
          ]
        },
        {
          "name": "_display_diagram_controls",
          "calls": [
            "rerun",
            "_create_download_button",
            "markdown",
            "columns",
            "button"
          ],
          "line_start": 102,
          "parameters": [
            "diagram_path",
            "diagram_name"
          ]
        },
        {
          "name": "_create_download_button",
          "calls": [
            "str",
            "error",
            "read",
            "download_button",
            "open"
          ],
          "line_start": 124,
          "parameters": [
            "diagram_path",
            "diagram_name"
          ]
        },
        {
          "name": "_display_editor_column",
          "calls": [
            "_display_editor_controls",
            "container",
            "caption",
            "markdown",
            "subheader",
            "text_area"
          ],
          "line_start": 141,
          "parameters": [
            "dot_source",
            "diagram_name"
          ]
        },
        {
          "name": "_display_editor_controls",
          "calls": [
            "get",
            "rerun",
            "success",
            "code",
            "columns",
            "info",
            "_save_dot_source",
            "button"
          ],
          "line_start": 175,
          "parameters": [
            "current_source",
            "diagram_name"
          ]
        },
        {
          "name": "_display_explanation_section",
          "calls": [
            "markdown",
            "subheader",
            "container"
          ],
          "line_start": 219,
          "parameters": [
            "explanation"
          ]
        },
        {
          "name": "_add_modal_html",
          "calls": [
            "html"
          ],
          "line_start": 237,
          "parameters": [
            "diagram_name",
            "image_b64"
          ]
        },
        {
          "name": "_save_dot_source",
          "calls": [
            "str",
            "error",
            "Path",
            "success",
            "write",
            "open",
            "mkdir"
          ],
          "line_start": 313,
          "parameters": [
            "dot_source",
            "diagram_name"
          ]
        },
        {
          "name": "display_processing_state",
          "calls": [
            "markdown"
          ],
          "line_start": 327,
          "parameters": [
            "message"
          ]
        },
        {
          "name": "display_error_state",
          "calls": [
            "markdown"
          ],
          "line_start": 360,
          "parameters": [
            "error_message",
            "details"
          ]
        }
      ],
      "attributes": [],
      "bases": []
    }
  ],
  "functions": [
    {
      "name": "display_diagram_viewer",
      "line_start": 380,
      "calls": [
        "DiagramViewer",
        "display_diagram_with_editor"
      ],
      "parameters": [
        "diagram_path",
        "dot_source",
        "explanation",
        "diagram_name"
      ]
    },
    {
      "name": "show_processing",
      "line_start": 395,
      "calls": [
        "DiagramViewer",
        "display_processing_state"
      ],
      "parameters": [
        "message"
      ]
    },
    {
      "name": "show_error",
      "line_start": 401,
      "calls": [
        "DiagramViewer",
        "display_error_state"
      ],
      "parameters": [
        "error_message",
        "details"
      ]
    }
  ],
  "imports": [
    {
      "name": "streamlit",
      "alias": "st"
    },
    {
      "name": "base64",
      "alias": null
    },
    {
      "name": "tempfile",
      "alias": null
    },
    {
      "name": "pathlib.Path",
      "alias": null,
      "module": "pathlib"
    },
    {
      "name": "typing.Optional",
      "alias": null,
      "module": "typing"
    },
    {
      "name": "typing.Dict",
      "alias": null,
      "module": "typing"
    },
    {
      "name": "typing.Any",
      "alias": null,
      "module": "typing"
    },
    {
      "name": "typing.Tuple",
      "alias": null,
      "module": "typing"
    },
    {
      "name": "graphviz",
      "alias": null
    }
  ],
  "global_variables": [],
  "structure": [
    {
      "type": "class",
      "name": "DiagramViewer",
      "line": 14
    },
    {
      "type": "function",
      "name": "display_diagram_viewer",
      "line": 380
    },
    {
      "type": "function",
      "name": "show_processing",
      "line": 395
    },
    {
      "type": "function",
      "name": "show_error",
      "line": 401
    }
  ]
}