{
  "filename": "tmpn4ao4xw4.py",
  "language": "python",
  "classes": [
    {
      "name": "DiagramExporter",
      "line_start": 7,
      "methods": [
        {
          "name": "__init__",
          "calls": [
            "_ensure_output_directory"
          ],
          "line_start": 13,
          "parameters": [
            "output_dir"
          ]
        },
        {
          "name": "_ensure_output_directory",
          "calls": [
            "makedirs"
          ],
          "line_start": 17,
          "parameters": []
        },
        {
          "name": "export_all_formats",
          "calls": [
            "_sanitize_filename",
            "ValueError",
            "str",
            "export_png",
            "RuntimeError",
            "export_markdown",
            "export_dot",
            "export_svg"
          ],
          "line_start": 21,
          "parameters": [
            "dot_source",
            "base_filename"
          ]
        },
        {
          "name": "export_png",
          "calls": [
            "_render_image_format"
          ],
          "line_start": 70,
          "parameters": [
            "dot_source",
            "base_filename"
          ]
        },
        {
          "name": "export_svg",
          "calls": [
            "_render_image_format"
          ],
          "line_start": 79,
          "parameters": [
            "dot_source",
            "base_filename"
          ]
        },
        {
          "name": "export_dot",
          "calls": [
            "str",
            "join",
            "open",
            "write",
            "print"
          ],
          "line_start": 88,
          "parameters": [
            "dot_source",
            "base_filename"
          ]
        },
        {
          "name": "export_markdown",
          "calls": [
            "_generate_markdown_content",
            "str",
            "join",
            "open",
            "basename",
            "write",
            "print"
          ],
          "line_start": 107,
          "parameters": [
            "dot_source",
            "base_filename",
            "png_path"
          ]
        },
        {
          "name": "_render_image_format",
          "calls": [
            "_parse_graphviz_error",
            "str",
            "join",
            "render",
            "upper",
            "exists",
            "Source",
            "print"
          ],
          "line_start": 135,
          "parameters": [
            "dot_source",
            "base_filename",
            "format"
          ]
        },
        {
          "name": "_generate_markdown_content",
          "calls": [
            "join"
          ],
          "line_start": 160,
          "parameters": [
            "base_name",
            "png_filename",
            "dot_source"
          ]
        },
        {
          "name": "_sanitize_filename",
          "calls": [
            "strip",
            "sub"
          ],
          "line_start": 184,
          "parameters": [
            "filename"
          ]
        },
        {
          "name": "_parse_graphviz_error",
          "calls": [
            "strip",
            "search",
            "replace",
            "group"
          ],
          "line_start": 191,
          "parameters": [
            "error_msg"
          ]
        }
      ],
      "attributes": [],
      "bases": []
    }
  ],
  "functions": [
    {
      "name": "export_png",
      "line_start": 210,
      "calls": [
        "DiagramExporter",
        "export_png"
      ],
      "parameters": [
        "dot_source",
        "base_filename"
      ]
    },
    {
      "name": "export_svg",
      "line_start": 216,
      "calls": [
        "DiagramExporter",
        "export_svg"
      ],
      "parameters": [
        "dot_source",
        "base_filename"
      ]
    },
    {
      "name": "export_dot",
      "line_start": 222,
      "calls": [
        "export_dot",
        "DiagramExporter"
      ],
      "parameters": [
        "dot_source",
        "base_filename"
      ]
    },
    {
      "name": "export_markdown",
      "line_start": 228,
      "calls": [
        "export_markdown",
        "DiagramExporter"
      ],
      "parameters": [
        "dot_source",
        "base_filename",
        "png_path"
      ]
    },
    {
      "name": "export_all_four_formats",
      "line_start": 234,
      "calls": [
        "export_all_formats",
        "DiagramExporter"
      ],
      "parameters": [
        "dot_source",
        "base_filename"
      ]
    }
  ],
  "imports": [
    {
      "name": "os",
      "alias": null
    },
    {
      "name": "graphviz",
      "alias": null
    },
    {
      "name": "typing.Dict",
      "alias": null,
      "module": "typing"
    },
    {
      "name": "typing.Optional",
      "alias": null,
      "module": "typing"
    },
    {
      "name": "re",
      "alias": null
    }
  ],
  "global_variables": [],
  "structure": [
    {
      "type": "class",
      "name": "DiagramExporter",
      "line": 7
    },
    {
      "type": "function",
      "name": "export_png",
      "line": 210
    },
    {
      "type": "function",
      "name": "export_svg",
      "line": 216
    },
    {
      "type": "function",
      "name": "export_dot",
      "line": 222
    },
    {
      "type": "function",
      "name": "export_markdown",
      "line": 228
    },
    {
      "type": "function",
      "name": "export_all_four_formats",
      "line": 234
    }
  ],
  "basic_metrics": {
    "total_classes": 1,
    "total_functions": 5,
    "total_imports": 5,
    "total_methods": 11,
    "language": "python"
  },
  "import_analysis": {
    "standard_library": [
      "os",
      "typing.Dict",
      "typing.Optional",
      "re"
    ],
    "third_party": [],
    "internal": [
      "graphviz"
    ],
    "total_count": 5
  },
  "class_hierarchy": {
    "root_classes": [
      "DiagramExporter"
    ],
    "inheritance_chains": [],
    "interfaces": [],
    "abstract_classes": []
  },
  "call_graph": {
    "nodes": {
      "class:DiagramExporter": {
        "type": "class",
        "name": "DiagramExporter",
        "methods": [
          "method:DiagramExporter.__init__",
          "method:DiagramExporter._ensure_output_directory",
          "method:DiagramExporter.export_all_formats",
          "method:DiagramExporter.export_png",
          "method:DiagramExporter.export_svg",
          "method:DiagramExporter.export_dot",
          "method:DiagramExporter.export_markdown",
          "method:DiagramExporter._render_image_format",
          "method:DiagramExporter._generate_markdown_content",
          "method:DiagramExporter._sanitize_filename",
          "method:DiagramExporter._parse_graphviz_error"
        ]
      },
      "method:DiagramExporter.__init__": {
        "type": "method",
        "class": "DiagramExporter",
        "name": "__init__",
        "calls": [
          "_ensure_output_directory"
        ]
      },
      "method:DiagramExporter._ensure_output_directory": {
        "type": "method",
        "class": "DiagramExporter",
        "name": "_ensure_output_directory",
        "calls": [
          "makedirs"
        ]
      },
      "method:DiagramExporter.export_all_formats": {
        "type": "method",
        "class": "DiagramExporter",
        "name": "export_all_formats",
        "calls": [
          "_sanitize_filename",
          "ValueError",
          "str",
          "export_png",
          "RuntimeError",
          "export_markdown",
          "export_dot",
          "export_svg"
        ]
      },
      "method:DiagramExporter.export_png": {
        "type": "method",
        "class": "DiagramExporter",
        "name": "export_png",
        "calls": [
          "_render_image_format"
        ]
      },
      "method:DiagramExporter.export_svg": {
        "type": "method",
        "class": "DiagramExporter",
        "name": "export_svg",
        "calls": [
          "_render_image_format"
        ]
      },
      "method:DiagramExporter.export_dot": {
        "type": "method",
        "class": "DiagramExporter",
        "name": "export_dot",
        "calls": [
          "str",
          "join",
          "open",
          "write",
          "print"
        ]
      },
      "method:DiagramExporter.export_markdown": {
        "type": "method",
        "class": "DiagramExporter",
        "name": "export_markdown",
        "calls": [
          "_generate_markdown_content",
          "str",
          "join",
          "open",
          "basename",
          "write",
          "print"
        ]
      },
      "method:DiagramExporter._render_image_format": {
        "type": "method",
        "class": "DiagramExporter",
        "name": "_render_image_format",
        "calls": [
          "_parse_graphviz_error",
          "str",
          "join",
          "render",
          "upper",
          "exists",
          "Source",
          "print"
        ]
      },
      "method:DiagramExporter._generate_markdown_content": {
        "type": "method",
        "class": "DiagramExporter",
        "name": "_generate_markdown_content",
        "calls": [
          "join"
        ]
      },
      "method:DiagramExporter._sanitize_filename": {
        "type": "method",
        "class": "DiagramExporter",
        "name": "_sanitize_filename",
        "calls": [
          "strip",
          "sub"
        ]
      },
      "method:DiagramExporter._parse_graphviz_error": {
        "type": "method",
        "class": "DiagramExporter",
        "name": "_parse_graphviz_error",
        "calls": [
          "strip",
          "search",
          "replace",
          "group"
        ]
      },
      "function:export_png": {
        "type": "function",
        "name": "export_png",
        "calls": [
          "DiagramExporter",
          "export_png"
        ]
      },
      "function:export_svg": {
        "type": "function",
        "name": "export_svg",
        "calls": [
          "DiagramExporter",
          "export_svg"
        ]
      },
      "function:export_dot": {
        "type": "function",
        "name": "export_dot",
        "calls": [
          "export_dot",
          "DiagramExporter"
        ]
      },
      "function:export_markdown": {
        "type": "function",
        "name": "export_markdown",
        "calls": [
          "export_markdown",
          "DiagramExporter"
        ]
      },
      "function:export_all_four_formats": {
        "type": "function",
        "name": "export_all_four_formats",
        "calls": [
          "export_all_formats",
          "DiagramExporter"
        ]
      }
    },
    "edges": [
      {
        "source": "method:DiagramExporter.__init__",
        "target": "method:DiagramExporter._ensure_output_directory",
        "type": "calls"
      },
      {
        "source": "method:DiagramExporter.export_all_formats",
        "target": "method:DiagramExporter._sanitize_filename",
        "type": "calls"
      },
      {
        "source": "method:DiagramExporter.export_all_formats",
        "target": "method:DiagramExporter.export_png",
        "type": "calls"
      },
      {
        "source": "method:DiagramExporter.export_all_formats",
        "target": "method:DiagramExporter.export_markdown",
        "type": "calls"
      },
      {
        "source": "method:DiagramExporter.export_all_formats",
        "target": "method:DiagramExporter.export_dot",
        "type": "calls"
      },
      {
        "source": "method:DiagramExporter.export_all_formats",
        "target": "method:DiagramExporter.export_svg",
        "type": "calls"
      },
      {
        "source": "method:DiagramExporter.export_png",
        "target": "method:DiagramExporter._render_image_format",
        "type": "calls"
      },
      {
        "source": "method:DiagramExporter.export_svg",
        "target": "method:DiagramExporter._render_image_format",
        "type": "calls"
      },
      {
        "source": "method:DiagramExporter.export_markdown",
        "target": "method:DiagramExporter._generate_markdown_content",
        "type": "calls"
      },
      {
        "source": "method:DiagramExporter._render_image_format",
        "target": "method:DiagramExporter._parse_graphviz_error",
        "type": "calls"
      },
      {
        "source": "function:export_png",
        "target": "class:DiagramExporter",
        "type": "calls"
      },
      {
        "source": "function:export_png",
        "target": "method:DiagramExporter.export_png",
        "type": "calls"
      },
      {
        "source": "function:export_svg",
        "target": "class:DiagramExporter",
        "type": "calls"
      },
      {
        "source": "function:export_svg",
        "target": "method:DiagramExporter.export_svg",
        "type": "calls"
      },
      {
        "source": "function:export_dot",
        "target": "method:DiagramExporter.export_dot",
        "type": "calls"
      },
      {
        "source": "function:export_dot",
        "target": "class:DiagramExporter",
        "type": "calls"
      },
      {
        "source": "function:export_markdown",
        "target": "method:DiagramExporter.export_markdown",
        "type": "calls"
      },
      {
        "source": "function:export_markdown",
        "target": "class:DiagramExporter",
        "type": "calls"
      },
      {
        "source": "function:export_all_four_formats",
        "target": "method:DiagramExporter.export_all_formats",
        "type": "calls"
      },
      {
        "source": "function:export_all_four_formats",
        "target": "class:DiagramExporter",
        "type": "calls"
      }
    ],
    "entry_points": [],
    "external_calls": []
  },
  "relationships": {
    "inheritance": [],
    "composition": [],
    "association": [],
    "dependency": []
  },
  "complexity_analysis": {
    "class_metrics": {
      "DiagramExporter": {
        "method_count": 11,
        "attribute_count": 0,
        "field_count": 0,
        "complexity_score": 22
      }
    },
    "method_metrics": {},
    "overall_metrics": {
      "total_classes": 1,
      "total_methods": 11,
      "total_functions": 5,
      "average_methods_per_class": 11.0,
      "total_imports": 5
    }
  },
  "structure_summary": {
    "total_components": 6,
    "architecture_type": "Single-Class",
    "main_components": [
      "DiagramExporter"
    ],
    "complexity_level": "Moderate"
  }
}