{
  "filename": "tmpnl3voyrm.ipynb",
  "language": "jupyter",
  "classes": [],
  "functions": [],
  "imports": [],
  "global_variables": [],
  "structure": [],
  "code_cells": [
    {
      "cell_number": 2,
      "code": "# Importing libraries as usual (sys and numpy)\n",
      "outputs": 0
    },
    {
      "cell_number": 3,
      "code": "# Build a neural network with one input and one output neuron\ntoes = [8.5] #x\nw1 = [0.00001] #w\ny_pred = \nprint(y_pred)\n# Interpret the result\nprint(\"There are {}% chances of winning the match with {} number of toes\" \\\n     .format(np.round(y_pred * 100, 2), toes[0]))\n\n# Now add the bias neuron\n# bias_y = 1\n# y_pred = \n# print(y_pred)\n\n# # Interpret the result\n# print(\"There are {}% chances of winning the match with {} number of toes\" \\\n#      .format(np.round(y_pred * 100, 2), toes[0]))\n\n# # Now pass the prediction through the activation function\n# z = \n# y_pred = \n# print(y_pred)\n\n# # Interpret the result\n# print(\"There are {}% chances of winning the match with {} number of toes\" \\\n#      .format(np.round(y_pred * 100, 2), toes[0]))",
      "outputs": 0
    },
    {
      "cell_number": 4,
      "code": "# Define an activation function (sigmoid) and test it\ndef sigmoid(z):\n    return \n\nprint(sigmoid())",
      "outputs": 0
    },
    {
      "cell_number": 5,
      "code": "# Defining the inputs and weights\n#Inputs\ntoes = [8.5, 9.5, 9.9, 9.0] \nwlrec = [0.65, 0.8, 0.8, 0.9] #winning record or previous games won\nnfans = [1.2, 1.3, 0.5, 1.0] #number of fans\n\n#Weights\nw1 = [0.1, 0.2, 0]\nw2 = [0.5]\nw_ypred = [0.25]",
      "outputs": 0
    },
    {
      "cell_number": 6,
      "code": "# Function to compute the weighted sum\ndef w_sum(inputs, weights):\n    sum1 = 0\n    \n    return sum1",
      "outputs": 0
    },
    {
      "cell_number": 7,
      "code": "# inputs = [toes[0], wlrec[0], nfans[0]]\n# inputs\n\n# w_sum(inputs, w1)",
      "outputs": 0
    },
    {
      "cell_number": 8,
      "code": "# Pass the inputs and weights as a matrix and shorten the above function\n# def w_sum_matrix(inputs, weights):\n#     return (inputs * weights.T)",
      "outputs": 0
    },
    {
      "cell_number": 9,
      "code": "# Define an activation function for layers 1 and 2 of the network (reLU activation)\ndef reLU(x):  \n    \n# def reLU(x):\n#     return",
      "outputs": 0
    },
    {
      "cell_number": 10,
      "code": "# reLU(0.2)",
      "outputs": 0
    },
    {
      "cell_number": 11,
      "code": "# Define layer 1 of the neural network\ndef layer1(x, w1, b1):\n    z1 = \n#     z1 = b1 + w_sum_matrix(x, w1)\n    g_z1 = \n    return np.array(g_z1)",
      "outputs": 0
    },
    {
      "cell_number": 12,
      "code": "# Define layer 2 of the neural network\ndef layer2(g_z1, w2, b2):\n    z2 = \n    g_z2 = \n    return np.array(g_z2)",
      "outputs": 0
    },
    {
      "cell_number": 13,
      "code": "# Define the output layer of the neural network\ndef layer_ypred(g_z2, w_ypred, b_ypred):\n    y_pred = \n    return np.array(y_pred)",
      "outputs": 0
    },
    {
      "cell_number": 14,
      "code": "# Let us now call the functions by providing the values for a sample input\nx = [toes[1], wlrec[1], nfans[1]]\nprint(len(x))\n\ng_z1 = \nprint('Activation from the first layer = {}'.format(np.float64(g_z1)))\n\ng_z2 = \nprint('Activation from the second layer = {}'.format(np.float64(g_z2)))\n\ng_ypred = \nprint('Activation from the output layer = {}'.format(np.float64(g_ypred)))",
      "outputs": 0
    },
    {
      "cell_number": 15,
      "code": "# Print the final prediction \nprint('There is a {}% chance of the team winning the game with {} toes, {} wlrec and {} nfans'.format(np.float64(np.round(g_ypred*100, 4)), toes[1], wlrec[1], nfans[1]))",
      "outputs": 0
    },
    {
      "cell_number": 16,
      "code": "# Declare the inputs and weights as matrices\nx = np.matrix([toes[0], wlrec[0], nfans[0]])\nw1 = np.matrix(w1)\n\ng_z1 = \nprint('Activation from the first layer = {}'.format(np.float64(g_z1)))\n\ng_z2 =\nprint('Activation from the second layer = {}'.format(np.float64(g_z2)))\n\ng_ypred = \nprint('Activation from the output layer = {}'.format(np.float64(g_ypred)))\n\n\n# Print the final prediction \nprint('There is a {}% chance of the team winning the game with {} toes, {} wlrec and {} nfans'.format(np.float64(np.round(g_ypred*100, 4)), toes[0], wlrec[0], nfans[0]))",
      "outputs": 0
    }
  ],
  "note": "Code cells contain syntax errors or non-Python code"
}