{
  "filename": "tmpoc6n8n8v.py",
  "language": "python",
  "classes": [],
  "functions": [
    {
      "name": "get_theme_css",
      "line_start": 120,
      "calls": [
        "items",
        "replace",
        "append",
        "join"
      ],
      "parameters": []
    }
  ],
  "imports": [],
  "global_variables": [
    "COLORS",
    "LAYOUT",
    "TYPOGRAPHY",
    "COMPONENTS",
    "theme_config"
  ],
  "structure": [
    {
      "type": "function",
      "name": "get_theme_css",
      "line": 120
    }
  ]
}