{
  "filename": "tmpop3002zp.ipynb",
  "language": "jupyter",
  "classes": [
    {
      "name": "Vector",
      "line_start": 16,
      "methods": [
        {
          "name": "__init__",
          "calls": [],
          "line_start": 17,
          "parameters": [
            "x",
            "y"
          ]
        },
        {
          "name": "__add__",
          "calls": [
            "Vector"
          ],
          "line_start": 21,
          "parameters": [
            "other"
          ]
        },
        {
          "name": "__sub__",
          "calls": [
            "Vector"
          ],
          "line_start": 24,
          "parameters": [
            "other"
          ]
        },
        {
          "name": "__mul__",
          "calls": [
            "Vector"
          ],
          "line_start": 27,
          "parameters": [
            "other"
          ]
        },
        {
          "name": "__eq__",
          "calls": [],
          "line_start": 30,
          "parameters": [
            "other"
          ]
        },
        {
          "name": "__repr__",
          "calls": [],
          "line_start": 33,
          "parameters": []
        }
      ],
      "attributes": [],
      "bases": []
    },
    {
      "name": "ComplexNumber",
      "line_start": 48,
      "methods": [
        {
          "name": "__init__",
          "calls": [],
          "line_start": 49,
          "parameters": [
            "real",
            "imag"
          ]
        },
        {
          "name": "__add__",
          "calls": [
            "ComplexNumber"
          ],
          "line_start": 53,
          "parameters": [
            "other"
          ]
        },
        {
          "name": "__sub__",
          "calls": [
            "ComplexNumber"
          ],
          "line_start": 56,
          "parameters": [
            "other"
          ]
        },
        {
          "name": "__mul__",
          "calls": [
            "ComplexNumber"
          ],
          "line_start": 59,
          "parameters": [
            "other"
          ]
        },
        {
          "name": "__truediv__",
          "calls": [
            "ComplexNumber"
          ],
          "line_start": 64,
          "parameters": [
            "other"
          ]
        },
        {
          "name": "__eq__",
          "calls": [],
          "line_start": 70,
          "parameters": [
            "other"
          ]
        },
        {
          "name": "__repr__",
          "calls": [],
          "line_start": 73,
          "parameters": []
        }
      ],
      "attributes": [],
      "bases": []
    }
  ],
  "functions": [],
  "imports": [],
  "global_variables": [
    "v1",
    "v2",
    "c1",
    "c2"
  ],
  "structure": [
    {
      "type": "class",
      "name": "Vector",
      "line": 16
    },
    {
      "type": "class",
      "name": "ComplexNumber",
      "line": 48
    }
  ],
  "code_cells": [
    {
      "cell_number": 2,
      "code": "#### Common Operator Overloading Magic Methods\n'''\n__add__(self, other): Adds two objects using the + operator.\n__sub__(self, other): Subtracts two objects using the - operator.\n__mul__(self, other): Multiplies two objects using the * operator.\n__truediv__(self, other): Divides two objects using the / operator.\n__eq__(self, other): Checks if two objects are equal using the == operator.\n__lt__(self, other): Checks if one object is less than another using the < operator.\n\n__gt__\n'''",
      "outputs": 1
    },
    {
      "cell_number": 3,
      "code": "### MAthematical operation for vectors\nclass Vector:\n    def __init__(self,x,y):\n        self.x=x\n        self.y=y\n\n    def __add__(self,other):\n        return Vector(self.x+other.x,self.y+other.y)\n    \n    def __sub__(self, other):\n        return Vector(self.x - other.x, self.y - other.y)\n\n    def __mul__(self, other):\n        return Vector(self.x * other, self.y * other)\n    \n    def __eq__(self, other):\n        return self.x == other.x and self.y == other.y\n    \n    def __repr__(self):\n        return f\"Vector({self.x}, {self.y})\"\n    \n## create objectss of the Vector Class\nv1=Vector(2,3)\nv2=Vector(4,5)\n\nprint(v1+v2)\nprint(v1-v2)\nprint(v1*3)\n",
      "outputs": 1
    },
    {
      "cell_number": 4,
      "code": "### Overloading Operators for Complex Numbers\n\nclass ComplexNumber:\n    def __init__(self, real, imag):\n        self.real = real\n        self.imag = imag\n\n    def __add__(self, other):\n        return ComplexNumber(self.real + other.real, self.imag + other.imag)\n\n    def __sub__(self, other):\n        return ComplexNumber(self.real - other.real, self.imag - other.imag)\n\n    def __mul__(self, other):\n        real_part = self.real * other.real - self.imag * other.imag\n        imag_part = self.real * other.imag + self.imag * other.real\n        return ComplexNumber(real_part, imag_part)\n\n    def __truediv__(self, other):\n        denominator = other.real**2 + other.imag**2\n        real_part = (self.real * other.real + self.imag * other.imag) / denominator\n        imag_part = (self.imag * other.real - self.real * other.imag) / denominator\n        return ComplexNumber(real_part, imag_part)\n\n    def __eq__(self, other):\n        return self.real == other.real and self.imag == other.imag\n\n    def __repr__(self):\n        return f\"{self.real} + {self.imag}i\"\n\n# Create objects of the ComplexNumber class\nc1 = ComplexNumber(2, 3)\nc2 = ComplexNumber(1, 4)\n\n# Use overloaded operators\nprint(c1 + c2)  # Output: 3 + 7i\nprint(c1 - c2)  # Output: 1 - 1i\nprint(c1 * c2)  # Output: -10 + 11i\nprint(c1 / c2)  # Output: 0.8235294117647058 - 0.29411764705882354i\nprint(c1 == c2) # Output: False\n",
      "outputs": 0
    }
  ]
}