{
  "filename": "tmpoc6n8n8v.py",
  "language": "python",
  "classes": [],
  "functions": [
    {
      "name": "get_theme_css",
      "line_start": 120,
      "calls": [
        "items",
        "replace",
        "append",
        "join"
      ],
      "parameters": []
    }
  ],
  "imports": [],
  "global_variables": [
    "COLORS",
    "LAYOUT",
    "TYPOGRAPHY",
    "COMPONENTS",
    "theme_config"
  ],
  "structure": [
    {
      "type": "function",
      "name": "get_theme_css",
      "line": 120
    }
  ],
  "basic_metrics": {
    "total_classes": 0,
    "total_functions": 1,
    "total_imports": 0,
    "total_methods": 0,
    "language": "python"
  },
  "import_analysis": {
    "standard_library": [],
    "third_party": [],
    "internal": [],
    "total_count": 0
  },
  "class_hierarchy": {
    "root_classes": [],
    "inheritance_chains": [],
    "interfaces": [],
    "abstract_classes": []
  },
  "call_graph": {
    "nodes": {
      "function:get_theme_css": {
        "type": "function",
        "name": "get_theme_css",
        "calls": [
          "items",
          "replace",
          "append",
          "join"
        ]
      }
    },
    "edges": [],
    "entry_points": [],
    "external_calls": []
  },
  "relationships": {
    "inheritance": [],
    "composition": [],
    "association": [],
    "dependency": []
  },
  "complexity_analysis": {
    "class_metrics": {},
    "method_metrics": {},
    "overall_metrics": {
      "total_classes": 0,
      "total_methods": 0,
      "total_functions": 1,
      "average_methods_per_class": 0,
      "total_imports": 0
    }
  },
  "structure_summary": {
    "total_components": 1,
    "architecture_type": "Procedural",
    "main_components": [],
    "complexity_level": "Very Simple"
  }
}