{
  "filename": "tmpp1jybnwz.py",
  "language": "python",
  "classes": [
    {
      "name": "DiagramViewer",
      "line_start": 8,
      "methods": [
        {
          "name": "display_diagram_with_editor",
          "calls": [
            "_display_diagram_section",
            "_display_editor_section",
            "columns"
          ],
          "line_start": 13,
          "parameters": [
            "diagram_path",
            "graphviz_code",
            "editable"
          ]
        },
        {
          "name": "_display_diagram_section",
          "calls": [
            "markdown",
            "image",
            "exists"
          ],
          "line_start": 30,
          "parameters": [
            "diagram_path"
          ]
        },
        {
          "name": "_display_editor_section",
          "calls": [
            "columns",
            "text_area",
            "button",
            "info",
            "markdown",
            "code"
          ],
          "line_start": 44,
          "parameters": [
            "graphviz_code",
            "editable"
          ]
        },
        {
          "name": "_show_simple_modal",
          "calls": [
            "image"
          ],
          "line_start": 86,
          "parameters": [
            "diagram_path"
          ]
        }
      ],
      "attributes": [],
      "bases": []
    }
  ],
  "functions": [
    {
      "name": "display_diagram_viewer",
      "line_start": 92,
      "calls": [
        "DiagramViewer",
        "display_diagram_with_editor"
      ],
      "parameters": [
        "diagram_path",
        "graphviz_code",
        "editable"
      ]
    }
  ],
  "imports": [
    {
      "name": "streamlit",
      "alias": "st"
    },
    {
      "name": "os",
      "alias": null
    },
    {
      "name": "graphviz",
      "alias": null
    },
    {
      "name": "re",
      "alias": null
    },
    {
      "name": "typing.Optional",
      "alias": null,
      "module": "typing"
    },
    {
      "name": "typing.Tuple",
      "alias": null,
      "module": "typing"
    }
  ],
  "global_variables": [],
  "structure": [
    {
      "type": "class",
      "name": "DiagramViewer",
      "line": 8
    },
    {
      "type": "function",
      "name": "display_diagram_viewer",
      "line": 92
    }
  ],
  "basic_metrics": {
    "total_classes": 1,
    "total_functions": 1,
    "total_imports": 6,
    "total_methods": 4,
    "language": "python"
  },
  "import_analysis": {
    "standard_library": [
      "os",
      "re",
      "typing.Optional",
      "typing.Tuple"
    ],
    "third_party": [],
    "internal": [
      "streamlit",
      "graphviz"
    ],
    "total_count": 6
  },
  "class_hierarchy": {
    "root_classes": [
      "DiagramViewer"
    ],
    "inheritance_chains": [],
    "interfaces": [],
    "abstract_classes": []
  },
  "call_graph": {
    "nodes": {
      "class:DiagramViewer": {
        "type": "class",
        "name": "DiagramViewer",
        "methods": [
          "method:DiagramViewer.display_diagram_with_editor",
          "method:DiagramViewer._display_diagram_section",
          "method:DiagramViewer._display_editor_section",
          "method:DiagramViewer._show_simple_modal"
        ]
      },
      "method:DiagramViewer.display_diagram_with_editor": {
        "type": "method",
        "class": "DiagramViewer",
        "name": "display_diagram_with_editor",
        "calls": [
          "_display_diagram_section",
          "_display_editor_section",
          "columns"
        ]
      },
      "method:DiagramViewer._display_diagram_section": {
        "type": "method",
        "class": "DiagramViewer",
        "name": "_display_diagram_section",
        "calls": [
          "markdown",
          "image",
          "exists"
        ]
      },
      "method:DiagramViewer._display_editor_section": {
        "type": "method",
        "class": "DiagramViewer",
        "name": "_display_editor_section",
        "calls": [
          "columns",
          "text_area",
          "button",
          "info",
          "markdown",
          "code"
        ]
      },
      "method:DiagramViewer._show_simple_modal": {
        "type": "method",
        "class": "DiagramViewer",
        "name": "_show_simple_modal",
        "calls": [
          "image"
        ]
      },
      "function:display_diagram_viewer": {
        "type": "function",
        "name": "display_diagram_viewer",
        "calls": [
          "DiagramViewer",
          "display_diagram_with_editor"
        ]
      }
    },
    "edges": [
      {
        "source": "method:DiagramViewer.display_diagram_with_editor",
        "target": "method:DiagramViewer._display_diagram_section",
        "type": "calls"
      },
      {
        "source": "method:DiagramViewer.display_diagram_with_editor",
        "target": "method:DiagramViewer._display_editor_section",
        "type": "calls"
      },
      {
        "source": "function:display_diagram_viewer",
        "target": "class:DiagramViewer",
        "type": "calls"
      },
      {
        "source": "function:display_diagram_viewer",
        "target": "method:DiagramViewer.display_diagram_with_editor",
        "type": "calls"
      }
    ],
    "entry_points": [],
    "external_calls": []
  },
  "relationships": {
    "inheritance": [],
    "composition": [],
    "association": [],
    "dependency": []
  },
  "complexity_analysis": {
    "class_metrics": {
      "DiagramViewer": {
        "method_count": 4,
        "attribute_count": 0,
        "field_count": 0,
        "complexity_score": 8
      }
    },
    "method_metrics": {},
    "overall_metrics": {
      "total_classes": 1,
      "total_methods": 4,
      "total_functions": 1,
      "average_methods_per_class": 4.0,
      "total_imports": 6
    }
  },
  "structure_summary": {
    "total_components": 2,
    "architecture_type": "Single-Class",
    "main_components": [
      "DiagramViewer"
    ],
    "complexity_level": "Simple"
  }
}