{
  "filename": "tmppv7msvcu.ipynb",
  "language": "jupyter",
  "classes": [
    {
      "name": "Person",
      "line_start": 5,
      "methods": [
        {
          "name": "__init__",
          "calls": [],
          "line_start": 6,
          "parameters": [
            "name",
            "age"
          ]
        }
      ],
      "attributes": [],
      "bases": []
    },
    {
      "name": "Person",
      "line_start": 20,
      "methods": [
        {
          "name": "__init__",
          "calls": [],
          "line_start": 21,
          "parameters": [
            "name",
            "age",
            "gender"
          ]
        }
      ],
      "attributes": [],
      "bases": []
    },
    {
      "name": "Person",
      "line_start": 37,
      "methods": [
        {
          "name": "__init__",
          "calls": [],
          "line_start": 38,
          "parameters": [
            "name",
            "age",
            "gender"
          ]
        }
      ],
      "attributes": [],
      "bases": []
    },
    {
      "name": "Employee",
      "line_start": 43,
      "methods": [
        {
          "name": "__init__",
          "calls": [
            "__init__",
            "super"
          ],
          "line_start": 44,
          "parameters": [
            "name",
            "age",
            "gender"
          ]
        }
      ],
      "attributes": [],
      "bases": [
        "Person"
      ]
    },
    {
      "name": "Person",
      "line_start": 54,
      "methods": [
        {
          "name": "__init__",
          "calls": [],
          "line_start": 55,
          "parameters": [
            "name",
            "age"
          ]
        },
        {
          "name": "get_name",
          "calls": [],
          "line_start": 60,
          "parameters": []
        },
        {
          "name": "set_name",
          "calls": [],
          "line_start": 64,
          "parameters": [
            "name"
          ]
        },
        {
          "name": "get_age",
          "calls": [],
          "line_start": 68,
          "parameters": []
        },
        {
          "name": "set_age",
          "calls": [
            "print"
          ],
          "line_start": 72,
          "parameters": [
            "age"
          ]
        }
      ],
      "attributes": [],
      "bases": []
    }
  ],
  "functions": [
    {
      "name": "get_name",
      "line_start": 10,
      "calls": [],
      "parameters": [
        "person"
      ]
    },
    {
      "name": "get_name",
      "line_start": 26,
      "calls": [],
      "parameters": [
        "person"
      ]
    }
  ],
  "imports": [],
  "global_variables": [
    "person",
    "person",
    "employee",
    "person"
  ],
  "structure": [
    {
      "type": "class",
      "name": "Person",
      "line": 5
    },
    {
      "type": "function",
      "name": "get_name",
      "line": 10
    },
    {
      "type": "class",
      "name": "Person",
      "line": 20
    },
    {
      "type": "function",
      "name": "get_name",
      "line": 26
    },
    {
      "type": "class",
      "name": "Person",
      "line": 37
    },
    {
      "type": "class",
      "name": "Employee",
      "line": 43
    },
    {
      "type": "class",
      "name": "Person",
      "line": 54
    }
  ],
  "code_cells": [
    {
      "cell_number": 3,
      "code": "### Encapsulation  with Getter and Setter MEthods\n### Public,protected,private variables or access modifiers\n\nclass Person:\n    def __init__(self,name,age):\n        self.name=name    ## public variables\n        self.age=age      ## public variables\n\ndef get_name(person):\n    return person.name\n\nperson=Person(\"Krish\",34)\nget_name(person)",
      "outputs": 1
    },
    {
      "cell_number": 4,
      "code": "dir(person)",
      "outputs": 1
    },
    {
      "cell_number": 5,
      "code": "class Person:\n    def __init__(self,name,age,gender):\n        self.__name=name    ## private variables\n        self.__age=age      ## private variables\n        self.gender=gender\n\ndef get_name(person):\n    return person.__name\n\nperson=Person(\"Krish\",34,\"Male\")\nget_name(person)\n",
      "outputs": 1
    },
    {
      "cell_number": 6,
      "code": "dir(person)",
      "outputs": 1
    },
    {
      "cell_number": 7,
      "code": "class Person:\n    def __init__(self,name,age,gender):\n        self._name=name    ## protected variables\n        self._age=age      ## protected variables\n        self.gender=gender\n\nclass Employee(Person):\n    def __init__(self,name,age,gender):\n        super().__init__(name,age,gender)\n\n\nemployee=Employee(\"KRish\",34,\"Male\")\nprint(employee._name)\n",
      "outputs": 1
    },
    {
      "cell_number": 8,
      "code": "## Encapsulation With Getter And Setter\nclass Person:\n    def __init__(self,name,age):\n        self.__name=name  ## Private access modifier or variable\n        self.__age=age ## Private variable\n\n    ## getter method for name\n    def get_name(self):\n        return self.__name\n    \n    ## setter method for name\n    def set_name(self,name):\n        self.__name=name\n\n    # Getter method for age\n    def get_age(self):\n        return self.__age\n    \n    # Setter method for age\n    def set_age(self, age):\n        if age > 0:\n            self.__age = age\n        else:\n            print(\"Age cannot be negative.\")\n\n\nperson=Person(\"Krish\",34)\n\n## Access and modify private variables using getter and setter\n\nprint(person.get_name())\nprint(person.get_age())\n\nperson.set_age(35)\nprint(person.get_age())\n\nperson.set_age(-5)\n    \n",
      "outputs": 1
    },
    {
      "cell_number": 9,
      "code": "",
      "outputs": 0
    },
    {
      "cell_number": 10,
      "code": "",
      "outputs": 0
    },
    {
      "cell_number": 11,
      "code": "",
      "outputs": 0
    },
    {
      "cell_number": 12,
      "code": "",
      "outputs": 0
    },
    {
      "cell_number": 13,
      "code": "",
      "outputs": 0
    }
  ],
  "basic_metrics": {
    "total_classes": 5,
    "total_functions": 2,
    "total_imports": 0,
    "total_methods": 9,
    "language": "jupyter"
  },
  "import_analysis": {
    "standard_library": [],
    "third_party": [],
    "internal": [],
    "total_count": 0
  },
  "class_hierarchy": {
    "root_classes": [
      "Person",
      "Person",
      "Person",
      "Person"
    ],
    "inheritance_chains": [
      [
        "Employee",
        "Person"
      ]
    ],
    "interfaces": [],
    "abstract_classes": []
  },
  "call_graph": {
    "nodes": {
      "class:Person": {
        "type": "class",
        "name": "Person",
        "methods": [
          "method:Person.__init__",
          "method:Person.get_name",
          "method:Person.set_name",
          "method:Person.get_age",
          "method:Person.set_age"
        ]
      },
      "method:Person.__init__": {
        "type": "method",
        "class": "Person",
        "name": "__init__",
        "calls": []
      },
      "class:Employee": {
        "type": "class",
        "name": "Employee",
        "methods": [
          "method:Employee.__init__"
        ]
      },
      "method:Employee.__init__": {
        "type": "method",
        "class": "Employee",
        "name": "__init__",
        "calls": [
          "__init__",
          "super"
        ]
      },
      "method:Person.get_name": {
        "type": "method",
        "class": "Person",
        "name": "get_name",
        "calls": []
      },
      "method:Person.set_name": {
        "type": "method",
        "class": "Person",
        "name": "set_name",
        "calls": []
      },
      "method:Person.get_age": {
        "type": "method",
        "class": "Person",
        "name": "get_age",
        "calls": []
      },
      "method:Person.set_age": {
        "type": "method",
        "class": "Person",
        "name": "set_age",
        "calls": [
          "print"
        ]
      },
      "function:get_name": {
        "type": "function",
        "name": "get_name",
        "calls": []
      }
    },
    "edges": [
      {
        "source": "method:Employee.__init__",
        "target": "method:Person.__init__",
        "type": "calls"
      }
    ],
    "entry_points": [],
    "external_calls": []
  },
  "relationships": {
    "inheritance": [
      {
        "child": "Employee",
        "parent": "Person",
        "type": "inherits"
      }
    ],
    "composition": [],
    "association": [],
    "dependency": []
  },
  "complexity_analysis": {
    "class_metrics": {
      "Person": {
        "method_count": 5,
        "attribute_count": 0,
        "field_count": 0,
        "complexity_score": 10
      },
      "Employee": {
        "method_count": 1,
        "attribute_count": 0,
        "field_count": 0,
        "complexity_score": 2
      }
    },
    "method_metrics": {},
    "overall_metrics": {
      "total_classes": 5,
      "total_methods": 9,
      "total_functions": 2,
      "average_methods_per_class": 1.8,
      "total_imports": 0
    }
  },
  "structure_summary": {
    "total_components": 7,
    "architecture_type": "Object-Oriented",
    "main_components": [
      "Person",
      "Person",
      "Person"
    ],
    "complexity_level": "Moderate"
  }
}