{
  "filename": "tmpp1jybnwz.py",
  "language": "python",
  "classes": [
    {
      "name": "DiagramViewer",
      "line_start": 8,
      "methods": [
        {
          "name": "display_diagram_with_editor",
          "calls": [
            "_display_diagram_section",
            "_display_editor_section",
            "columns"
          ],
          "line_start": 13,
          "parameters": [
            "diagram_path",
            "graphviz_code",
            "editable"
          ]
        },
        {
          "name": "_display_diagram_section",
          "calls": [
            "markdown",
            "image",
            "exists"
          ],
          "line_start": 30,
          "parameters": [
            "diagram_path"
          ]
        },
        {
          "name": "_display_editor_section",
          "calls": [
            "columns",
            "text_area",
            "button",
            "info",
            "markdown",
            "code"
          ],
          "line_start": 44,
          "parameters": [
            "graphviz_code",
            "editable"
          ]
        },
        {
          "name": "_show_simple_modal",
          "calls": [
            "image"
          ],
          "line_start": 86,
          "parameters": [
            "diagram_path"
          ]
        }
      ],
      "attributes": [],
      "bases": []
    }
  ],
  "functions": [
    {
      "name": "display_diagram_viewer",
      "line_start": 92,
      "calls": [
        "DiagramViewer",
        "display_diagram_with_editor"
      ],
      "parameters": [
        "diagram_path",
        "graphviz_code",
        "editable"
      ]
    }
  ],
  "imports": [
    {
      "name": "streamlit",
      "alias": "st"
    },
    {
      "name": "os",
      "alias": null
    },
    {
      "name": "graphviz",
      "alias": null
    },
    {
      "name": "re",
      "alias": null
    },
    {
      "name": "typing.Optional",
      "alias": null,
      "module": "typing"
    },
    {
      "name": "typing.Tuple",
      "alias": null,
      "module": "typing"
    }
  ],
  "global_variables": [],
  "structure": [
    {
      "type": "class",
      "name": "DiagramViewer",
      "line": 8
    },
    {
      "type": "function",
      "name": "display_diagram_viewer",
      "line": 92
    }
  ]
}