{
  "filename": "tmpr5kw5uvm.ipynb",
  "language": "jupyter",
  "classes": [],
  "functions": [],
  "imports": [],
  "global_variables": [
    "my_list",
    "iterator",
    "iterator",
    "my_string",
    "string_iterator"
  ],
  "structure": [],
  "code_cells": [
    {
      "cell_number": 2,
      "code": "my_list=[1,2,3,4,5,6]\nfor i in my_list:\n    print(i)",
      "outputs": 1
    },
    {
      "cell_number": 3,
      "code": "type(my_list)",
      "outputs": 1
    },
    {
      "cell_number": 4,
      "code": "print(my_list)",
      "outputs": 1
    },
    {
      "cell_number": 5,
      "code": "## Iterator\niterator=iter(my_list)\nprint(type(iterator))",
      "outputs": 1
    },
    {
      "cell_number": 6,
      "code": "iterator",
      "outputs": 1
    },
    {
      "cell_number": 7,
      "code": "## Iterate through all the element\n\nnext(iterator)",
      "outputs": 1
    },
    {
      "cell_number": 8,
      "code": "iterator=iter(my_list)",
      "outputs": 0
    },
    {
      "cell_number": 9,
      "code": "\n\ntry:\n    print(next(iterator))\nexcept StopIteration:\n    print(\"There are no elements in the iterator\")",
      "outputs": 1
    },
    {
      "cell_number": 10,
      "code": "# String iterator\nmy_string = \"Hello\"\nstring_iterator = iter(my_string)\n\nprint(next(string_iterator))  # Output: H\nprint(next(string_iterator))  # Output: e",
      "outputs": 1
    },
    {
      "cell_number": 11,
      "code": "",
      "outputs": 0
    },
    {
      "cell_number": 12,
      "code": "",
      "outputs": 0
    },
    {
      "cell_number": 13,
      "code": "",
      "outputs": 0
    },
    {
      "cell_number": 14,
      "code": "",
      "outputs": 0
    },
    {
      "cell_number": 15,
      "code": "",
      "outputs": 0
    }
  ],
  "basic_metrics": {
    "total_classes": 0,
    "total_functions": 0,
    "total_imports": 0,
    "total_methods": 0,
    "language": "jupyter"
  },
  "import_analysis": {
    "standard_library": [],
    "third_party": [],
    "internal": [],
    "total_count": 0
  },
  "class_hierarchy": {
    "root_classes": [],
    "inheritance_chains": [],
    "interfaces": [],
    "abstract_classes": []
  },
  "call_graph": {
    "nodes": {},
    "edges": [],
    "entry_points": [],
    "external_calls": []
  },
  "relationships": {
    "inheritance": [],
    "composition": [],
    "association": [],
    "dependency": []
  },
  "complexity_analysis": {
    "class_metrics": {},
    "method_metrics": {},
    "overall_metrics": {
      "total_classes": 0,
      "total_methods": 0,
      "total_functions": 0,
      "average_methods_per_class": 0,
      "total_imports": 0
    }
  },
  "structure_summary": {
    "total_components": 0,
    "architecture_type": "Script",
    "main_components": [],
    "complexity_level": "Very Simple"
  }
}