{
  "filename": "tmprwyq1zb8.py",
  "language": "python",
  "classes": [
    {
      "name": "GroqBugFixer",
      "line_start": 9,
      "methods": [
        {
          "name": "__init__",
          "calls": [
            "OutputFormatter",
            "Client"
          ],
          "line_start": 10,
          "parameters": []
        },
        {
          "name": "generate_fixes",
          "calls": [
            "_call_groq_api",
            "_create_enhanced_prompt",
            "parse_ai_response",
            "str"
          ],
          "line_start": 15,
          "parameters": [
            "code",
            "error",
            "analysis"
          ]
        },
        {
          "name": "_create_enhanced_prompt",
          "calls": [
            "append",
            "join"
          ],
          "line_start": 31,
          "parameters": [
            "code",
            "error",
            "analysis"
          ]
        },
        {
          "name": "_call_groq_api",
          "calls": [
            "create",
            "print"
          ],
          "line_start": 85,
          "parameters": [
            "prompt"
          ]
        },
        {
          "name": "test_fix_in_sandbox",
          "calls": [
            "run",
            "strip",
            "remove",
            "write",
            "NamedTemporaryFile"
          ],
          "line_start": 107,
          "parameters": [
            "fixed_code"
          ]
        }
      ],
      "attributes": [],
      "bases": []
    }
  ],
  "functions": [],
  "imports": [
    {
      "name": "groq",
      "alias": null
    },
    {
      "name": "config.Config",
      "alias": null,
      "module": "config"
    },
    {
      "name": "utils.formatters.OutputFormatter",
      "alias": null,
      "module": "utils.formatters"
    },
    {
      "name": "subprocess",
      "alias": null
    },
    {
      "name": "tempfile",
      "alias": null
    },
    {
      "name": "os",
      "alias": null
    }
  ],
  "global_variables": [],
  "structure": [
    {
      "type": "class",
      "name": "GroqBugFixer",
      "line": 9
    }
  ],
  "basic_metrics": {
    "total_classes": 1,
    "total_functions": 0,
    "total_imports": 6,
    "total_methods": 5,
    "language": "python"
  },
  "import_analysis": {
    "standard_library": [
      "tempfile",
      "os"
    ],
    "third_party": [
      "config.Config",
      "utils.formatters.OutputFormatter"
    ],
    "internal": [
      "groq",
      "subprocess"
    ],
    "total_count": 6
  },
  "class_hierarchy": {
    "root_classes": [
      "GroqBugFixer"
    ],
    "inheritance_chains": [],
    "interfaces": [],
    "abstract_classes": []
  },
  "call_graph": {
    "nodes": {
      "class:GroqBugFixer": {
        "type": "class",
        "name": "GroqBugFixer",
        "methods": [
          "method:GroqBugFixer.__init__",
          "method:GroqBugFixer.generate_fixes",
          "method:GroqBugFixer._create_enhanced_prompt",
          "method:GroqBugFixer._call_groq_api",
          "method:GroqBugFixer.test_fix_in_sandbox"
        ]
      },
      "method:GroqBugFixer.__init__": {
        "type": "method",
        "class": "GroqBugFixer",
        "name": "__init__",
        "calls": [
          "OutputFormatter",
          "Client"
        ]
      },
      "method:GroqBugFixer.generate_fixes": {
        "type": "method",
        "class": "GroqBugFixer",
        "name": "generate_fixes",
        "calls": [
          "_call_groq_api",
          "_create_enhanced_prompt",
          "parse_ai_response",
          "str"
        ]
      },
      "method:GroqBugFixer._create_enhanced_prompt": {
        "type": "method",
        "class": "GroqBugFixer",
        "name": "_create_enhanced_prompt",
        "calls": [
          "append",
          "join"
        ]
      },
      "method:GroqBugFixer._call_groq_api": {
        "type": "method",
        "class": "GroqBugFixer",
        "name": "_call_groq_api",
        "calls": [
          "create",
          "print"
        ]
      },
      "method:GroqBugFixer.test_fix_in_sandbox": {
        "type": "method",
        "class": "GroqBugFixer",
        "name": "test_fix_in_sandbox",
        "calls": [
          "run",
          "strip",
          "remove",
          "write",
          "NamedTemporaryFile"
        ]
      }
    },
    "edges": [
      {
        "source": "method:GroqBugFixer.generate_fixes",
        "target": "method:GroqBugFixer._call_groq_api",
        "type": "calls"
      },
      {
        "source": "method:GroqBugFixer.generate_fixes",
        "target": "method:GroqBugFixer._create_enhanced_prompt",
        "type": "calls"
      }
    ],
    "entry_points": [],
    "external_calls": []
  },
  "relationships": {
    "inheritance": [],
    "composition": [],
    "association": [],
    "dependency": []
  },
  "complexity_analysis": {
    "class_metrics": {
      "GroqBugFixer": {
        "method_count": 5,
        "attribute_count": 0,
        "field_count": 0,
        "complexity_score": 10
      }
    },
    "method_metrics": {},
    "overall_metrics": {
      "total_classes": 1,
      "total_methods": 5,
      "total_functions": 0,
      "average_methods_per_class": 5.0,
      "total_imports": 6
    }
  },
  "structure_summary": {
    "total_components": 1,
    "architecture_type": "Single-Class",
    "main_components": [
      "GroqBugFixer"
    ],
    "complexity_level": "Moderate"
  }
}