{
  "filename": "tmprq89ne9b.py",
  "language": "python",
  "classes": [
    {
      "name": "GroqBugFixer",
      "line_start": 9,
      "methods": [
        {
          "name": "__init__",
          "calls": [
            "OutputFormatter",
            "Client"
          ],
          "line_start": 10,
          "parameters": []
        },
        {
          "name": "generate_fixes",
          "calls": [
            "_call_groq_api",
            "str",
            "_create_enhanced_prompt",
            "parse_ai_response"
          ],
          "line_start": 15,
          "parameters": [
            "code",
            "error",
            "analysis"
          ]
        },
        {
          "name": "_create_enhanced_prompt",
          "calls": [
            "join",
            "append"
          ],
          "line_start": 31,
          "parameters": [
            "code",
            "error",
            "analysis"
          ]
        },
        {
          "name": "_call_groq_api",
          "calls": [
            "create",
            "print"
          ],
          "line_start": 85,
          "parameters": [
            "prompt"
          ]
        },
        {
          "name": "test_fix_in_sandbox",
          "calls": [
            "write",
            "remove",
            "run",
            "strip",
            "NamedTemporaryFile"
          ],
          "line_start": 107,
          "parameters": [
            "fixed_code"
          ]
        }
      ],
      "attributes": [],
      "bases": []
    }
  ],
  "functions": [],
  "imports": [
    {
      "name": "groq",
      "alias": null
    },
    {
      "name": "config.Config",
      "alias": null,
      "module": "config"
    },
    {
      "name": "utils.formatters.OutputFormatter",
      "alias": null,
      "module": "utils.formatters"
    },
    {
      "name": "subprocess",
      "alias": null
    },
    {
      "name": "tempfile",
      "alias": null
    },
    {
      "name": "os",
      "alias": null
    }
  ],
  "global_variables": [],
  "structure": [
    {
      "type": "class",
      "name": "GroqBugFixer",
      "line": 9
    }
  ]
}