{
  "filename": "tmpu3wmqld2.py",
  "language": "python",
  "classes": [],
  "functions": [
    {
      "name": "analyze_code",
      "line_start": 23,
      "calls": [
        "generate_fixes",
        "format_final_output",
        "sleep",
        "strip",
        "str",
        "analyze_error"
      ],
      "parameters": [
        "code",
        "error_traceback"
      ]
    }
  ],
  "imports": [
    {
      "name": "gradio",
      "alias": "gr"
    },
    {
      "name": "time",
      "alias": null
    },
    {
      "name": "os",
      "alias": null
    },
    {
      "name": "config.Config",
      "alias": null,
      "module": "config"
    },
    {
      "name": "error_parser.ErrorParser",
      "alias": null,
      "module": "error_parser"
    },
    {
      "name": "groq_handler.GroqBugFixer",
      "alias": null,
      "module": "groq_handler"
    },
    {
      "name": "utils.formatters.OutputFormatter",
      "alias": null,
      "module": "utils.formatters"
    }
  ],
  "global_variables": [
    "error_parser",
    "groq_fixer",
    "formatter"
  ],
  "structure": [
    {
      "type": "function",
      "name": "analyze_code",
      "line": 23
    }
  ]
}