{
  "filename": "tmpva2i096m.ipynb",
  "language": "jupyter",
  "classes": [
    {
      "name": "Animal",
      "line_start": 3,
      "methods": [
        {
          "name": "speak",
          "calls": [],
          "line_start": 4,
          "parameters": []
        }
      ],
      "attributes": [],
      "bases": []
    },
    {
      "name": "Dog",
      "line_start": 8,
      "methods": [
        {
          "name": "speak",
          "calls": [],
          "line_start": 9,
          "parameters": []
        }
      ],
      "attributes": [],
      "bases": [
        "Animal"
      ]
    },
    {
      "name": "Cat",
      "line_start": 13,
      "methods": [
        {
          "name": "speak",
          "calls": [],
          "line_start": 14,
          "parameters": []
        }
      ],
      "attributes": [],
      "bases": [
        "Animal"
      ]
    },
    {
      "name": "Shape",
      "line_start": 31,
      "methods": [
        {
          "name": "area",
          "calls": [],
          "line_start": 32,
          "parameters": []
        }
      ],
      "attributes": [],
      "bases": []
    },
    {
      "name": "Rectangle",
      "line_start": 36,
      "methods": [
        {
          "name": "__init__",
          "calls": [],
          "line_start": 37,
          "parameters": [
            "width",
            "height"
          ]
        },
        {
          "name": "area",
          "calls": [],
          "line_start": 41,
          "parameters": []
        }
      ],
      "attributes": [],
      "bases": [
        "Shape"
      ]
    },
    {
      "name": "Circle",
      "line_start": 46,
      "methods": [
        {
          "name": "__init__",
          "calls": [],
          "line_start": 47,
          "parameters": [
            "radius"
          ]
        },
        {
          "name": "area",
          "calls": [],
          "line_start": 50,
          "parameters": []
        }
      ],
      "attributes": [],
      "bases": [
        "Shape"
      ]
    },
    {
      "name": "Vehicle",
      "line_start": 73,
      "methods": [
        {
          "name": "start_engine",
          "calls": [],
          "line_start": 75,
          "parameters": []
        }
      ],
      "attributes": [],
      "bases": [
        "ABC"
      ]
    },
    {
      "name": "Car",
      "line_start": 79,
      "methods": [
        {
          "name": "start_engine",
          "calls": [],
          "line_start": 80,
          "parameters": []
        }
      ],
      "attributes": [],
      "bases": [
        "Vehicle"
      ]
    },
    {
      "name": "Motorcycle",
      "line_start": 84,
      "methods": [
        {
          "name": "start_engine",
          "calls": [],
          "line_start": 85,
          "parameters": []
        }
      ],
      "attributes": [],
      "bases": [
        "Vehicle"
      ]
    }
  ],
  "functions": [
    {
      "name": "animal_speak",
      "line_start": 18,
      "calls": [
        "print",
        "speak"
      ],
      "parameters": [
        "animal"
      ]
    },
    {
      "name": "print_area",
      "line_start": 55,
      "calls": [
        "print",
        "area"
      ],
      "parameters": [
        "shape"
      ]
    },
    {
      "name": "start_vehicle",
      "line_start": 89,
      "calls": [
        "start_engine",
        "print"
      ],
      "parameters": [
        "vehicle"
      ]
    }
  ],
  "imports": [
    {
      "name": "abc.ABC",
      "alias": null,
      "module": "abc"
    },
    {
      "name": "abc.abstractmethod",
      "alias": null,
      "module": "abc"
    }
  ],
  "global_variables": [
    "dog",
    "cat",
    "rectangle",
    "circle",
    "car",
    "motorcycle"
  ],
  "structure": [
    {
      "type": "class",
      "name": "Animal",
      "line": 3
    },
    {
      "type": "class",
      "name": "Dog",
      "line": 8
    },
    {
      "type": "class",
      "name": "Cat",
      "line": 13
    },
    {
      "type": "function",
      "name": "animal_speak",
      "line": 18
    },
    {
      "type": "class",
      "name": "Shape",
      "line": 31
    },
    {
      "type": "class",
      "name": "Rectangle",
      "line": 36
    },
    {
      "type": "class",
      "name": "Circle",
      "line": 46
    },
    {
      "type": "function",
      "name": "print_area",
      "line": 55
    },
    {
      "type": "class",
      "name": "Vehicle",
      "line": 73
    },
    {
      "type": "class",
      "name": "Car",
      "line": 79
    },
    {
      "type": "class",
      "name": "Motorcycle",
      "line": 84
    },
    {
      "type": "function",
      "name": "start_vehicle",
      "line": 89
    }
  ],
  "code_cells": [
    {
      "cell_number": 3,
      "code": "## Base Class\nclass Animal:\n    def speak(self):\n        return \"Sound of the animal\"\n    \n## Derived Class 1\nclass Dog(Animal):\n    def speak(self):\n        return \"Woof!\"\n    \n## Derived class\nclass Cat(Animal):\n    def speak(self):\n        return \"Meow!\"\n    \n## Function that demonstrates polymorphism\ndef animal_speak(animal):\n    print(animal.speak())\n    \ndog=Dog()\ncat=Cat()\nprint(dog.speak())\nprint(cat.speak())\nanimal_speak(dog)\n",
      "outputs": 1
    },
    {
      "cell_number": 4,
      "code": "### Polymorphissm with Functions and MEthods\n## base class\nclass Shape:\n    def area(self):\n        return \"The area of the figure\"\n    \n## Derived class 1\nclass Rectangle(Shape):\n    def __init__(self,width,height):\n        self.width=width\n        self.height=height\n\n    def area(self):\n        return self.width * self.height\n    \n##DErived class 2\n\nclass Circle(Shape):\n    def __init__(self,radius):\n        self.radius=radius\n\n    def area(self):\n        return 3.14*self.radius *self.radius\n    \n## Fucntion that demonstrates polymorphism\n\ndef print_area(shape):\n    print(f\"the area is {shape.area()}\")\n\n\nrectangle=Rectangle(4,5)\ncircle=Circle(3)\n\nprint_area(rectangle)\nprint_area(circle)\n\n\n\n",
      "outputs": 1
    },
    {
      "cell_number": 6,
      "code": "from abc import ABC,abstractmethod\n\n## Define an abstract class\nclass Vehicle(ABC):\n    @abstractmethod\n    def start_engine(self):\n        pass\n\n## Derived class 1\nclass Car(Vehicle):\n    def start_engine(self):\n        return \"Car enginer started\"\n    \n## Derived class 2\nclass Motorcycle(Vehicle):\n    def start_engine(self):\n        return \"Motorcycle enginer started\"\n    \n# Function that demonstrates polymorphism\ndef start_vehicle(vehicle):\n    print(vehicle.start_engine())\n\n## create objects of cAr and Motorcycle\n\ncar = Car()\nmotorcycle = Motorcycle()\n\nstart_vehicle(car)\n\n\n",
      "outputs": 1
    },
    {
      "cell_number": 8,
      "code": "",
      "outputs": 0
    },
    {
      "cell_number": 9,
      "code": "",
      "outputs": 0
    },
    {
      "cell_number": 10,
      "code": "",
      "outputs": 0
    },
    {
      "cell_number": 11,
      "code": "",
      "outputs": 0
    },
    {
      "cell_number": 12,
      "code": "",
      "outputs": 0
    },
    {
      "cell_number": 13,
      "code": "",
      "outputs": 0
    },
    {
      "cell_number": 14,
      "code": "",
      "outputs": 0
    },
    {
      "cell_number": 15,
      "code": "",
      "outputs": 0
    },
    {
      "cell_number": 16,
      "code": "",
      "outputs": 0
    },
    {
      "cell_number": 17,
      "code": "",
      "outputs": 0
    },
    {
      "cell_number": 18,
      "code": "",
      "outputs": 0
    }
  ],
  "basic_metrics": {
    "total_classes": 9,
    "total_functions": 3,
    "total_imports": 2,
    "total_methods": 11,
    "language": "jupyter"
  },
  "import_analysis": {
    "standard_library": [],
    "third_party": [
      "abc.ABC",
      "abc.abstractmethod"
    ],
    "internal": [],
    "total_count": 2
  },
  "class_hierarchy": {
    "root_classes": [
      "Animal",
      "Shape"
    ],
    "inheritance_chains": [
      [
        "Dog",
        "Animal"
      ],
      [
        "Cat",
        "Animal"
      ],
      [
        "Rectangle",
        "Shape"
      ],
      [
        "Circle",
        "Shape"
      ],
      [
        "Car",
        "Vehicle"
      ],
      [
        "Motorcycle",
        "Vehicle"
      ]
    ],
    "interfaces": [],
    "abstract_classes": []
  },
  "call_graph": {
    "nodes": {
      "class:Animal": {
        "type": "class",
        "name": "Animal",
        "methods": [
          "method:Animal.speak"
        ]
      },
      "method:Animal.speak": {
        "type": "method",
        "class": "Animal",
        "name": "speak",
        "calls": []
      },
      "class:Dog": {
        "type": "class",
        "name": "Dog",
        "methods": [
          "method:Dog.speak"
        ]
      },
      "method:Dog.speak": {
        "type": "method",
        "class": "Dog",
        "name": "speak",
        "calls": []
      },
      "class:Cat": {
        "type": "class",
        "name": "Cat",
        "methods": [
          "method:Cat.speak"
        ]
      },
      "method:Cat.speak": {
        "type": "method",
        "class": "Cat",
        "name": "speak",
        "calls": []
      },
      "class:Shape": {
        "type": "class",
        "name": "Shape",
        "methods": [
          "method:Shape.area"
        ]
      },
      "method:Shape.area": {
        "type": "method",
        "class": "Shape",
        "name": "area",
        "calls": []
      },
      "class:Rectangle": {
        "type": "class",
        "name": "Rectangle",
        "methods": [
          "method:Rectangle.__init__",
          "method:Rectangle.area"
        ]
      },
      "method:Rectangle.__init__": {
        "type": "method",
        "class": "Rectangle",
        "name": "__init__",
        "calls": []
      },
      "method:Rectangle.area": {
        "type": "method",
        "class": "Rectangle",
        "name": "area",
        "calls": []
      },
      "class:Circle": {
        "type": "class",
        "name": "Circle",
        "methods": [
          "method:Circle.__init__",
          "method:Circle.area"
        ]
      },
      "method:Circle.__init__": {
        "type": "method",
        "class": "Circle",
        "name": "__init__",
        "calls": []
      },
      "method:Circle.area": {
        "type": "method",
        "class": "Circle",
        "name": "area",
        "calls": []
      },
      "class:Vehicle": {
        "type": "class",
        "name": "Vehicle",
        "methods": [
          "method:Vehicle.start_engine"
        ]
      },
      "method:Vehicle.start_engine": {
        "type": "method",
        "class": "Vehicle",
        "name": "start_engine",
        "calls": []
      },
      "class:Car": {
        "type": "class",
        "name": "Car",
        "methods": [
          "method:Car.start_engine"
        ]
      },
      "method:Car.start_engine": {
        "type": "method",
        "class": "Car",
        "name": "start_engine",
        "calls": []
      },
      "class:Motorcycle": {
        "type": "class",
        "name": "Motorcycle",
        "methods": [
          "method:Motorcycle.start_engine"
        ]
      },
      "method:Motorcycle.start_engine": {
        "type": "method",
        "class": "Motorcycle",
        "name": "start_engine",
        "calls": []
      },
      "function:animal_speak": {
        "type": "function",
        "name": "animal_speak",
        "calls": [
          "print",
          "speak"
        ]
      },
      "function:print_area": {
        "type": "function",
        "name": "print_area",
        "calls": [
          "print",
          "area"
        ]
      },
      "function:start_vehicle": {
        "type": "function",
        "name": "start_vehicle",
        "calls": [
          "start_engine",
          "print"
        ]
      }
    },
    "edges": [
      {
        "source": "function:animal_speak",
        "target": "method:Animal.speak",
        "type": "calls"
      },
      {
        "source": "function:print_area",
        "target": "method:Shape.area",
        "type": "calls"
      },
      {
        "source": "function:start_vehicle",
        "target": "method:Vehicle.start_engine",
        "type": "calls"
      }
    ],
    "entry_points": [],
    "external_calls": []
  },
  "relationships": {
    "inheritance": [
      {
        "child": "Dog",
        "parent": "Animal",
        "type": "inherits"
      },
      {
        "child": "Cat",
        "parent": "Animal",
        "type": "inherits"
      },
      {
        "child": "Rectangle",
        "parent": "Shape",
        "type": "inherits"
      },
      {
        "child": "Circle",
        "parent": "Shape",
        "type": "inherits"
      },
      {
        "child": "Vehicle",
        "parent": "ABC",
        "type": "inherits"
      },
      {
        "child": "Car",
        "parent": "Vehicle",
        "type": "inherits"
      },
      {
        "child": "Motorcycle",
        "parent": "Vehicle",
        "type": "inherits"
      }
    ],
    "composition": [],
    "association": [],
    "dependency": []
  },
  "complexity_analysis": {
    "class_metrics": {
      "Animal": {
        "method_count": 1,
        "attribute_count": 0,
        "field_count": 0,
        "complexity_score": 2
      },
      "Dog": {
        "method_count": 1,
        "attribute_count": 0,
        "field_count": 0,
        "complexity_score": 2
      },
      "Cat": {
        "method_count": 1,
        "attribute_count": 0,
        "field_count": 0,
        "complexity_score": 2
      },
      "Shape": {
        "method_count": 1,
        "attribute_count": 0,
        "field_count": 0,
        "complexity_score": 2
      },
      "Rectangle": {
        "method_count": 2,
        "attribute_count": 0,
        "field_count": 0,
        "complexity_score": 4
      },
      "Circle": {
        "method_count": 2,
        "attribute_count": 0,
        "field_count": 0,
        "complexity_score": 4
      },
      "Vehicle": {
        "method_count": 1,
        "attribute_count": 0,
        "field_count": 0,
        "complexity_score": 2
      },
      "Car": {
        "method_count": 1,
        "attribute_count": 0,
        "field_count": 0,
        "complexity_score": 2
      },
      "Motorcycle": {
        "method_count": 1,
        "attribute_count": 0,
        "field_count": 0,
        "complexity_score": 2
      }
    },
    "method_metrics": {},
    "overall_metrics": {
      "total_classes": 9,
      "total_methods": 11,
      "total_functions": 3,
      "average_methods_per_class": 1.2222222222222223,
      "total_imports": 2
    }
  },
  "structure_summary": {
    "total_components": 12,
    "architecture_type": "Object-Oriented",
    "main_components": [
      "Rectangle",
      "Circle",
      "Animal"
    ],
    "complexity_level": "Moderate"
  }
}