{
  "filename": "tmpvp6li2x7.ipynb",
  "language": "jupyter",
  "classes": [
    {
      "name": "Vehicle",
      "line_start": 5,
      "methods": [
        {
          "name": "drive",
          "calls": [
            "print"
          ],
          "line_start": 6,
          "parameters": []
        },
        {
          "name": "start_engine",
          "calls": [],
          "line_start": 10,
          "parameters": []
        }
      ],
      "attributes": [],
      "bases": [
        "ABC"
      ]
    },
    {
      "name": "Car",
      "line_start": 13,
      "methods": [
        {
          "name": "start_engine",
          "calls": [
            "print"
          ],
          "line_start": 14,
          "parameters": []
        }
      ],
      "attributes": [],
      "bases": [
        "Vehicle"
      ]
    }
  ],
  "functions": [
    {
      "name": "operate_vehicle",
      "line_start": 17,
      "calls": [
        "drive",
        "start_engine"
      ],
      "parameters": [
        "vehicle"
      ]
    }
  ],
  "imports": [
    {
      "name": "abc.ABC",
      "alias": null,
      "module": "abc"
    },
    {
      "name": "abc.abstractmethod",
      "alias": null,
      "module": "abc"
    }
  ],
  "global_variables": [
    "car"
  ],
  "structure": [
    {
      "type": "class",
      "name": "Vehicle",
      "line": 5
    },
    {
      "type": "class",
      "name": "Car",
      "line": 13
    },
    {
      "type": "function",
      "name": "operate_vehicle",
      "line": 17
    }
  ],
  "code_cells": [
    {
      "cell_number": 2,
      "code": "from abc import ABC,abstractmethod\n\n## Abstract base cclass\nclass Vehicle(ABC):\n    def drive(self):\n        print(\"The vehicle is used for driving\")\n\n    @abstractmethod\n    def start_engine(self):\n        pass\n\nclass Car(Vehicle):\n    def start_engine(self):\n        print(\"Car enginer started\")\n\ndef operate_vehicle(vehicle):\n    vehicle.start_engine()\n    vehicle.drive()\n\ncar=Car()\noperate_vehicle(car)\n\n",
      "outputs": 1
    },
    {
      "cell_number": 3,
      "code": "",
      "outputs": 0
    },
    {
      "cell_number": 4,
      "code": "",
      "outputs": 0
    },
    {
      "cell_number": 5,
      "code": "",
      "outputs": 0
    },
    {
      "cell_number": 6,
      "code": "",
      "outputs": 0
    },
    {
      "cell_number": 7,
      "code": "",
      "outputs": 0
    }
  ],
  "basic_metrics": {
    "total_classes": 2,
    "total_functions": 1,
    "total_imports": 2,
    "total_methods": 3,
    "language": "jupyter"
  },
  "import_analysis": {
    "standard_library": [],
    "third_party": [
      "abc.ABC",
      "abc.abstractmethod"
    ],
    "internal": [],
    "total_count": 2
  },
  "class_hierarchy": {
    "root_classes": [],
    "inheritance_chains": [
      [
        "Car",
        "Vehicle"
      ]
    ],
    "interfaces": [],
    "abstract_classes": []
  },
  "call_graph": {
    "nodes": {
      "class:Vehicle": {
        "type": "class",
        "name": "Vehicle",
        "methods": [
          "method:Vehicle.drive",
          "method:Vehicle.start_engine"
        ]
      },
      "method:Vehicle.drive": {
        "type": "method",
        "class": "Vehicle",
        "name": "drive",
        "calls": [
          "print"
        ]
      },
      "method:Vehicle.start_engine": {
        "type": "method",
        "class": "Vehicle",
        "name": "start_engine",
        "calls": []
      },
      "class:Car": {
        "type": "class",
        "name": "Car",
        "methods": [
          "method:Car.start_engine"
        ]
      },
      "method:Car.start_engine": {
        "type": "method",
        "class": "Car",
        "name": "start_engine",
        "calls": [
          "print"
        ]
      },
      "function:operate_vehicle": {
        "type": "function",
        "name": "operate_vehicle",
        "calls": [
          "drive",
          "start_engine"
        ]
      }
    },
    "edges": [
      {
        "source": "function:operate_vehicle",
        "target": "method:Vehicle.drive",
        "type": "calls"
      },
      {
        "source": "function:operate_vehicle",
        "target": "method:Vehicle.start_engine",
        "type": "calls"
      }
    ],
    "entry_points": [],
    "external_calls": []
  },
  "relationships": {
    "inheritance": [
      {
        "child": "Vehicle",
        "parent": "ABC",
        "type": "inherits"
      },
      {
        "child": "Car",
        "parent": "Vehicle",
        "type": "inherits"
      }
    ],
    "composition": [],
    "association": [],
    "dependency": []
  },
  "complexity_analysis": {
    "class_metrics": {
      "Vehicle": {
        "method_count": 2,
        "attribute_count": 0,
        "field_count": 0,
        "complexity_score": 4
      },
      "Car": {
        "method_count": 1,
        "attribute_count": 0,
        "field_count": 0,
        "complexity_score": 2
      }
    },
    "method_metrics": {},
    "overall_metrics": {
      "total_classes": 2,
      "total_methods": 3,
      "total_functions": 1,
      "average_methods_per_class": 1.5,
      "total_imports": 2
    }
  },
  "structure_summary": {
    "total_components": 3,
    "architecture_type": "Object-Oriented",
    "main_components": [
      "Vehicle",
      "Car"
    ],
    "complexity_level": "Simple"
  }
}