{
  "filename": "tmpv9byyfgo.py",
  "language": "python",
  "classes": [],
  "functions": [
    {
      "name": "main",
      "line_start": 50,
      "calls": [
        "radio",
        "code_queries_page",
        "main_analysis_page",
        "title"
      ],
      "parameters": []
    },
    {
      "name": "main_analysis_page",
      "line_start": 61,
      "calls": [
        "markdown",
        "display_analysis_results",
        "file_uploader",
        "process_uploaded_file",
        "display_diagram",
        "title",
        "display_diagram_explanation"
      ],
      "parameters": []
    },
    {
      "name": "code_queries_page",
      "line_start": 86,
      "calls": [
        "markdown",
        "display_editable_graphviz",
        "display_current_diagram",
        "is_api_available",
        "error",
        "subheader",
        "warning",
        "title",
        "columns",
        "display_query_chat_interface"
      ],
      "parameters": []
    },
    {
      "name": "display_current_diagram",
      "line_start": 119,
      "calls": [
        "success",
        "exists",
        "error",
        "image"
      ],
      "parameters": []
    },
    {
      "name": "display_editable_graphviz",
      "line_start": 137,
      "calls": [
        "markdown",
        "button",
        "validate_graphviz_syntax",
        "text_area",
        "sleep",
        "spinner",
        "error",
        "warning",
        "columns",
        "download_button",
        "regenerate_diagram_from_edited_code",
        "splitext",
        "expander"
      ],
      "parameters": []
    },
    {
      "name": "validate_graphviz_syntax",
      "line_start": 218,
      "calls": [
        "findall",
        "count",
        "startswith",
        "len",
        "strip",
        "append"
      ],
      "parameters": [
        "graphviz_code"
      ]
    },
    {
      "name": "regenerate_diagram_from_edited_code",
      "line_start": 254,
      "calls": [
        "validate_graphviz_syntax",
        "group",
        "str",
        "replace",
        "Source",
        "splitext",
        "render",
        "join",
        "search"
      ],
      "parameters": []
    },
    {
      "name": "process_uploaded_file",
      "line_start": 306,
      "calls": [
        "NamedTemporaryFile",
        "success",
        "open",
        "str",
        "read",
        "parse_file",
        "spinner",
        "getvalue",
        "error",
        "lower",
        "write",
        "analyze_code",
        "splitext",
        "unlink",
        "exists"
      ],
      "parameters": [
        "uploaded_file"
      ]
    },
    {
      "name": "display_analysis_results",
      "line_start": 345,
      "calls": [
        "metric",
        "get",
        "len",
        "subheader",
        "columns",
        "info",
        "sum"
      ],
      "parameters": []
    },
    {
      "name": "display_diagram",
      "line_start": 380,
      "calls": [
        "image",
        "str",
        "spinner",
        "error",
        "checkbox",
        "subheader",
        "generate_diagram",
        "create_error_diagram",
        "create_simple_diagram",
        "exists"
      ],
      "parameters": []
    },
    {
      "name": "display_diagram_explanation",
      "line_start": 420,
      "calls": [
        "info",
        "spinner",
        "get_detailed_diagram_explanation",
        "subheader"
      ],
      "parameters": []
    },
    {
      "name": "display_query_chat_interface",
      "line_start": 435,
      "calls": [
        "markdown",
        "form_submit_button",
        "enumerate",
        "text_area",
        "button",
        "form",
        "columns",
        "write",
        "process_question",
        "strip"
      ],
      "parameters": []
    },
    {
      "name": "process_question",
      "line_start": 487,
      "calls": [
        "time",
        "get_code_analysis_response",
        "spinner",
        "append"
      ],
      "parameters": [
        "question"
      ]
    }
  ],
  "imports": [
    {
      "name": "streamlit",
      "alias": "st"
    },
    {
      "name": "os",
      "alias": null
    },
    {
      "name": "tempfile",
      "alias": null
    },
    {
      "name": "graphviz",
      "alias": null
    },
    {
      "name": "time",
      "alias": null
    },
    {
      "name": "re",
      "alias": null
    },
    {
      "name": "parser_module.parse_file",
      "alias": null,
      "module": "parser_module"
    },
    {
      "name": "analyzer.analyze_code",
      "alias": null,
      "module": "analyzer"
    },
    {
      "name": "diagram_generator.generate_diagram",
      "alias": null,
      "module": "diagram_generator"
    },
    {
      "name": "diagram_generator.create_simple_diagram",
      "alias": null,
      "module": "diagram_generator"
    },
    {
      "name": "diagram_generator.create_error_diagram",
      "alias": null,
      "module": "diagram_generator"
    },
    {
      "name": "llm_integration.get_detailed_diagram_explanation",
      "alias": null,
      "module": "llm_integration"
    },
    {
      "name": "llm_integration.get_code_analysis_response",
      "alias": null,
      "module": "llm_integration"
    },
    {
      "name": "llm_integration.is_api_available",
      "alias": null,
      "module": "llm_integration"
    }
  ],
  "global_variables": [],
  "structure": [
    {
      "type": "function",
      "name": "main",
      "line": 50
    },
    {
      "type": "function",
      "name": "main_analysis_page",
      "line": 61
    },
    {
      "type": "function",
      "name": "code_queries_page",
      "line": 86
    },
    {
      "type": "function",
      "name": "display_current_diagram",
      "line": 119
    },
    {
      "type": "function",
      "name": "display_editable_graphviz",
      "line": 137
    },
    {
      "type": "function",
      "name": "validate_graphviz_syntax",
      "line": 218
    },
    {
      "type": "function",
      "name": "regenerate_diagram_from_edited_code",
      "line": 254
    },
    {
      "type": "function",
      "name": "process_uploaded_file",
      "line": 306
    },
    {
      "type": "function",
      "name": "display_analysis_results",
      "line": 345
    },
    {
      "type": "function",
      "name": "display_diagram",
      "line": 380
    },
    {
      "type": "function",
      "name": "display_diagram_explanation",
      "line": 420
    },
    {
      "type": "function",
      "name": "display_query_chat_interface",
      "line": 435
    },
    {
      "type": "function",
      "name": "process_question",
      "line": 487
    }
  ]
}