{
  "filename": "tmpvp6li2x7.ipynb",
  "language": "jupyter",
  "classes": [
    {
      "name": "Vehicle",
      "line_start": 5,
      "methods": [
        {
          "name": "drive",
          "calls": [
            "print"
          ],
          "line_start": 6,
          "parameters": []
        },
        {
          "name": "start_engine",
          "calls": [],
          "line_start": 10,
          "parameters": []
        }
      ],
      "attributes": [],
      "bases": [
        "ABC"
      ]
    },
    {
      "name": "Car",
      "line_start": 13,
      "methods": [
        {
          "name": "start_engine",
          "calls": [
            "print"
          ],
          "line_start": 14,
          "parameters": []
        }
      ],
      "attributes": [],
      "bases": [
        "Vehicle"
      ]
    }
  ],
  "functions": [
    {
      "name": "operate_vehicle",
      "line_start": 17,
      "calls": [
        "drive",
        "start_engine"
      ],
      "parameters": [
        "vehicle"
      ]
    }
  ],
  "imports": [
    {
      "name": "abc.ABC",
      "alias": null,
      "module": "abc"
    },
    {
      "name": "abc.abstractmethod",
      "alias": null,
      "module": "abc"
    }
  ],
  "global_variables": [
    "car"
  ],
  "structure": [
    {
      "type": "class",
      "name": "Vehicle",
      "line": 5
    },
    {
      "type": "class",
      "name": "Car",
      "line": 13
    },
    {
      "type": "function",
      "name": "operate_vehicle",
      "line": 17
    }
  ],
  "code_cells": [
    {
      "cell_number": 2,
      "code": "from abc import ABC,abstractmethod\n\n## Abstract base cclass\nclass Vehicle(ABC):\n    def drive(self):\n        print(\"The vehicle is used for driving\")\n\n    @abstractmethod\n    def start_engine(self):\n        pass\n\nclass Car(Vehicle):\n    def start_engine(self):\n        print(\"Car enginer started\")\n\ndef operate_vehicle(vehicle):\n    vehicle.start_engine()\n    vehicle.drive()\n\ncar=Car()\noperate_vehicle(car)\n\n",
      "outputs": 1
    },
    {
      "cell_number": 3,
      "code": "",
      "outputs": 0
    },
    {
      "cell_number": 4,
      "code": "",
      "outputs": 0
    },
    {
      "cell_number": 5,
      "code": "",
      "outputs": 0
    },
    {
      "cell_number": 6,
      "code": "",
      "outputs": 0
    },
    {
      "cell_number": 7,
      "code": "",
      "outputs": 0
    }
  ]
}