{
  "filename": "tmpwzi5vfrw.java",
  "language": "java",
  "classes": [
    {
      "name": "Calculator",
      "methods": [
        {
          "name": "add",
          "return_type": "BasicType(dimensions=[], name=double)",
          "parameters": [
            {
              "type": "BasicType(dimensions=[], name=double)",
              "name": "a"
            },
            {
              "type": "BasicType(dimensions=[], name=double)",
              "name": "b"
            }
          ],
          "modifiers": [
            "public"
          ]
        },
        {
          "name": "subtract",
          "return_type": "BasicType(dimensions=[], name=double)",
          "parameters": [
            {
              "type": "BasicType(dimensions=[], name=double)",
              "name": "a"
            },
            {
              "type": "BasicType(dimensions=[], name=double)",
              "name": "b"
            }
          ],
          "modifiers": [
            "public"
          ]
        },
        {
          "name": "displayResult",
          "return_type": "void",
          "parameters": [],
          "modifiers": [
            "private"
          ]
        }
      ],
      "fields": [
        {
          "name": "result",
          "type": "BasicType(dimensions=[], name=double)",
          "modifiers": [
            "private"
          ]
        }
      ],
      "extends": null,
      "implements": []
    },
    {
      "name": "ScientificCalculator",
      "methods": [
        {
          "name": "power",
          "return_type": "BasicType(dimensions=[], name=double)",
          "parameters": [
            {
              "type": "BasicType(dimensions=[], name=double)",
              "name": "base"
            },
            {
              "type": "BasicType(dimensions=[], name=double)",
              "name": "exponent"
            }
          ],
          "modifiers": [
            "public"
          ]
        }
      ],
      "fields": [],
      "extends": "Calculator",
      "implements": []
    }
  ],
  "methods": [],
  "imports": [
    {
      "path": "java.util.List",
      "static": false
    },
    {
      "path": "java.util.ArrayList",
      "static": false
    }
  ],
  "structure": [
    {
      "type": "method",
      "class": "Calculator",
      "name": "add"
    },
    {
      "type": "method",
      "class": "Calculator",
      "name": "subtract"
    },
    {
      "type": "method",
      "class": "Calculator",
      "name": "displayResult"
    },
    {
      "type": "class",
      "name": "Calculator"
    },
    {
      "type": "method",
      "class": "ScientificCalculator",
      "name": "power"
    },
    {
      "type": "class",
      "name": "ScientificCalculator"
    }
  ]
}