{
  "filename": "tmpwfy921ze.ipynb",
  "language": "jupyter",
  "classes": [
    {
      "name": "Car",
      "line_start": 3,
      "methods": [],
      "attributes": [],
      "bases": []
    },
    {
      "name": "Dog",
      "line_start": 31,
      "methods": [
        {
          "name": "__init__",
          "calls": [],
          "line_start": 33,
          "parameters": [
            "name",
            "age"
          ]
        }
      ],
      "attributes": [],
      "bases": []
    },
    {
      "name": "Dog",
      "line_start": 52,
      "methods": [
        {
          "name": "__init__",
          "calls": [],
          "line_start": 53,
          "parameters": [
            "name",
            "age"
          ]
        },
        {
          "name": "bark",
          "calls": [
            "print"
          ],
          "line_start": 57,
          "parameters": []
        }
      ],
      "attributes": [],
      "bases": []
    },
    {
      "name": "BankAccount",
      "line_start": 72,
      "methods": [
        {
          "name": "__init__",
          "calls": [],
          "line_start": 73,
          "parameters": [
            "owner",
            "balance"
          ]
        },
        {
          "name": "deposit",
          "calls": [
            "print"
          ],
          "line_start": 77,
          "parameters": [
            "amount"
          ]
        },
        {
          "name": "withdraw",
          "calls": [
            "print"
          ],
          "line_start": 81,
          "parameters": [
            "amount"
          ]
        },
        {
          "name": "get_balance",
          "calls": [],
          "line_start": 88,
          "parameters": []
        }
      ],
      "attributes": [],
      "bases": []
    }
  ],
  "functions": [],
  "imports": [],
  "global_variables": [
    "audi",
    "bmw",
    "tata",
    "dog1",
    "dog2",
    "dog1",
    "dog2",
    "account"
  ],
  "structure": [
    {
      "type": "class",
      "name": "Car",
      "line": 3
    },
    {
      "type": "class",
      "name": "Dog",
      "line": 31
    },
    {
      "type": "class",
      "name": "Dog",
      "line": 52
    },
    {
      "type": "class",
      "name": "BankAccount",
      "line": 72
    }
  ],
  "code_cells": [
    {
      "cell_number": 2,
      "code": "### A class is a blue print for creating objects. Attributes,methods\nclass Car:\n    pass\n\naudi=Car()\nbmw=Car()\n\nprint(type(audi))\n",
      "outputs": 1
    },
    {
      "cell_number": 3,
      "code": "print(audi)\nprint(bmw)",
      "outputs": 1
    },
    {
      "cell_number": 4,
      "code": "audi.windows=4\n\nprint(audi.windows)",
      "outputs": 1
    },
    {
      "cell_number": 5,
      "code": "tata=Car()\ntata.doors=4\nprint(tata.windows)",
      "outputs": 1
    },
    {
      "cell_number": 6,
      "code": "dir(tata)",
      "outputs": 1
    },
    {
      "cell_number": 7,
      "code": "### Instance Variable and Methods\nclass Dog:\n    ## constructor\n    def __init__(self,name,age):\n        self.name=name\n        self.age=age\n\n## create objects\ndog1=Dog(\"Buddy\",3)\nprint(dog1)\nprint(dog1.name)\nprint(dog1.age)\n    \n    ",
      "outputs": 1
    },
    {
      "cell_number": 8,
      "code": "dog2=Dog(\"Lucy\",4)\nprint(dog2.name)\nprint(dog2.age)",
      "outputs": 1
    },
    {
      "cell_number": 9,
      "code": "## Define a class with instance methods\nclass Dog:\n    def __init__(self,name,age):\n        self.name=name\n        self.age=age\n    \n    def bark(self):\n        print(f\"{self.name} says woof\")\n\n\ndog1=Dog(\"Buddy\",3)\ndog1.bark()\ndog2=Dog(\"Lucy\",4)\ndog2.bark()\n\n",
      "outputs": 1
    },
    {
      "cell_number": 10,
      "code": "### Modeling a Bank Account\n\n## Define a class for bank account\nclass BankAccount:\n    def __init__(self,owner,balance=0):\n        self.owner=owner\n        self.balance=balance\n\n    def deposit(self,amount):\n        self.balance+=amount\n        print(f\"{amount} is deposited. New balance is {self.balance}\")\n\n    def withdraw(self,amount):\n        if amount>self.balance:\n            print(\"Insufficient funds!\")\n        else:\n            self.balance-=amount\n            print(f\"{amount} is withdrawn. New Balance is {self.balance}\")\n\n    def get_balance(self):\n        return self.balance\n    \n## create an account\n\naccount=BankAccount(\"Krish\",5000)\nprint(account.balance)\n\n    ",
      "outputs": 1
    },
    {
      "cell_number": 12,
      "code": "## Call isntance methods\naccount.deposit(100)",
      "outputs": 1
    },
    {
      "cell_number": 13,
      "code": "account.withdraw(300)",
      "outputs": 1
    },
    {
      "cell_number": 14,
      "code": "print(account.get_balance())",
      "outputs": 1
    },
    {
      "cell_number": 16,
      "code": "",
      "outputs": 0
    },
    {
      "cell_number": 17,
      "code": "",
      "outputs": 0
    },
    {
      "cell_number": 18,
      "code": "",
      "outputs": 0
    }
  ]
}