{
  "filename": "tmpx43lan8k.py",
  "language": "python",
  "classes": [],
  "functions": [
    {
      "name": "parse_python_file",
      "line_start": 5,
      "calls": [
        "isinstance",
        "append",
        "extract_function_calls",
        "open",
        "walk",
        "read",
        "parse"
      ],
      "parameters": [
        "file_path"
      ]
    },
    {
      "name": "extract_function_calls",
      "line_start": 33,
      "calls": [
        "walk",
        "isinstance",
        "append"
      ],
      "parameters": [
        "node"
      ]
    }
  ],
  "imports": [
    {
      "name": "ast",
      "alias": null
    },
    {
      "name": "json",
      "alias": null
    }
  ],
  "global_variables": [],
  "structure": [
    {
      "type": "function",
      "name": "parse_python_file",
      "line": 5
    },
    {
      "type": "function",
      "name": "extract_function_calls",
      "line": 33
    }
  ]
}