{
  "filename": "tmpy0_dibd2.ipynb",
  "language": "jupyter",
  "classes": [
    {
      "name": "Person",
      "line_start": 12,
      "methods": [],
      "attributes": [],
      "bases": []
    },
    {
      "name": "Person",
      "line_start": 23,
      "methods": [
        {
          "name": "__init__",
          "calls": [],
          "line_start": 24,
          "parameters": [
            "name",
            "age"
          ]
        }
      ],
      "attributes": [],
      "bases": []
    },
    {
      "name": "Person",
      "line_start": 32,
      "methods": [
        {
          "name": "__init__",
          "calls": [],
          "line_start": 33,
          "parameters": [
            "name",
            "age"
          ]
        },
        {
          "name": "__str__",
          "calls": [],
          "line_start": 37,
          "parameters": []
        },
        {
          "name": "__repr__",
          "calls": [],
          "line_start": 40,
          "parameters": []
        }
      ],
      "attributes": [],
      "bases": []
    }
  ],
  "functions": [],
  "imports": [],
  "global_variables": [
    "person",
    "person",
    "person"
  ],
  "structure": [
    {
      "type": "class",
      "name": "Person",
      "line": 12
    },
    {
      "type": "class",
      "name": "Person",
      "line": 23
    },
    {
      "type": "class",
      "name": "Person",
      "line": 32
    }
  ],
  "code_cells": [
    {
      "cell_number": 3,
      "code": "'''\n__init__': Initializes a new instance of a class.\n__str__: Returns a string representation of an object.\n__repr__: Returns an official string representation of an object.\n__len__: Returns the length of an object.\n__getitem__: Gets an item from a container.\n__setitem__: Sets an item in a container.\n'''",
      "outputs": 1
    },
    {
      "cell_number": 4,
      "code": "class Person:\n    pass\n\nperson=Person()\ndir(person)",
      "outputs": 1
    },
    {
      "cell_number": 5,
      "code": "print(person)",
      "outputs": 1
    },
    {
      "cell_number": 6,
      "code": "## Basics MEthods\nclass Person:\n    def __init__(self,name,age):\n        self.name=name\n        self.age=age\nperson=Person(\"KRish\",34)\nprint(person)",
      "outputs": 1
    },
    {
      "cell_number": 7,
      "code": "## Basics MEthods\nclass Person:\n    def __init__(self,name,age):\n        self.name=name\n        self.age=age\n    \n    def __str__(self):\n        return f\"{self.name},{self.age} years old\"\n    \n    def __repr__(self):\n        return f\"Person(name={self.name},age={self.age})\"\n    \nperson=Person(\"KRish\",34)\nprint(person)\nprint(repr(person))",
      "outputs": 1
    },
    {
      "cell_number": 8,
      "code": "",
      "outputs": 0
    }
  ]
}