{
  "filename": "tmpzq_adb0e.py",
  "language": "python",
  "classes": [
    {
      "name": "CodeAnalyzer",
      "line_start": 7,
      "methods": [
        {
          "name": "__init__",
          "calls": [],
          "line_start": 10,
          "parameters": []
        },
        {
          "name": "analyze",
          "calls": [
            "_safe_execute",
            "copy",
            "print"
          ],
          "line_start": 14,
          "parameters": [
            "parsed_data"
          ]
        },
        {
          "name": "_safe_execute",
          "calls": [
            "analysis_func",
            "print"
          ],
          "line_start": 36,
          "parameters": [
            "analysis_func",
            "analysis_name"
          ]
        },
        {
          "name": "_analyze_basic_metrics",
          "calls": [
            "_safe_get_list_from_dict",
            "len",
            "_safe_get_list",
            "get",
            "sum"
          ],
          "line_start": 44,
          "parameters": []
        },
        {
          "name": "_analyze_imports",
          "calls": [
            "_extract_module_name",
            "startswith",
            "append",
            "len",
            "_safe_get_list",
            "any"
          ],
          "line_start": 62,
          "parameters": []
        },
        {
          "name": "_analyze_class_hierarchy",
          "calls": [
            "_build_inheritance_chain",
            "_is_root_class",
            "append",
            "len",
            "_safe_get_list",
            "get"
          ],
          "line_start": 102,
          "parameters": []
        },
        {
          "name": "_analyze_call_graph",
          "calls": [
            "_build_call_edges",
            "_safe_get_list_from_dict",
            "append",
            "isinstance",
            "_safe_get_list",
            "get"
          ],
          "line_start": 126,
          "parameters": []
        },
        {
          "name": "_analyze_relationships",
          "calls": [
            "_safe_get_list_from_dict",
            "append",
            "isinstance",
            "_safe_get_list",
            "get",
            "any"
          ],
          "line_start": 181,
          "parameters": []
        },
        {
          "name": "_analyze_complexity",
          "calls": [
            "len",
            "_safe_get_list",
            "_safe_get_list_from_dict",
            "get"
          ],
          "line_start": 236,
          "parameters": []
        },
        {
          "name": "_analyze_structure",
          "calls": [
            "_determine_architecture_type",
            "_safe_get_list_from_dict",
            "_assess_complexity_level",
            "len",
            "_safe_get_list",
            "get",
            "sorted"
          ],
          "line_start": 271,
          "parameters": []
        },
        {
          "name": "_safe_get_list",
          "calls": [
            "isinstance",
            "get"
          ],
          "line_start": 298,
          "parameters": [
            "key"
          ]
        },
        {
          "name": "_safe_get_list_from_dict",
          "calls": [
            "isinstance",
            "get"
          ],
          "line_start": 305,
          "parameters": [
            "data_dict",
            "key"
          ]
        },
        {
          "name": "_extract_module_name",
          "calls": [
            "isinstance",
            "get",
            "str"
          ],
          "line_start": 314,
          "parameters": [
            "imp"
          ]
        },
        {
          "name": "_is_root_class",
          "calls": [
            "all",
            "_safe_get_list_from_dict",
            "get"
          ],
          "line_start": 320,
          "parameters": [
            "cls"
          ]
        },
        {
          "name": "_build_inheritance_chain",
          "calls": [
            "_build_inheritance_chain",
            "extend",
            "_safe_get_list_from_dict",
            "next",
            "get"
          ],
          "line_start": 328,
          "parameters": [
            "cls",
            "all_classes"
          ]
        },
        {
          "name": "_build_call_edges",
          "calls": [
            "_find_call_target",
            "_safe_get_list_from_dict",
            "append",
            "items"
          ],
          "line_start": 352,
          "parameters": [
            "call_graph"
          ]
        },
        {
          "name": "_find_call_target",
          "calls": [
            "isinstance",
            "items"
          ],
          "line_start": 363,
          "parameters": [
            "call_name",
            "nodes"
          ]
        },
        {
          "name": "_determine_architecture_type",
          "calls": [
            "len",
            "_safe_get_list"
          ],
          "line_start": 383,
          "parameters": []
        },
        {
          "name": "_assess_complexity_level",
          "calls": [
            "sum",
            "len",
            "_safe_get_list",
            "_safe_get_list_from_dict"
          ],
          "line_start": 397,
          "parameters": []
        }
      ],
      "attributes": [],
      "bases": []
    }
  ],
  "functions": [
    {
      "name": "analyze_code",
      "line_start": 417,
      "calls": [
        "CodeAnalyzer",
        "open",
        "dump",
        "splitext",
        "makedirs",
        "get",
        "join",
        "print",
        "analyze"
      ],
      "parameters": [
        "parsed_data",
        "save_json"
      ]
    }
  ],
  "imports": [
    {
      "name": "json",
      "alias": null
    },
    {
      "name": "typing.Dict",
      "alias": null,
      "module": "typing"
    },
    {
      "name": "typing.List",
      "alias": null,
      "module": "typing"
    },
    {
      "name": "typing.Any",
      "alias": null,
      "module": "typing"
    },
    {
      "name": "typing.Set",
      "alias": null,
      "module": "typing"
    },
    {
      "name": "typing.Tuple",
      "alias": null,
      "module": "typing"
    },
    {
      "name": "collections.defaultdict",
      "alias": null,
      "module": "collections"
    },
    {
      "name": "collections.deque",
      "alias": null,
      "module": "collections"
    },
    {
      "name": "os",
      "alias": null
    }
  ],
  "global_variables": [],
  "structure": [
    {
      "type": "class",
      "name": "CodeAnalyzer",
      "line": 7
    },
    {
      "type": "function",
      "name": "analyze_code",
      "line": 417
    }
  ]
}