{
  "filename": "tmpzt2k37ab.py",
  "language": "python",
  "classes": [
    {
      "name": "CodeAnalyzer",
      "line_start": 7,
      "methods": [
        {
          "name": "__init__",
          "calls": [],
          "line_start": 10,
          "parameters": []
        },
        {
          "name": "analyze",
          "calls": [
            "copy",
            "_safe_execute",
            "print"
          ],
          "line_start": 14,
          "parameters": [
            "parsed_data"
          ]
        },
        {
          "name": "_safe_execute",
          "calls": [
            "analysis_func",
            "print"
          ],
          "line_start": 36,
          "parameters": [
            "analysis_func",
            "analysis_name"
          ]
        },
        {
          "name": "_analyze_basic_metrics",
          "calls": [
            "sum",
            "_safe_get_list",
            "len",
            "_safe_get_list_from_dict",
            "get"
          ],
          "line_start": 44,
          "parameters": []
        },
        {
          "name": "_analyze_imports",
          "calls": [
            "_extract_module_name",
            "_safe_get_list",
            "startswith",
            "len",
            "any",
            "append"
          ],
          "line_start": 62,
          "parameters": []
        },
        {
          "name": "_analyze_class_hierarchy",
          "calls": [
            "_build_inheritance_chain",
            "_safe_get_list",
            "len",
            "_is_root_class",
            "get",
            "append"
          ],
          "line_start": 102,
          "parameters": []
        },
        {
          "name": "_analyze_call_graph",
          "calls": [
            "_safe_get_list",
            "isinstance",
            "_safe_get_list_from_dict",
            "get",
            "append",
            "_build_call_edges"
          ],
          "line_start": 126,
          "parameters": []
        },
        {
          "name": "_analyze_relationships",
          "calls": [
            "_safe_get_list",
            "isinstance",
            "any",
            "_safe_get_list_from_dict",
            "get",
            "append"
          ],
          "line_start": 181,
          "parameters": []
        },
        {
          "name": "_analyze_complexity",
          "calls": [
            "get",
            "_safe_get_list",
            "len",
            "_safe_get_list_from_dict"
          ],
          "line_start": 236,
          "parameters": []
        },
        {
          "name": "_analyze_structure",
          "calls": [
            "_assess_complexity_level",
            "_safe_get_list",
            "sorted",
            "len",
            "_safe_get_list_from_dict",
            "_determine_architecture_type",
            "get"
          ],
          "line_start": 271,
          "parameters": []
        },
        {
          "name": "_safe_get_list",
          "calls": [
            "isinstance",
            "get"
          ],
          "line_start": 298,
          "parameters": [
            "key"
          ]
        },
        {
          "name": "_safe_get_list_from_dict",
          "calls": [
            "isinstance",
            "get"
          ],
          "line_start": 305,
          "parameters": [
            "data_dict",
            "key"
          ]
        },
        {
          "name": "_extract_module_name",
          "calls": [
            "isinstance",
            "get",
            "str"
          ],
          "line_start": 314,
          "parameters": [
            "imp"
          ]
        },
        {
          "name": "_is_root_class",
          "calls": [
            "get",
            "all",
            "_safe_get_list_from_dict"
          ],
          "line_start": 320,
          "parameters": [
            "cls"
          ]
        },
        {
          "name": "_build_inheritance_chain",
          "calls": [
            "_build_inheritance_chain",
            "next",
            "extend",
            "_safe_get_list_from_dict",
            "get"
          ],
          "line_start": 328,
          "parameters": [
            "cls",
            "all_classes"
          ]
        },
        {
          "name": "_build_call_edges",
          "calls": [
            "_find_call_target",
            "append",
            "items",
            "_safe_get_list_from_dict"
          ],
          "line_start": 352,
          "parameters": [
            "call_graph"
          ]
        },
        {
          "name": "_find_call_target",
          "calls": [
            "isinstance",
            "items"
          ],
          "line_start": 363,
          "parameters": [
            "call_name",
            "nodes"
          ]
        },
        {
          "name": "_determine_architecture_type",
          "calls": [
            "_safe_get_list",
            "len"
          ],
          "line_start": 383,
          "parameters": []
        },
        {
          "name": "_assess_complexity_level",
          "calls": [
            "_safe_get_list_from_dict",
            "sum",
            "_safe_get_list",
            "len"
          ],
          "line_start": 397,
          "parameters": []
        }
      ],
      "attributes": [],
      "bases": []
    }
  ],
  "functions": [
    {
      "name": "analyze_code",
      "line_start": 417,
      "calls": [
        "dump",
        "open",
        "splitext",
        "makedirs",
        "CodeAnalyzer",
        "print",
        "join",
        "get",
        "analyze"
      ],
      "parameters": [
        "parsed_data",
        "save_json"
      ]
    }
  ],
  "imports": [
    {
      "name": "json",
      "alias": null
    },
    {
      "name": "typing.Dict",
      "alias": null,
      "module": "typing"
    },
    {
      "name": "typing.List",
      "alias": null,
      "module": "typing"
    },
    {
      "name": "typing.Any",
      "alias": null,
      "module": "typing"
    },
    {
      "name": "typing.Set",
      "alias": null,
      "module": "typing"
    },
    {
      "name": "typing.Tuple",
      "alias": null,
      "module": "typing"
    },
    {
      "name": "collections.defaultdict",
      "alias": null,
      "module": "collections"
    },
    {
      "name": "collections.deque",
      "alias": null,
      "module": "collections"
    },
    {
      "name": "os",
      "alias": null
    }
  ],
  "global_variables": [],
  "structure": [
    {
      "type": "class",
      "name": "CodeAnalyzer",
      "line": 7
    },
    {
      "type": "function",
      "name": "analyze_code",
      "line": 417
    }
  ],
  "basic_metrics": {
    "total_classes": 1,
    "total_functions": 1,
    "total_imports": 9,
    "total_methods": 19,
    "language": "python"
  },
  "import_analysis": {
    "standard_library": [
      "json",
      "typing.Dict",
      "typing.List",
      "typing.Any",
      "typing.Set",
      "typing.Tuple",
      "collections.defaultdict",
      "collections.deque",
      "os"
    ],
    "third_party": [],
    "internal": [],
    "total_count": 9
  },
  "class_hierarchy": {
    "root_classes": [
      "CodeAnalyzer"
    ],
    "inheritance_chains": [],
    "interfaces": [],
    "abstract_classes": []
  },
  "call_graph": {
    "nodes": {
      "class:CodeAnalyzer": {
        "type": "class",
        "name": "CodeAnalyzer",
        "methods": [
          "method:CodeAnalyzer.__init__",
          "method:CodeAnalyzer.analyze",
          "method:CodeAnalyzer._safe_execute",
          "method:CodeAnalyzer._analyze_basic_metrics",
          "method:CodeAnalyzer._analyze_imports",
          "method:CodeAnalyzer._analyze_class_hierarchy",
          "method:CodeAnalyzer._analyze_call_graph",
          "method:CodeAnalyzer._analyze_relationships",
          "method:CodeAnalyzer._analyze_complexity",
          "method:CodeAnalyzer._analyze_structure",
          "method:CodeAnalyzer._safe_get_list",
          "method:CodeAnalyzer._safe_get_list_from_dict",
          "method:CodeAnalyzer._extract_module_name",
          "method:CodeAnalyzer._is_root_class",
          "method:CodeAnalyzer._build_inheritance_chain",
          "method:CodeAnalyzer._build_call_edges",
          "method:CodeAnalyzer._find_call_target",
          "method:CodeAnalyzer._determine_architecture_type",
          "method:CodeAnalyzer._assess_complexity_level"
        ]
      },
      "method:CodeAnalyzer.__init__": {
        "type": "method",
        "class": "CodeAnalyzer",
        "name": "__init__",
        "calls": []
      },
      "method:CodeAnalyzer.analyze": {
        "type": "method",
        "class": "CodeAnalyzer",
        "name": "analyze",
        "calls": [
          "copy",
          "_safe_execute",
          "print"
        ]
      },
      "method:CodeAnalyzer._safe_execute": {
        "type": "method",
        "class": "CodeAnalyzer",
        "name": "_safe_execute",
        "calls": [
          "analysis_func",
          "print"
        ]
      },
      "method:CodeAnalyzer._analyze_basic_metrics": {
        "type": "method",
        "class": "CodeAnalyzer",
        "name": "_analyze_basic_metrics",
        "calls": [
          "sum",
          "_safe_get_list",
          "len",
          "_safe_get_list_from_dict",
          "get"
        ]
      },
      "method:CodeAnalyzer._analyze_imports": {
        "type": "method",
        "class": "CodeAnalyzer",
        "name": "_analyze_imports",
        "calls": [
          "_extract_module_name",
          "_safe_get_list",
          "startswith",
          "len",
          "any",
          "append"
        ]
      },
      "method:CodeAnalyzer._analyze_class_hierarchy": {
        "type": "method",
        "class": "CodeAnalyzer",
        "name": "_analyze_class_hierarchy",
        "calls": [
          "_build_inheritance_chain",
          "_safe_get_list",
          "len",
          "_is_root_class",
          "get",
          "append"
        ]
      },
      "method:CodeAnalyzer._analyze_call_graph": {
        "type": "method",
        "class": "CodeAnalyzer",
        "name": "_analyze_call_graph",
        "calls": [
          "_safe_get_list",
          "isinstance",
          "_safe_get_list_from_dict",
          "get",
          "append",
          "_build_call_edges"
        ]
      },
      "method:CodeAnalyzer._analyze_relationships": {
        "type": "method",
        "class": "CodeAnalyzer",
        "name": "_analyze_relationships",
        "calls": [
          "_safe_get_list",
          "isinstance",
          "any",
          "_safe_get_list_from_dict",
          "get",
          "append"
        ]
      },
      "method:CodeAnalyzer._analyze_complexity": {
        "type": "method",
        "class": "CodeAnalyzer",
        "name": "_analyze_complexity",
        "calls": [
          "get",
          "_safe_get_list",
          "len",
          "_safe_get_list_from_dict"
        ]
      },
      "method:CodeAnalyzer._analyze_structure": {
        "type": "method",
        "class": "CodeAnalyzer",
        "name": "_analyze_structure",
        "calls": [
          "_assess_complexity_level",
          "_safe_get_list",
          "sorted",
          "len",
          "_safe_get_list_from_dict",
          "_determine_architecture_type",
          "get"
        ]
      },
      "method:CodeAnalyzer._safe_get_list": {
        "type": "method",
        "class": "CodeAnalyzer",
        "name": "_safe_get_list",
        "calls": [
          "isinstance",
          "get"
        ]
      },
      "method:CodeAnalyzer._safe_get_list_from_dict": {
        "type": "method",
        "class": "CodeAnalyzer",
        "name": "_safe_get_list_from_dict",
        "calls": [
          "isinstance",
          "get"
        ]
      },
      "method:CodeAnalyzer._extract_module_name": {
        "type": "method",
        "class": "CodeAnalyzer",
        "name": "_extract_module_name",
        "calls": [
          "isinstance",
          "get",
          "str"
        ]
      },
      "method:CodeAnalyzer._is_root_class": {
        "type": "method",
        "class": "CodeAnalyzer",
        "name": "_is_root_class",
        "calls": [
          "get",
          "all",
          "_safe_get_list_from_dict"
        ]
      },
      "method:CodeAnalyzer._build_inheritance_chain": {
        "type": "method",
        "class": "CodeAnalyzer",
        "name": "_build_inheritance_chain",
        "calls": [
          "_build_inheritance_chain",
          "next",
          "extend",
          "_safe_get_list_from_dict",
          "get"
        ]
      },
      "method:CodeAnalyzer._build_call_edges": {
        "type": "method",
        "class": "CodeAnalyzer",
        "name": "_build_call_edges",
        "calls": [
          "_find_call_target",
          "append",
          "items",
          "_safe_get_list_from_dict"
        ]
      },
      "method:CodeAnalyzer._find_call_target": {
        "type": "method",
        "class": "CodeAnalyzer",
        "name": "_find_call_target",
        "calls": [
          "isinstance",
          "items"
        ]
      },
      "method:CodeAnalyzer._determine_architecture_type": {
        "type": "method",
        "class": "CodeAnalyzer",
        "name": "_determine_architecture_type",
        "calls": [
          "_safe_get_list",
          "len"
        ]
      },
      "method:CodeAnalyzer._assess_complexity_level": {
        "type": "method",
        "class": "CodeAnalyzer",
        "name": "_assess_complexity_level",
        "calls": [
          "_safe_get_list_from_dict",
          "sum",
          "_safe_get_list",
          "len"
        ]
      },
      "function:analyze_code": {
        "type": "function",
        "name": "analyze_code",
        "calls": [
          "dump",
          "open",
          "splitext",
          "makedirs",
          "CodeAnalyzer",
          "print",
          "join",
          "get",
          "analyze"
        ]
      }
    },
    "edges": [
      {
        "source": "method:CodeAnalyzer.analyze",
        "target": "method:CodeAnalyzer._safe_execute",
        "type": "calls"
      },
      {
        "source": "method:CodeAnalyzer._analyze_basic_metrics",
        "target": "method:CodeAnalyzer._safe_get_list",
        "type": "calls"
      },
      {
        "source": "method:CodeAnalyzer._analyze_basic_metrics",
        "target": "method:CodeAnalyzer._safe_get_list_from_dict",
        "type": "calls"
      },
      {
        "source": "method:CodeAnalyzer._analyze_imports",
        "target": "method:CodeAnalyzer._extract_module_name",
        "type": "calls"
      },
      {
        "source": "method:CodeAnalyzer._analyze_imports",
        "target": "method:CodeAnalyzer._safe_get_list",
        "type": "calls"
      },
      {
        "source": "method:CodeAnalyzer._analyze_class_hierarchy",
        "target": "method:CodeAnalyzer._build_inheritance_chain",
        "type": "calls"
      },
      {
        "source": "method:CodeAnalyzer._analyze_class_hierarchy",
        "target": "method:CodeAnalyzer._safe_get_list",
        "type": "calls"
      },
      {
        "source": "method:CodeAnalyzer._analyze_class_hierarchy",
        "target": "method:CodeAnalyzer._is_root_class",
        "type": "calls"
      },
      {
        "source": "method:CodeAnalyzer._analyze_call_graph",
        "target": "method:CodeAnalyzer._safe_get_list",
        "type": "calls"
      },
      {
        "source": "method:CodeAnalyzer._analyze_call_graph",
        "target": "method:CodeAnalyzer._safe_get_list_from_dict",
        "type": "calls"
      },
      {
        "source": "method:CodeAnalyzer._analyze_call_graph",
        "target": "method:CodeAnalyzer._build_call_edges",
        "type": "calls"
      },
      {
        "source": "method:CodeAnalyzer._analyze_relationships",
        "target": "method:CodeAnalyzer._safe_get_list",
        "type": "calls"
      },
      {
        "source": "method:CodeAnalyzer._analyze_relationships",
        "target": "method:CodeAnalyzer._safe_get_list_from_dict",
        "type": "calls"
      },
      {
        "source": "method:CodeAnalyzer._analyze_complexity",
        "target": "method:CodeAnalyzer._safe_get_list",
        "type": "calls"
      },
      {
        "source": "method:CodeAnalyzer._analyze_complexity",
        "target": "method:CodeAnalyzer._safe_get_list_from_dict",
        "type": "calls"
      },
      {
        "source": "method:CodeAnalyzer._analyze_structure",
        "target": "method:CodeAnalyzer._assess_complexity_level",
        "type": "calls"
      },
      {
        "source": "method:CodeAnalyzer._analyze_structure",
        "target": "method:CodeAnalyzer._safe_get_list",
        "type": "calls"
      },
      {
        "source": "method:CodeAnalyzer._analyze_structure",
        "target": "method:CodeAnalyzer._safe_get_list_from_dict",
        "type": "calls"
      },
      {
        "source": "method:CodeAnalyzer._analyze_structure",
        "target": "method:CodeAnalyzer._determine_architecture_type",
        "type": "calls"
      },
      {
        "source": "method:CodeAnalyzer._is_root_class",
        "target": "method:CodeAnalyzer._safe_get_list_from_dict",
        "type": "calls"
      },
      {
        "source": "method:CodeAnalyzer._build_inheritance_chain",
        "target": "method:CodeAnalyzer._safe_get_list_from_dict",
        "type": "calls"
      },
      {
        "source": "method:CodeAnalyzer._build_call_edges",
        "target": "method:CodeAnalyzer._find_call_target",
        "type": "calls"
      },
      {
        "source": "method:CodeAnalyzer._build_call_edges",
        "target": "method:CodeAnalyzer._safe_get_list_from_dict",
        "type": "calls"
      },
      {
        "source": "method:CodeAnalyzer._determine_architecture_type",
        "target": "method:CodeAnalyzer._safe_get_list",
        "type": "calls"
      },
      {
        "source": "method:CodeAnalyzer._assess_complexity_level",
        "target": "method:CodeAnalyzer._safe_get_list_from_dict",
        "type": "calls"
      },
      {
        "source": "method:CodeAnalyzer._assess_complexity_level",
        "target": "method:CodeAnalyzer._safe_get_list",
        "type": "calls"
      },
      {
        "source": "function:analyze_code",
        "target": "class:CodeAnalyzer",
        "type": "calls"
      },
      {
        "source": "function:analyze_code",
        "target": "method:CodeAnalyzer.analyze",
        "type": "calls"
      }
    ],
    "entry_points": [],
    "external_calls": []
  },
  "relationships": {
    "inheritance": [],
    "composition": [],
    "association": [],
    "dependency": []
  },
  "complexity_analysis": {
    "class_metrics": {
      "CodeAnalyzer": {
        "method_count": 19,
        "attribute_count": 0,
        "field_count": 0,
        "complexity_score": 38
      }
    },
    "method_metrics": {},
    "overall_metrics": {
      "total_classes": 1,
      "total_methods": 19,
      "total_functions": 1,
      "average_methods_per_class": 19.0,
      "total_imports": 9
    }
  },
  "structure_summary": {
    "total_components": 2,
    "architecture_type": "Single-Class",
    "main_components": [
      "CodeAnalyzer"
    ],
    "complexity_level": "Complex"
  }
}